solid OpenSCAD_Model
  facet normal 0 0 -1
    outer loop
      vertex 10.5392 -36.3378 0
      vertex 47.6025 -23.3075 0
      vertex 10.5563 -36.4411 0
    endloop
  endfacet
  facet normal 0 0 -1
    outer loop
      vertex 47.6025 -16.1475 0
      vertex 10.5666 -3.10464 0
      vertex 10.57 -3 0
    endloop
  endfacet
  facet normal 0 0 -1
    outer loop
      vertex 10.5155 -36.2359 0
      vertex 47.6025 -23.3075 0
      vertex 10.5392 -36.3378 0
    endloop
  endfacet
  facet normal 0 0 -1
    outer loop
      vertex 47.6025 -16.1475 0
      vertex 10.5563 -3.20883 0
      vertex 10.5666 -3.10464 0
    endloop
  endfacet
  facet normal 0 0 -1
    outer loop
      vertex 10.4851 -36.1357 0
      vertex 47.6025 -23.3075 0
      vertex 10.5155 -36.2359 0
    endloop
  endfacet
  facet normal 0 0 -1
    outer loop
      vertex 47.6025 -16.1475 0
      vertex 10.5392 -3.31213 0
      vertex 10.5563 -3.20883 0
    endloop
  endfacet
  facet normal 0 0 -1
    outer loop
      vertex 10.4482 -36.0377 0
      vertex 47.6025 -23.3075 0
      vertex 10.4851 -36.1357 0
    endloop
  endfacet
  facet normal 0 0 -1
    outer loop
      vertex 47.6025 -16.1475 0
      vertex 10.5155 -3.41411 0
      vertex 10.5392 -3.31213 0
    endloop
  endfacet
  facet normal 0 0 -1
    outer loop
      vertex 10.405 -35.9423 0
      vertex 47.6025 -23.3075 0
      vertex 10.4482 -36.0377 0
    endloop
  endfacet
  facet normal 0 0 -1
    outer loop
      vertex 47.6025 -16.1475 0
      vertex 10.4851 -3.5143 0
      vertex 10.5155 -3.41411 0
    endloop
  endfacet
  facet normal 0 0 -1
    outer loop
      vertex 10.3556 -35.85 0
      vertex 47.6025 -23.3075 0
      vertex 10.405 -35.9423 0
    endloop
  endfacet
  facet normal 0 0 -1
    outer loop
      vertex 47.6025 -16.1475 0
      vertex 10.4482 -3.61229 0
      vertex 10.4851 -3.5143 0
    endloop
  endfacet
  facet normal 0 0 -1
    outer loop
      vertex 7.67999 -23.745 0
      vertex 47.6025 -23.3075 0
      vertex 10.3556 -35.85 0
    endloop
  endfacet
  facet normal 0 0 -1
    outer loop
      vertex 47.6025 -23.3075 0
      vertex 7.67999 -16.32 0
      vertex 47.6025 -16.1475 0
    endloop
  endfacet
  facet normal 0 0 -1
    outer loop
      vertex 7.67999 -16.32 0
      vertex 47.6025 -23.3075 0
      vertex 7.67999 -23.745 0
    endloop
  endfacet
  facet normal 0 -0 -1
    outer loop
      vertex 10.3556 -3.79999 0
      vertex 47.6025 -16.1475 0
      vertex 7.67999 -16.32 0
    endloop
  endfacet
  facet normal 0 0 -1
    outer loop
      vertex 7.67999 -23.745 0
      vertex 10.3556 -35.85 0
      vertex 10.3003 -35.7611 0
    endloop
  endfacet
  facet normal 0 0 -1
    outer loop
      vertex 47.6025 -16.1475 0
      vertex 10.405 -3.70766 0
      vertex 10.4482 -3.61229 0
    endloop
  endfacet
  facet normal 0 0 -1
    outer loop
      vertex 7.67999 -23.745 0
      vertex 10.3003 -35.7611 0
      vertex 10.2394 -35.676 0
    endloop
  endfacet
  facet normal 0 0 -1
    outer loop
      vertex 47.6025 -16.1475 0
      vertex 10.3556 -3.79999 0
      vertex 10.405 -3.70766 0
    endloop
  endfacet
  facet normal 0 0 -1
    outer loop
      vertex 7.67999 -23.745 0
      vertex 10.2394 -35.676 0
      vertex 10.1729 -35.595 0
    endloop
  endfacet
  facet normal 0 0 -1
    outer loop
      vertex 10.3556 -3.79999 0
      vertex 7.67999 -16.32 0
      vertex 10.3003 -3.8889 0
    endloop
  endfacet
  facet normal 0 0 -1
    outer loop
      vertex 7.67999 -23.745 0
      vertex 10.1729 -35.595 0
      vertex 10.1014 -35.5186 0
    endloop
  endfacet
  facet normal 0 0 -1
    outer loop
      vertex 10.3003 -3.8889 0
      vertex 7.67999 -16.32 0
      vertex 10.2394 -3.97401 0
    endloop
  endfacet
  facet normal 0 0 -1
    outer loop
      vertex 7.67999 -23.745 0
      vertex 10.1014 -35.5186 0
      vertex 10.0249 -35.4471 0
    endloop
  endfacet
  facet normal 0 0 -1
    outer loop
      vertex 10.2394 -3.97401 0
      vertex 7.67999 -16.32 0
      vertex 10.1729 -4.05495 0
    endloop
  endfacet
  facet normal 0 0 -1
    outer loop
      vertex 7.67999 -23.745 0
      vertex 10.0249 -35.4471 0
      vertex 9.94402 -35.3806 0
    endloop
  endfacet
  facet normal 0 0 -1
    outer loop
      vertex 10.1729 -4.05495 0
      vertex 7.67999 -16.32 0
      vertex 10.1014 -4.13136 0
    endloop
  endfacet
  facet normal 0 0 -1
    outer loop
      vertex 7.67999 -23.745 0
      vertex 9.94402 -35.3806 0
      vertex 9.8589 -35.3196 0
    endloop
  endfacet
  facet normal 0 0 -1
    outer loop
      vertex 10.1014 -4.13136 0
      vertex 7.67999 -16.32 0
      vertex 10.0249 -4.20294 0
    endloop
  endfacet
  facet normal 0 0 -1
    outer loop
      vertex 7.67999 -23.745 0
      vertex 9.8589 -35.3196 0
      vertex 9.76999 -35.2644 0
    endloop
  endfacet
  facet normal 0 0 -1
    outer loop
      vertex 10.0249 -4.20294 0
      vertex 7.67999 -16.32 0
      vertex 9.94402 -4.26936 0
    endloop
  endfacet
  facet normal 0 0 -1
    outer loop
      vertex 7.67999 -23.745 0
      vertex 9.76999 -35.2644 0
      vertex 9.67766 -35.215 0
    endloop
  endfacet
  facet normal 0 0 -1
    outer loop
      vertex 9.94402 -4.26936 0
      vertex 7.67999 -16.32 0
      vertex 9.8589 -4.33034 0
    endloop
  endfacet
  facet normal 0 0 -1
    outer loop
      vertex 7.67999 -23.745 0
      vertex 9.67766 -35.215 0
      vertex 9.58229 -35.1718 0
    endloop
  endfacet
  facet normal 0 0 -1
    outer loop
      vertex 9.8589 -4.33034 0
      vertex 7.67999 -16.32 0
      vertex 9.76999 -4.38564 0
    endloop
  endfacet
  facet normal 0 0 -1
    outer loop
      vertex 7.67999 -23.745 0
      vertex 9.58229 -35.1718 0
      vertex 9.4843 -35.1349 0
    endloop
  endfacet
  facet normal 0 0 -1
    outer loop
      vertex 9.76999 -4.38564 0
      vertex 7.67999 -16.32 0
      vertex 9.67766 -4.43498 0
    endloop
  endfacet
  facet normal 0 0 -1
    outer loop
      vertex 7.67999 -23.745 0
      vertex 9.4843 -35.1349 0
      vertex 9.38411 -35.1045 0
    endloop
  endfacet
  facet normal 0 0 -1
    outer loop
      vertex 9.67766 -4.43498 0
      vertex 7.67999 -16.32 0
      vertex 9.58229 -4.4782 0
    endloop
  endfacet
  facet normal 0 0 -1
    outer loop
      vertex 7.67999 -23.745 0
      vertex 9.38411 -35.1045 0
      vertex 9.28214 -35.0807 0
    endloop
  endfacet
  facet normal 0 0 -1
    outer loop
      vertex 9.58229 -4.4782 0
      vertex 7.67999 -16.32 0
      vertex 9.4843 -4.51508 0
    endloop
  endfacet
  facet normal 0 0 -1
    outer loop
      vertex 7.67999 -23.745 0
      vertex 9.28214 -35.0807 0
      vertex 9.17883 -35.0637 0
    endloop
  endfacet
  facet normal 0 0 -1
    outer loop
      vertex 9.4843 -4.51508 0
      vertex 7.67999 -16.32 0
      vertex 9.38411 -4.54547 0
    endloop
  endfacet
  facet normal 0 0 -1
    outer loop
      vertex 7.67999 -23.745 0
      vertex 9.17883 -35.0637 0
      vertex 9.07463 -35.0534 0
    endloop
  endfacet
  facet normal 0 0 -1
    outer loop
      vertex 9.38411 -4.54547 0
      vertex 7.67999 -16.32 0
      vertex 9.28214 -4.56924 0
    endloop
  endfacet
  facet normal 0 0 -1
    outer loop
      vertex 7.67999 -23.745 0
      vertex 9.07463 -35.0534 0
      vertex 8.96999 -35.05 0
    endloop
  endfacet
  facet normal 0 0 -1
    outer loop
      vertex 9.28214 -4.56924 0
      vertex 7.67999 -16.32 0
      vertex 9.17883 -4.5863 0
    endloop
  endfacet
  facet normal 0 0 -1
    outer loop
      vertex 9.17883 -4.5863 0
      vertex 7.67999 -16.32 0
      vertex 9.07463 -4.59657 0
    endloop
  endfacet
  facet normal 0 0 -1
    outer loop
      vertex 6.26999 -35.05 0
      vertex 7.67999 -23.745 0
      vertex 8.96999 -35.05 0
    endloop
  endfacet
  facet normal 0 0 -1
    outer loop
      vertex 6.16534 -35.0534 0
      vertex 7.67999 -23.745 0
      vertex 6.26999 -35.05 0
    endloop
  endfacet
  facet normal 0 0 -1
    outer loop
      vertex 6.06116 -35.0637 0
      vertex 7.67999 -23.745 0
      vertex 6.16534 -35.0534 0
    endloop
  endfacet
  facet normal 0 0 -1
    outer loop
      vertex 5.95786 -35.0807 0
      vertex 7.67999 -23.745 0
      vertex 6.06116 -35.0637 0
    endloop
  endfacet
  facet normal 0 0 -1
    outer loop
      vertex 5.85588 -35.1045 0
      vertex 7.67999 -23.745 0
      vertex 5.95786 -35.0807 0
    endloop
  endfacet
  facet normal 0 0 -1
    outer loop
      vertex 1.26999 -23.745 0
      vertex 5.85588 -35.1045 0
      vertex 5.75569 -35.1349 0
    endloop
  endfacet
  facet normal 0 0 -1
    outer loop
      vertex 1.26999 -23.745 0
      vertex 5.75569 -35.1349 0
      vertex 5.6577 -35.1718 0
    endloop
  endfacet
  facet normal 0 0 -1
    outer loop
      vertex 1.26999 -23.745 0
      vertex 5.6577 -35.1718 0
      vertex 5.56233 -35.215 0
    endloop
  endfacet
  facet normal 0 0 -1
    outer loop
      vertex 1.26999 -23.745 0
      vertex 5.56233 -35.215 0
      vertex 5.46999 -35.2644 0
    endloop
  endfacet
  facet normal 0 0 -1
    outer loop
      vertex 1.26999 -23.745 0
      vertex 5.46999 -35.2644 0
      vertex 5.38107 -35.3196 0
    endloop
  endfacet
  facet normal 0 0 -1
    outer loop
      vertex 1.26999 -23.745 0
      vertex 5.38107 -35.3196 0
      vertex 5.29597 -35.3806 0
    endloop
  endfacet
  facet normal 0 0 -1
    outer loop
      vertex 1.26999 -23.745 0
      vertex 5.29597 -35.3806 0
      vertex 5.21504 -35.4471 0
    endloop
  endfacet
  facet normal 0 0 -1
    outer loop
      vertex 1.26999 -23.745 0
      vertex 5.21504 -35.4471 0
      vertex 5.13863 -35.5186 0
    endloop
  endfacet
  facet normal 0 0 -1
    outer loop
      vertex 1.26999 -23.745 0
      vertex 5.13863 -35.5186 0
      vertex 5.06705 -35.595 0
    endloop
  endfacet
  facet normal 0 0 -1
    outer loop
      vertex 1.26999 -23.745 0
      vertex 5.06705 -35.595 0
      vertex 5.00063 -35.676 0
    endloop
  endfacet
  facet normal 0 0 -1
    outer loop
      vertex 1.26999 -23.745 0
      vertex 5.00063 -35.676 0
      vertex 4.93964 -35.7611 0
    endloop
  endfacet
  facet normal 0 0 -1
    outer loop
      vertex 0 -39.15 0
      vertex 4.93964 -35.7611 0
      vertex 4.88435 -35.85 0
    endloop
  endfacet
  facet normal 0 0 -1
    outer loop
      vertex 0 -39.15 0
      vertex 4.88435 -35.85 0
      vertex 4.83499 -35.9423 0
    endloop
  endfacet
  facet normal 0 0 -1
    outer loop
      vertex 0 -39.15 0
      vertex 4.83499 -35.9423 0
      vertex 4.79178 -36.0377 0
    endloop
  endfacet
  facet normal 0 0 -1
    outer loop
      vertex 0 -39.15 0
      vertex 4.79178 -36.0377 0
      vertex 4.7549 -36.1357 0
    endloop
  endfacet
  facet normal 0 0 -1
    outer loop
      vertex 0 -39.15 0
      vertex 4.7549 -36.1357 0
      vertex 4.72452 -36.2359 0
    endloop
  endfacet
  facet normal 0 0 -1
    outer loop
      vertex 5.85588 -35.1045 0
      vertex 1.26999 -23.745 0
      vertex 7.67999 -23.745 0
    endloop
  endfacet
  facet normal 0 0 -1
    outer loop
      vertex 0 -39.15 0
      vertex 4.72452 -36.2359 0
      vertex 4.70073 -36.3378 0
    endloop
  endfacet
  facet normal 0 0 -1
    outer loop
      vertex 0 -39.15 0
      vertex 4.70073 -36.3378 0
      vertex 4.68369 -36.4411 0
    endloop
  endfacet
  facet normal 0 0 -1
    outer loop
      vertex 0 -39.15 0
      vertex 4.68369 -36.4411 0
      vertex 4.67342 -36.5453 0
    endloop
  endfacet
  facet normal 0 0 -1
    outer loop
      vertex 0 -39.15 0
      vertex 4.67342 -36.5453 0
      vertex 4.67 -36.65 0
    endloop
  endfacet
  facet normal 0 0 -1
    outer loop
      vertex 9.07463 -4.59657 0
      vertex 7.67999 -16.32 0
      vertex 8.96999 -4.59999 0
    endloop
  endfacet
  facet normal 0 0 -1
    outer loop
      vertex 7.67999 -16.32 0
      vertex 6.26999 -4.59999 0
      vertex 8.96999 -4.59999 0
    endloop
  endfacet
  facet normal 0 0 -1
    outer loop
      vertex 7.67999 -16.32 0
      vertex 6.16534 -4.59657 0
      vertex 6.26999 -4.59999 0
    endloop
  endfacet
  facet normal 0 0 -1
    outer loop
      vertex 7.67999 -16.32 0
      vertex 6.06116 -4.5863 0
      vertex 6.16534 -4.59657 0
    endloop
  endfacet
  facet normal 0 0 -1
    outer loop
      vertex 7.67999 -16.32 0
      vertex 5.95786 -4.56924 0
      vertex 6.06116 -4.5863 0
    endloop
  endfacet
  facet normal 0 0 -1
    outer loop
      vertex 7.67999 -16.32 0
      vertex 5.85588 -4.54547 0
      vertex 5.95786 -4.56924 0
    endloop
  endfacet
  facet normal 0 0 -1
    outer loop
      vertex 1.26999 -16.32 0
      vertex 5.85588 -4.54547 0
      vertex 7.67999 -16.32 0
    endloop
  endfacet
  facet normal -0 0 -1
    outer loop
      vertex 5.85588 -4.54547 0
      vertex 1.26999 -16.32 0
      vertex 5.75569 -4.51508 0
    endloop
  endfacet
  facet normal -0 0 -1
    outer loop
      vertex 5.75569 -4.51508 0
      vertex 1.26999 -16.32 0
      vertex 5.6577 -4.4782 0
    endloop
  endfacet
  facet normal -0 0 -1
    outer loop
      vertex 5.6577 -4.4782 0
      vertex 1.26999 -16.32 0
      vertex 5.56233 -4.43498 0
    endloop
  endfacet
  facet normal -0 0 -1
    outer loop
      vertex 5.56233 -4.43498 0
      vertex 1.26999 -16.32 0
      vertex 5.46999 -4.38564 0
    endloop
  endfacet
  facet normal -0 0 -1
    outer loop
      vertex 5.46999 -4.38564 0
      vertex 1.26999 -16.32 0
      vertex 5.38107 -4.33034 0
    endloop
  endfacet
  facet normal -0 0 -1
    outer loop
      vertex 5.38107 -4.33034 0
      vertex 1.26999 -16.32 0
      vertex 5.29597 -4.26936 0
    endloop
  endfacet
  facet normal -0 0 -1
    outer loop
      vertex 5.29597 -4.26936 0
      vertex 1.26999 -16.32 0
      vertex 5.21504 -4.20294 0
    endloop
  endfacet
  facet normal -0 0 -1
    outer loop
      vertex 5.21504 -4.20294 0
      vertex 1.26999 -16.32 0
      vertex 5.13863 -4.13136 0
    endloop
  endfacet
  facet normal -0 0 -1
    outer loop
      vertex 5.13863 -4.13136 0
      vertex 1.26999 -16.32 0
      vertex 5.06705 -4.05495 0
    endloop
  endfacet
  facet normal -0 0 -1
    outer loop
      vertex 5.06705 -4.05495 0
      vertex 1.26999 -16.32 0
      vertex 5.00063 -3.97401 0
    endloop
  endfacet
  facet normal -0 0 -1
    outer loop
      vertex 5.00063 -3.97401 0
      vertex 1.26999 -16.32 0
      vertex 4.93964 -3.8889 0
    endloop
  endfacet
  facet normal 0 0 -1
    outer loop
      vertex 0 -0.5 0
      vertex 4.93964 -3.8889 0
      vertex 1.26999 -16.32 0
    endloop
  endfacet
  facet normal 0 0 -1
    outer loop
      vertex 4.93964 -3.8889 0
      vertex 0 -0.5 0
      vertex 4.88435 -3.79999 0
    endloop
  endfacet
  facet normal 0 0 -1
    outer loop
      vertex 4.88435 -3.79999 0
      vertex 0 -0.5 0
      vertex 4.83499 -3.70766 0
    endloop
  endfacet
  facet normal 0 0 -1
    outer loop
      vertex 4.83499 -3.70766 0
      vertex 0 -0.5 0
      vertex 4.79178 -3.61229 0
    endloop
  endfacet
  facet normal 0 0 -1
    outer loop
      vertex 4.79178 -3.61229 0
      vertex 0 -0.5 0
      vertex 4.7549 -3.5143 0
    endloop
  endfacet
  facet normal 0 0 -1
    outer loop
      vertex 4.68369 -3.20883 0
      vertex 0 -0.5 0
      vertex 4.67342 -3.10464 0
    endloop
  endfacet
  facet normal 0 0 -1
    outer loop
      vertex 4.70073 -3.31213 0
      vertex 0 -0.5 0
      vertex 4.68369 -3.20883 0
    endloop
  endfacet
  facet normal 0 0 -1
    outer loop
      vertex 4.72452 -3.41411 0
      vertex 0 -0.5 0
      vertex 4.70073 -3.31213 0
    endloop
  endfacet
  facet normal 0 0 -1
    outer loop
      vertex 4.7549 -3.5143 0
      vertex 0 -0.5 0
      vertex 4.72452 -3.41411 0
    endloop
  endfacet
  facet normal 0 0 -1
    outer loop
      vertex 66.4193 -36.3378 0
      vertex 71.12 -39.15 0
      vertex 66.4363 -36.4411 0
    endloop
  endfacet
  facet normal 0 0 -1
    outer loop
      vertex 71.12 -0.5 0
      vertex 66.4466 -3.10464 0
      vertex 66.45 -3 0
    endloop
  endfacet
  facet normal 0 -0 -1
    outer loop
      vertex 65.9348 -19.825 0
      vertex 71.12 -39.15 0
      vertex 65.9278 -20.0388 0
    endloop
  endfacet
  facet normal 0 0 -1
    outer loop
      vertex 65.9278 -19.6112 0
      vertex 71.12 -0.5 0
      vertex 65.9348 -19.825 0
    endloop
  endfacet
  facet normal 0 0 -1
    outer loop
      vertex 66.3955 -36.2359 0
      vertex 71.12 -39.15 0
      vertex 66.4193 -36.3378 0
    endloop
  endfacet
  facet normal 0 0 -1
    outer loop
      vertex 71.12 -0.5 0
      vertex 66.4363 -3.20883 0
      vertex 66.4466 -3.10464 0
    endloop
  endfacet
  facet normal 0 0 -1
    outer loop
      vertex 66.3651 -36.1357 0
      vertex 71.12 -39.15 0
      vertex 66.3955 -36.2359 0
    endloop
  endfacet
  facet normal 0 0 -1
    outer loop
      vertex 65.9068 -19.3984 0
      vertex 71.12 -0.5 0
      vertex 65.9278 -19.6112 0
    endloop
  endfacet
  facet normal 0 0 -1
    outer loop
      vertex 66.3282 -36.0377 0
      vertex 71.12 -39.15 0
      vertex 66.3651 -36.1357 0
    endloop
  endfacet
  facet normal 0 0 -1
    outer loop
      vertex 71.12 -0.5 0
      vertex 66.4193 -3.31213 0
      vertex 66.4363 -3.20883 0
    endloop
  endfacet
  facet normal 0 0 -1
    outer loop
      vertex 66.285 -35.9423 0
      vertex 71.12 -39.15 0
      vertex 66.3282 -36.0377 0
    endloop
  endfacet
  facet normal 0 0 -1
    outer loop
      vertex 65.872 -19.1873 0
      vertex 71.12 -0.5 0
      vertex 65.9068 -19.3984 0
    endloop
  endfacet
  facet normal 0 0 -1
    outer loop
      vertex 66.2356 -35.85 0
      vertex 71.12 -39.15 0
      vertex 66.285 -35.9423 0
    endloop
  endfacet
  facet normal 0 0 -1
    outer loop
      vertex 71.12 -0.5 0
      vertex 66.3955 -3.41411 0
      vertex 66.4193 -3.31213 0
    endloop
  endfacet
  facet normal 0 0 -1
    outer loop
      vertex 66.1803 -35.7611 0
      vertex 71.12 -39.15 0
      vertex 66.2356 -35.85 0
    endloop
  endfacet
  facet normal 0 0 -1
    outer loop
      vertex 65.8234 -18.979 0
      vertex 71.12 -0.5 0
      vertex 65.872 -19.1873 0
    endloop
  endfacet
  facet normal 0 0 -1
    outer loop
      vertex 66.1194 -35.676 0
      vertex 71.12 -39.15 0
      vertex 66.1803 -35.7611 0
    endloop
  endfacet
  facet normal 0 0 -1
    outer loop
      vertex 71.12 -0.5 0
      vertex 66.3651 -3.5143 0
      vertex 66.3955 -3.41411 0
    endloop
  endfacet
  facet normal 0 0 -1
    outer loop
      vertex 65.384 -21.6409 0
      vertex 71.12 -39.15 0
      vertex 66.1194 -35.676 0
    endloop
  endfacet
  facet normal 0 0 -1
    outer loop
      vertex 65.7613 -18.7744 0
      vertex 71.12 -0.5 0
      vertex 65.8234 -18.979 0
    endloop
  endfacet
  facet normal 0 0 -1
    outer loop
      vertex 65.384 -21.6409 0
      vertex 66.1194 -35.676 0
      vertex 66.0529 -35.595 0
    endloop
  endfacet
  facet normal 0 0 -1
    outer loop
      vertex 71.12 -0.5 0
      vertex 66.3282 -3.61229 0
      vertex 66.3651 -3.5143 0
    endloop
  endfacet
  facet normal 0 0 -1
    outer loop
      vertex 65.2594 -21.8147 0
      vertex 66.0529 -35.595 0
      vertex 65.9814 -35.5186 0
    endloop
  endfacet
  facet normal 0 0 -1
    outer loop
      vertex 65.686 -18.5742 0
      vertex 71.12 -0.5 0
      vertex 65.7613 -18.7744 0
    endloop
  endfacet
  facet normal 0 0 -1
    outer loop
      vertex 71.12 -0.5 0
      vertex 66.285 -3.70766 0
      vertex 66.3282 -3.61229 0
    endloop
  endfacet
  facet normal 0 0 -1
    outer loop
      vertex 71.12 -39.15 0
      vertex 65.9348 -19.825 0
      vertex 71.12 -0.5 0
    endloop
  endfacet
  facet normal 0 0 -1
    outer loop
      vertex 71.12 -39.15 0
      vertex 65.9068 -20.2516 0
      vertex 65.9278 -20.0388 0
    endloop
  endfacet
  facet normal 0 0 -1
    outer loop
      vertex 65.1237 -21.9801 0
      vertex 65.9814 -35.5186 0
      vertex 65.905 -35.4471 0
    endloop
  endfacet
  facet normal 0 0 -1
    outer loop
      vertex 71.12 -39.15 0
      vertex 65.872 -20.4626 0
      vertex 65.9068 -20.2516 0
    endloop
  endfacet
  facet normal 0 0 -1
    outer loop
      vertex 65.1237 -21.9801 0
      vertex 65.905 -35.4471 0
      vertex 65.824 -35.3806 0
    endloop
  endfacet
  facet normal 0 0 -1
    outer loop
      vertex 71.12 -39.15 0
      vertex 65.8234 -20.6709 0
      vertex 65.872 -20.4626 0
    endloop
  endfacet
  facet normal 0 0 -1
    outer loop
      vertex 71.12 -39.15 0
      vertex 65.7613 -20.8756 0
      vertex 65.8234 -20.6709 0
    endloop
  endfacet
  facet normal 0 0 -1
    outer loop
      vertex 64.9775 -22.1362 0
      vertex 65.824 -35.3806 0
      vertex 65.7389 -35.3196 0
    endloop
  endfacet
  facet normal 0 0 -1
    outer loop
      vertex 71.12 -39.15 0
      vertex 65.686 -21.0758 0
      vertex 65.7613 -20.8756 0
    endloop
  endfacet
  facet normal 0 0 -1
    outer loop
      vertex 64.8214 -22.2824 0
      vertex 65.7389 -35.3196 0
      vertex 65.65 -35.2644 0
    endloop
  endfacet
  facet normal 0 0 -1
    outer loop
      vertex 71.12 -39.15 0
      vertex 65.5977 -21.2706 0
      vertex 65.686 -21.0758 0
    endloop
  endfacet
  facet normal 0 0 -1
    outer loop
      vertex 64.656 -22.4181 0
      vertex 65.65 -35.2644 0
      vertex 65.5576 -35.215 0
    endloop
  endfacet
  facet normal 0 0 -1
    outer loop
      vertex 71.12 -39.15 0
      vertex 65.4969 -21.4592 0
      vertex 65.5977 -21.2706 0
    endloop
  endfacet
  facet normal 0 0 -1
    outer loop
      vertex 64.4822 -22.5426 0
      vertex 65.5576 -35.215 0
      vertex 65.4623 -35.1718 0
    endloop
  endfacet
  facet normal 0 0 -1
    outer loop
      vertex 71.12 -39.15 0
      vertex 65.384 -21.6409 0
      vertex 65.4969 -21.4592 0
    endloop
  endfacet
  facet normal 0 0 -1
    outer loop
      vertex 64.3005 -22.6556 0
      vertex 65.4623 -35.1718 0
      vertex 65.3643 -35.1349 0
    endloop
  endfacet
  facet normal 0 0 -1
    outer loop
      vertex 64.1119 -22.7564 0
      vertex 65.3643 -35.1349 0
      vertex 65.2641 -35.1045 0
    endloop
  endfacet
  facet normal 0 0 -1
    outer loop
      vertex 66.0529 -35.595 0
      vertex 65.2594 -21.8147 0
      vertex 65.384 -21.6409 0
    endloop
  endfacet
  facet normal 0 0 -1
    outer loop
      vertex 64.1119 -22.7564 0
      vertex 65.2641 -35.1045 0
      vertex 65.1621 -35.0807 0
    endloop
  endfacet
  facet normal 0 0 -1
    outer loop
      vertex 65.9814 -35.5186 0
      vertex 65.1237 -21.9801 0
      vertex 65.2594 -21.8147 0
    endloop
  endfacet
  facet normal 0 0 -1
    outer loop
      vertex 63.9171 -22.8447 0
      vertex 65.1621 -35.0807 0
      vertex 65.0588 -35.0637 0
    endloop
  endfacet
  facet normal 0 0 -1
    outer loop
      vertex 65.824 -35.3806 0
      vertex 64.9775 -22.1362 0
      vertex 65.1237 -21.9801 0
    endloop
  endfacet
  facet normal 0 0 -1
    outer loop
      vertex 63.7169 -22.92 0
      vertex 65.0588 -35.0637 0
      vertex 64.9546 -35.0534 0
    endloop
  endfacet
  facet normal 0 0 -1
    outer loop
      vertex 63.5122 -22.9821 0
      vertex 64.9546 -35.0534 0
      vertex 64.85 -35.05 0
    endloop
  endfacet
  facet normal 0 0 -1
    outer loop
      vertex 65.7389 -35.3196 0
      vertex 64.8214 -22.2824 0
      vertex 64.9775 -22.1362 0
    endloop
  endfacet
  facet normal 0 0 -1
    outer loop
      vertex 65.65 -35.2644 0
      vertex 64.656 -22.4181 0
      vertex 64.8214 -22.2824 0
    endloop
  endfacet
  facet normal 0 0 -1
    outer loop
      vertex 65.5576 -35.215 0
      vertex 64.4822 -22.5426 0
      vertex 64.656 -22.4181 0
    endloop
  endfacet
  facet normal 0 0 -1
    outer loop
      vertex 65.4623 -35.1718 0
      vertex 64.3005 -22.6556 0
      vertex 64.4822 -22.5426 0
    endloop
  endfacet
  facet normal 0 0 -1
    outer loop
      vertex 65.3643 -35.1349 0
      vertex 64.1119 -22.7564 0
      vertex 64.3005 -22.6556 0
    endloop
  endfacet
  facet normal 0 0 -1
    outer loop
      vertex 65.1621 -35.0807 0
      vertex 63.9171 -22.8447 0
      vertex 64.1119 -22.7564 0
    endloop
  endfacet
  facet normal 0 0 -1
    outer loop
      vertex 65.0588 -35.0637 0
      vertex 63.7169 -22.92 0
      vertex 63.9171 -22.8447 0
    endloop
  endfacet
  facet normal 0 0 -1
    outer loop
      vertex 64.9546 -35.0534 0
      vertex 63.5122 -22.9821 0
      vertex 63.7169 -22.92 0
    endloop
  endfacet
  facet normal 0 0 -1
    outer loop
      vertex 64.85 -35.05 0
      vertex 63.3039 -23.0307 0
      vertex 63.5122 -22.9821 0
    endloop
  endfacet
  facet normal 0 0 -1
    outer loop
      vertex 64.85 -35.05 0
      vertex 63.0929 -23.0655 0
      vertex 63.3039 -23.0307 0
    endloop
  endfacet
  facet normal 0 0 -1
    outer loop
      vertex 64.85 -35.05 0
      vertex 62.8801 -23.0865 0
      vertex 63.0929 -23.0655 0
    endloop
  endfacet
  facet normal 0 0 -1
    outer loop
      vertex 62.15 -35.05 0
      vertex 62.8801 -23.0865 0
      vertex 64.85 -35.05 0
    endloop
  endfacet
  facet normal 0 0 -1
    outer loop
      vertex 62.8801 -23.0865 0
      vertex 62.15 -35.05 0
      vertex 62.6663 -23.0935 0
    endloop
  endfacet
  facet normal -0 0 -1
    outer loop
      vertex 62.6663 -23.0935 0
      vertex 62.15 -35.05 0
      vertex 62.4525 -23.0865 0
    endloop
  endfacet
  facet normal 0 0 -1
    outer loop
      vertex 62.0453 -35.0534 0
      vertex 62.4525 -23.0865 0
      vertex 62.15 -35.05 0
    endloop
  endfacet
  facet normal -0 0 -1
    outer loop
      vertex 62.4525 -23.0865 0
      vertex 62.0453 -35.0534 0
      vertex 62.2397 -23.0655 0
    endloop
  endfacet
  facet normal 0 0 -1
    outer loop
      vertex 61.9411 -35.0637 0
      vertex 62.2397 -23.0655 0
      vertex 62.0453 -35.0534 0
    endloop
  endfacet
  facet normal -0 0 -1
    outer loop
      vertex 62.2397 -23.0655 0
      vertex 61.9411 -35.0637 0
      vertex 62.0286 -23.0307 0
    endloop
  endfacet
  facet normal 0 0 -1
    outer loop
      vertex 61.8378 -35.0807 0
      vertex 62.0286 -23.0307 0
      vertex 61.9411 -35.0637 0
    endloop
  endfacet
  facet normal 0 0 -1
    outer loop
      vertex 61.8378 -35.0807 0
      vertex 61.8203 -22.9821 0
      vertex 62.0286 -23.0307 0
    endloop
  endfacet
  facet normal 0 0 -1
    outer loop
      vertex 61.7359 -35.1045 0
      vertex 61.8203 -22.9821 0
      vertex 61.8378 -35.0807 0
    endloop
  endfacet
  facet normal 0 0 -1
    outer loop
      vertex 61.6357 -35.1349 0
      vertex 61.8203 -22.9821 0
      vertex 61.7359 -35.1045 0
    endloop
  endfacet
  facet normal 0 0 -1
    outer loop
      vertex 61.6357 -35.1349 0
      vertex 61.6157 -22.92 0
      vertex 61.8203 -22.9821 0
    endloop
  endfacet
  facet normal 0 0 -1
    outer loop
      vertex 61.5377 -35.1718 0
      vertex 61.6157 -22.92 0
      vertex 61.6357 -35.1349 0
    endloop
  endfacet
  facet normal 0 0 -1
    outer loop
      vertex 61.4155 -22.8447 0
      vertex 61.5377 -35.1718 0
      vertex 61.4423 -35.215 0
    endloop
  endfacet
  facet normal 0 0 -1
    outer loop
      vertex 61.5377 -35.1718 0
      vertex 61.4155 -22.8447 0
      vertex 61.6157 -22.92 0
    endloop
  endfacet
  facet normal 0 0 -1
    outer loop
      vertex 54.2775 -23.3075 0
      vertex 61.4423 -35.215 0
      vertex 61.35 -35.2644 0
    endloop
  endfacet
  facet normal 0 0 -1
    outer loop
      vertex 54.2775 -23.3075 0
      vertex 61.35 -35.2644 0
      vertex 61.2611 -35.3196 0
    endloop
  endfacet
  facet normal 0 0 -1
    outer loop
      vertex 61.4423 -35.215 0
      vertex 61.2207 -22.7564 0
      vertex 61.4155 -22.8447 0
    endloop
  endfacet
  facet normal 0 0 -1
    outer loop
      vertex 54.2775 -23.3075 0
      vertex 61.2611 -35.3196 0
      vertex 61.176 -35.3806 0
    endloop
  endfacet
  facet normal 0 0 -1
    outer loop
      vertex 54.2775 -23.3075 0
      vertex 61.176 -35.3806 0
      vertex 61.095 -35.4471 0
    endloop
  endfacet
  facet normal 0 0 -1
    outer loop
      vertex 61.4423 -35.215 0
      vertex 54.2775 -23.3075 0
      vertex 61.2207 -22.7564 0
    endloop
  endfacet
  facet normal 0 0 -1
    outer loop
      vertex 54.2775 -23.3075 0
      vertex 61.095 -35.4471 0
      vertex 61.0186 -35.5186 0
    endloop
  endfacet
  facet normal 0 0 -1
    outer loop
      vertex 54.2775 -23.3075 0
      vertex 61.0186 -35.5186 0
      vertex 60.9471 -35.595 0
    endloop
  endfacet
  facet normal 0 0 -1
    outer loop
      vertex 54.2775 -23.3075 0
      vertex 60.9471 -35.595 0
      vertex 60.8806 -35.676 0
    endloop
  endfacet
  facet normal -0 0 -1
    outer loop
      vertex 61.2207 -22.7564 0
      vertex 54.2775 -23.3075 0
      vertex 61.032 -22.6556 0
    endloop
  endfacet
  facet normal 0 0 -1
    outer loop
      vertex 54.2775 -23.3075 0
      vertex 60.8806 -35.676 0
      vertex 60.8196 -35.7611 0
    endloop
  endfacet
  facet normal 0 0 -1
    outer loop
      vertex 54.2775 -23.3075 0
      vertex 60.8196 -35.7611 0
      vertex 60.7644 -35.85 0
    endloop
  endfacet
  facet normal 0 0 -1
    outer loop
      vertex 54.2775 -23.3075 0
      vertex 60.7644 -35.85 0
      vertex 60.715 -35.9423 0
    endloop
  endfacet
  facet normal -0 0 -1
    outer loop
      vertex 61.032 -22.6556 0
      vertex 54.2775 -23.3075 0
      vertex 60.8504 -22.5426 0
    endloop
  endfacet
  facet normal 0 0 -1
    outer loop
      vertex 54.2775 -23.3075 0
      vertex 60.715 -35.9423 0
      vertex 60.6718 -36.0377 0
    endloop
  endfacet
  facet normal 0 0 -1
    outer loop
      vertex 54.2775 -23.3075 0
      vertex 60.6718 -36.0377 0
      vertex 60.6349 -36.1357 0
    endloop
  endfacet
  facet normal 0 0 -1
    outer loop
      vertex 47.6025 -23.3075 0
      vertex 60.6349 -36.1357 0
      vertex 60.6045 -36.2359 0
    endloop
  endfacet
  facet normal 0 0 -1
    outer loop
      vertex 47.6025 -23.3075 0
      vertex 60.6045 -36.2359 0
      vertex 60.5807 -36.3378 0
    endloop
  endfacet
  facet normal 0 0 -1
    outer loop
      vertex 47.6025 -23.3075 0
      vertex 60.5807 -36.3378 0
      vertex 60.5637 -36.4411 0
    endloop
  endfacet
  facet normal 0 0 -1
    outer loop
      vertex 47.6025 -23.3075 0
      vertex 60.5637 -36.4411 0
      vertex 60.5534 -36.5453 0
    endloop
  endfacet
  facet normal 0 0 -1
    outer loop
      vertex 47.6025 -23.3075 0
      vertex 60.5534 -36.5453 0
      vertex 60.55 -36.65 0
    endloop
  endfacet
  facet normal -0 0 -1
    outer loop
      vertex 60.8504 -22.5426 0
      vertex 54.2775 -23.3075 0
      vertex 60.6766 -22.4181 0
    endloop
  endfacet
  facet normal 0 0 -1
    outer loop
      vertex 71.0839 -39.3422 0
      vertex 71.12 -39.15 0
      vertex 71.1179 -39.2155 0
    endloop
  endfacet
  facet normal 0 0 -1
    outer loop
      vertex 66.4466 -36.5453 0
      vertex 71.12 -39.15 0
      vertex 66.45 -36.65 0
    endloop
  endfacet
  facet normal 0 0 -1
    outer loop
      vertex 71.12 -39.15 0
      vertex 71.0839 -39.3422 0
      vertex 70.62 -39.65 0
    endloop
  endfacet
  facet normal 0 0 -1
    outer loop
      vertex 66.4363 -36.4411 0
      vertex 71.12 -39.15 0
      vertex 66.4466 -36.5453 0
    endloop
  endfacet
  facet normal 0 0 -1
    outer loop
      vertex 70.62 -39.65 0
      vertex 71.0839 -39.3422 0
      vertex 71.0184 -39.4557 0
    endloop
  endfacet
  facet normal 0 0 -1
    outer loop
      vertex 66.4466 -2.89534 0
      vertex 71.12 -0.5 0
      vertex 66.45 -3 0
    endloop
  endfacet
  facet normal 0 0 -1
    outer loop
      vertex 70.62 -39.65 0
      vertex 71.0184 -39.4557 0
      vertex 70.9257 -39.5484 0
    endloop
  endfacet
  facet normal 0 0 -1
    outer loop
      vertex 66.4363 -2.79115 0
      vertex 71.12 -0.5 0
      vertex 66.4466 -2.89534 0
    endloop
  endfacet
  facet normal 0 0 -1
    outer loop
      vertex 70.62 -39.65 0
      vertex 70.9257 -39.5484 0
      vertex 70.8122 -39.6139 0
    endloop
  endfacet
  facet normal 0 0 -1
    outer loop
      vertex 66.4193 -2.68785 0
      vertex 71.12 -0.5 0
      vertex 66.4363 -2.79115 0
    endloop
  endfacet
  facet normal 0 0 -1
    outer loop
      vertex 70.62 -39.65 0
      vertex 70.8122 -39.6139 0
      vertex 70.6855 -39.6479 0
    endloop
  endfacet
  facet normal 0 0 -1
    outer loop
      vertex 71.0839 -0.307785 0
      vertex 70.62 0 0
      vertex 71.0184 -0.19429 0
    endloop
  endfacet
  facet normal -0 0 -1
    outer loop
      vertex 71.12 -39.15 0
      vertex 70.62 -39.65 0
      vertex 66.4193 -36.9621 0
    endloop
  endfacet
  facet normal 0 0 -1
    outer loop
      vertex 71.0184 -0.19429 0
      vertex 70.62 0 0
      vertex 70.9257 -0.101593 0
    endloop
  endfacet
  facet normal 0 0 -1
    outer loop
      vertex 70.9257 -0.101593 0
      vertex 70.62 0 0
      vertex 70.8122 -0.036087 0
    endloop
  endfacet
  facet normal 0 0 -1
    outer loop
      vertex 71.12 -39.15 0
      vertex 66.4466 -36.7546 0
      vertex 66.45 -36.65 0
    endloop
  endfacet
  facet normal 0 0 -1
    outer loop
      vertex 71.12 -39.15 0
      vertex 66.4363 -36.8588 0
      vertex 66.4466 -36.7546 0
    endloop
  endfacet
  facet normal 0 0 -1
    outer loop
      vertex 71.12 -39.15 0
      vertex 66.4193 -36.9621 0
      vertex 66.4363 -36.8588 0
    endloop
  endfacet
  facet normal 0 0 -1
    outer loop
      vertex 70.62 -39.65 0
      vertex 66.3955 -37.0641 0
      vertex 66.4193 -36.9621 0
    endloop
  endfacet
  facet normal 0 0 -1
    outer loop
      vertex 70.62 -39.65 0
      vertex 66.3651 -37.1643 0
      vertex 66.3955 -37.0641 0
    endloop
  endfacet
  facet normal 0 0 -1
    outer loop
      vertex 70.62 -39.65 0
      vertex 66.3282 -37.2623 0
      vertex 66.3651 -37.1643 0
    endloop
  endfacet
  facet normal 0 0 -1
    outer loop
      vertex 70.62 -39.65 0
      vertex 66.285 -37.3577 0
      vertex 66.3282 -37.2623 0
    endloop
  endfacet
  facet normal 0 0 -1
    outer loop
      vertex 70.62 -39.65 0
      vertex 66.2356 -37.45 0
      vertex 66.285 -37.3577 0
    endloop
  endfacet
  facet normal 0 0 -1
    outer loop
      vertex 70.62 -39.65 0
      vertex 66.1803 -37.5389 0
      vertex 66.2356 -37.45 0
    endloop
  endfacet
  facet normal 0 0 -1
    outer loop
      vertex 70.62 -39.65 0
      vertex 66.1194 -37.624 0
      vertex 66.1803 -37.5389 0
    endloop
  endfacet
  facet normal 0 0 -1
    outer loop
      vertex 70.62 -39.65 0
      vertex 66.0529 -37.7049 0
      vertex 66.1194 -37.624 0
    endloop
  endfacet
  facet normal 0 0 -1
    outer loop
      vertex 70.62 -39.65 0
      vertex 65.9814 -37.7814 0
      vertex 66.0529 -37.7049 0
    endloop
  endfacet
  facet normal 0 0 -1
    outer loop
      vertex 70.62 -39.65 0
      vertex 65.905 -37.8529 0
      vertex 65.9814 -37.7814 0
    endloop
  endfacet
  facet normal 0 0 -1
    outer loop
      vertex 70.62 -39.65 0
      vertex 65.824 -37.9194 0
      vertex 65.905 -37.8529 0
    endloop
  endfacet
  facet normal 0 0 -1
    outer loop
      vertex 70.62 -39.65 0
      vertex 65.7389 -37.9803 0
      vertex 65.824 -37.9194 0
    endloop
  endfacet
  facet normal 0 0 -1
    outer loop
      vertex 70.62 -39.65 0
      vertex 65.65 -38.0356 0
      vertex 65.7389 -37.9803 0
    endloop
  endfacet
  facet normal 0 0 -1
    outer loop
      vertex 70.62 -39.65 0
      vertex 65.5576 -38.085 0
      vertex 65.65 -38.0356 0
    endloop
  endfacet
  facet normal 0 0 -1
    outer loop
      vertex 70.62 -39.65 0
      vertex 65.4623 -38.1282 0
      vertex 65.5576 -38.085 0
    endloop
  endfacet
  facet normal 0 0 -1
    outer loop
      vertex 70.62 -39.65 0
      vertex 65.3643 -38.1651 0
      vertex 65.4623 -38.1282 0
    endloop
  endfacet
  facet normal 0 0 -1
    outer loop
      vertex 70.62 -39.65 0
      vertex 65.2641 -38.1955 0
      vertex 65.3643 -38.1651 0
    endloop
  endfacet
  facet normal 0 0 -1
    outer loop
      vertex 70.62 -39.65 0
      vertex 65.1621 -38.2193 0
      vertex 65.2641 -38.1955 0
    endloop
  endfacet
  facet normal 0 0 -1
    outer loop
      vertex 70.62 -39.65 0
      vertex 65.0588 -38.2363 0
      vertex 65.1621 -38.2193 0
    endloop
  endfacet
  facet normal 0 0 -1
    outer loop
      vertex 70.62 -39.65 0
      vertex 64.9546 -38.2466 0
      vertex 65.0588 -38.2363 0
    endloop
  endfacet
  facet normal 0 0 -1
    outer loop
      vertex 70.62 -39.65 0
      vertex 64.85 -38.25 0
      vertex 64.9546 -38.2466 0
    endloop
  endfacet
  facet normal 0 0 -1
    outer loop
      vertex 70.62 -39.65 0
      vertex 62.15 -38.25 0
      vertex 64.85 -38.25 0
    endloop
  endfacet
  facet normal 0 0 -1
    outer loop
      vertex 70.62 -39.65 0
      vertex 62.0453 -38.2466 0
      vertex 62.15 -38.25 0
    endloop
  endfacet
  facet normal 0 0 -1
    outer loop
      vertex 70.62 -39.65 0
      vertex 61.9411 -38.2363 0
      vertex 62.0453 -38.2466 0
    endloop
  endfacet
  facet normal -0 0 -1
    outer loop
      vertex 60.6766 -22.4181 0
      vertex 54.2775 -23.3075 0
      vertex 60.5112 -22.2824 0
    endloop
  endfacet
  facet normal -0 0 -1
    outer loop
      vertex 60.5112 -22.2824 0
      vertex 54.2775 -23.3075 0
      vertex 60.3551 -22.1362 0
    endloop
  endfacet
  facet normal -0 0 -1
    outer loop
      vertex 60.3551 -22.1362 0
      vertex 54.2775 -23.3075 0
      vertex 60.2089 -21.9801 0
    endloop
  endfacet
  facet normal -0 0 -1
    outer loop
      vertex 60.2089 -21.9801 0
      vertex 54.2775 -23.3075 0
      vertex 60.0732 -21.8147 0
    endloop
  endfacet
  facet normal 0 0 -1
    outer loop
      vertex 47.6025 -23.3075 0
      vertex 60.55 -36.65 0
      vertex 60.5534 -36.7546 0
    endloop
  endfacet
  facet normal -0 0 -1
    outer loop
      vertex 60.0732 -21.8147 0
      vertex 54.2775 -23.3075 0
      vertex 59.9486 -21.6409 0
    endloop
  endfacet
  facet normal -0 0 -1
    outer loop
      vertex 59.9486 -21.6409 0
      vertex 54.2775 -23.3075 0
      vertex 59.8357 -21.4592 0
    endloop
  endfacet
  facet normal -0 0 -1
    outer loop
      vertex 59.8357 -21.4592 0
      vertex 54.2775 -23.3075 0
      vertex 59.7349 -21.2706 0
    endloop
  endfacet
  facet normal -0 0 -1
    outer loop
      vertex 59.7349 -21.2706 0
      vertex 54.2775 -23.3075 0
      vertex 59.6466 -21.0758 0
    endloop
  endfacet
  facet normal -0 0 -1
    outer loop
      vertex 59.6466 -21.0758 0
      vertex 54.2775 -23.3075 0
      vertex 59.5713 -20.8756 0
    endloop
  endfacet
  facet normal -0 0 -1
    outer loop
      vertex 59.5713 -20.8756 0
      vertex 54.2775 -23.3075 0
      vertex 59.5092 -20.6709 0
    endloop
  endfacet
  facet normal -0 0 -1
    outer loop
      vertex 59.5092 -20.6709 0
      vertex 54.2775 -23.3075 0
      vertex 59.4606 -20.4626 0
    endloop
  endfacet
  facet normal -0 0 -1
    outer loop
      vertex 59.4606 -20.4626 0
      vertex 54.2775 -23.3075 0
      vertex 59.4258 -20.2516 0
    endloop
  endfacet
  facet normal -0 0 -1
    outer loop
      vertex 59.4048 -20.0388 0
      vertex 54.2775 -23.3075 0
      vertex 59.3978 -19.825 0
    endloop
  endfacet
  facet normal -0 0 -1
    outer loop
      vertex 59.4258 -20.2516 0
      vertex 54.2775 -23.3075 0
      vertex 59.4048 -20.0388 0
    endloop
  endfacet
  facet normal 0 0 -1
    outer loop
      vertex 47.6025 -23.3075 0
      vertex 60.5534 -36.7546 0
      vertex 60.5637 -36.8588 0
    endloop
  endfacet
  facet normal 0 0 -1
    outer loop
      vertex 47.6025 -23.3075 0
      vertex 60.5637 -36.8588 0
      vertex 60.5807 -36.9621 0
    endloop
  endfacet
  facet normal 0 0 -1
    outer loop
      vertex 47.6025 -23.3075 0
      vertex 60.5807 -36.9621 0
      vertex 60.6045 -37.0641 0
    endloop
  endfacet
  facet normal 0 0 -1
    outer loop
      vertex 47.6025 -23.3075 0
      vertex 60.6045 -37.0641 0
      vertex 60.6349 -37.1643 0
    endloop
  endfacet
  facet normal 0 0 -1
    outer loop
      vertex 47.6025 -23.3075 0
      vertex 60.6349 -37.1643 0
      vertex 60.6718 -37.2623 0
    endloop
  endfacet
  facet normal 0 0 -1
    outer loop
      vertex 10.4482 -37.2623 0
      vertex 60.6718 -37.2623 0
      vertex 60.715 -37.3577 0
    endloop
  endfacet
  facet normal 0 0 -1
    outer loop
      vertex 60.6349 -36.1357 0
      vertex 47.6025 -23.3075 0
      vertex 54.2775 -23.3075 0
    endloop
  endfacet
  facet normal 0 0 -1
    outer loop
      vertex 10.405 -37.3577 0
      vertex 60.715 -37.3577 0
      vertex 60.7644 -37.45 0
    endloop
  endfacet
  facet normal 0 0 -1
    outer loop
      vertex 10.3556 -37.45 0
      vertex 60.7644 -37.45 0
      vertex 60.8196 -37.5389 0
    endloop
  endfacet
  facet normal 0 0 -1
    outer loop
      vertex 10.3003 -37.5389 0
      vertex 60.8196 -37.5389 0
      vertex 60.8806 -37.624 0
    endloop
  endfacet
  facet normal 0 0 -1
    outer loop
      vertex 10.2394 -37.624 0
      vertex 60.8806 -37.624 0
      vertex 60.9471 -37.7049 0
    endloop
  endfacet
  facet normal 0 0 -1
    outer loop
      vertex 10.5666 -36.5453 0
      vertex 47.6025 -23.3075 0
      vertex 10.57 -36.65 0
    endloop
  endfacet
  facet normal 0 0 -1
    outer loop
      vertex 60.6718 -37.2623 0
      vertex 10.4482 -37.2623 0
      vertex 47.6025 -23.3075 0
    endloop
  endfacet
  facet normal 0 0 -1
    outer loop
      vertex 10.1729 -37.7049 0
      vertex 60.9471 -37.7049 0
      vertex 61.0186 -37.7814 0
    endloop
  endfacet
  facet normal 0 0 -1
    outer loop
      vertex 10.1014 -37.7814 0
      vertex 61.0186 -37.7814 0
      vertex 61.095 -37.8529 0
    endloop
  endfacet
  facet normal 0 0 -1
    outer loop
      vertex 10.0249 -37.8529 0
      vertex 61.095 -37.8529 0
      vertex 61.176 -37.9194 0
    endloop
  endfacet
  facet normal 0 0 -1
    outer loop
      vertex 9.94402 -37.9194 0
      vertex 61.176 -37.9194 0
      vertex 61.2611 -37.9803 0
    endloop
  endfacet
  facet normal 0 0 -1
    outer loop
      vertex 9.8589 -37.9803 0
      vertex 61.2611 -37.9803 0
      vertex 61.35 -38.0356 0
    endloop
  endfacet
  facet normal 0 0 -1
    outer loop
      vertex 9.76999 -38.0356 0
      vertex 61.35 -38.0356 0
      vertex 61.4423 -38.085 0
    endloop
  endfacet
  facet normal 0 0 -1
    outer loop
      vertex 9.67766 -38.085 0
      vertex 61.4423 -38.085 0
      vertex 61.5377 -38.1282 0
    endloop
  endfacet
  facet normal 0 0 -1
    outer loop
      vertex 9.58229 -38.1282 0
      vertex 61.5377 -38.1282 0
      vertex 61.6357 -38.1651 0
    endloop
  endfacet
  facet normal 0 0 -1
    outer loop
      vertex 9.4843 -38.1651 0
      vertex 61.6357 -38.1651 0
      vertex 61.7359 -38.1955 0
    endloop
  endfacet
  facet normal 0 0 -1
    outer loop
      vertex 9.38411 -38.1955 0
      vertex 61.7359 -38.1955 0
      vertex 61.8378 -38.2193 0
    endloop
  endfacet
  facet normal 0 0 -1
    outer loop
      vertex 9.28214 -38.2193 0
      vertex 61.8378 -38.2193 0
      vertex 61.9411 -38.2363 0
    endloop
  endfacet
  facet normal 0 0 -1
    outer loop
      vertex 9.17883 -38.2363 0
      vertex 61.9411 -38.2363 0
      vertex 70.62 -39.65 0
    endloop
  endfacet
  facet normal 0 0 -1
    outer loop
      vertex 47.6025 -23.3075 0
      vertex 10.5666 -36.7546 0
      vertex 10.57 -36.65 0
    endloop
  endfacet
  facet normal 0 0 -1
    outer loop
      vertex 47.6025 -23.3075 0
      vertex 10.5563 -36.8588 0
      vertex 10.5666 -36.7546 0
    endloop
  endfacet
  facet normal 0 0 -1
    outer loop
      vertex 47.6025 -23.3075 0
      vertex 10.5392 -36.9621 0
      vertex 10.5563 -36.8588 0
    endloop
  endfacet
  facet normal 0 0 -1
    outer loop
      vertex 47.6025 -23.3075 0
      vertex 10.5155 -37.0641 0
      vertex 10.5392 -36.9621 0
    endloop
  endfacet
  facet normal 0 0 -1
    outer loop
      vertex 47.6025 -23.3075 0
      vertex 10.4851 -37.1643 0
      vertex 10.5155 -37.0641 0
    endloop
  endfacet
  facet normal 0 0 -1
    outer loop
      vertex 47.6025 -23.3075 0
      vertex 10.4482 -37.2623 0
      vertex 10.4851 -37.1643 0
    endloop
  endfacet
  facet normal 0 0 -1
    outer loop
      vertex 60.715 -37.3577 0
      vertex 10.405 -37.3577 0
      vertex 10.4482 -37.2623 0
    endloop
  endfacet
  facet normal 0 0 -1
    outer loop
      vertex 60.7644 -37.45 0
      vertex 10.3556 -37.45 0
      vertex 10.405 -37.3577 0
    endloop
  endfacet
  facet normal 0 0 -1
    outer loop
      vertex 60.8196 -37.5389 0
      vertex 10.3003 -37.5389 0
      vertex 10.3556 -37.45 0
    endloop
  endfacet
  facet normal 0 0 -1
    outer loop
      vertex 60.8806 -37.624 0
      vertex 10.2394 -37.624 0
      vertex 10.3003 -37.5389 0
    endloop
  endfacet
  facet normal 0 0 -1
    outer loop
      vertex 60.9471 -37.7049 0
      vertex 10.1729 -37.7049 0
      vertex 10.2394 -37.624 0
    endloop
  endfacet
  facet normal 0 0 -1
    outer loop
      vertex 61.0186 -37.7814 0
      vertex 10.1014 -37.7814 0
      vertex 10.1729 -37.7049 0
    endloop
  endfacet
  facet normal 0 0 -1
    outer loop
      vertex 61.095 -37.8529 0
      vertex 10.0249 -37.8529 0
      vertex 10.1014 -37.7814 0
    endloop
  endfacet
  facet normal 0 0 -1
    outer loop
      vertex 61.176 -37.9194 0
      vertex 9.94402 -37.9194 0
      vertex 10.0249 -37.8529 0
    endloop
  endfacet
  facet normal 0 0 -1
    outer loop
      vertex 61.2611 -37.9803 0
      vertex 9.8589 -37.9803 0
      vertex 9.94402 -37.9194 0
    endloop
  endfacet
  facet normal 0 0 -1
    outer loop
      vertex 61.35 -38.0356 0
      vertex 9.76999 -38.0356 0
      vertex 9.8589 -37.9803 0
    endloop
  endfacet
  facet normal 0 0 -1
    outer loop
      vertex 61.4423 -38.085 0
      vertex 9.67766 -38.085 0
      vertex 9.76999 -38.0356 0
    endloop
  endfacet
  facet normal 0 0 -1
    outer loop
      vertex 61.5377 -38.1282 0
      vertex 9.58229 -38.1282 0
      vertex 9.67766 -38.085 0
    endloop
  endfacet
  facet normal 0 0 -1
    outer loop
      vertex 61.6357 -38.1651 0
      vertex 9.4843 -38.1651 0
      vertex 9.58229 -38.1282 0
    endloop
  endfacet
  facet normal 0 0 -1
    outer loop
      vertex 61.7359 -38.1955 0
      vertex 9.38411 -38.1955 0
      vertex 9.4843 -38.1651 0
    endloop
  endfacet
  facet normal 0 0 -1
    outer loop
      vertex 61.8378 -38.2193 0
      vertex 9.28214 -38.2193 0
      vertex 9.38411 -38.1955 0
    endloop
  endfacet
  facet normal 0 0 -1
    outer loop
      vertex 61.9411 -38.2363 0
      vertex 9.17883 -38.2363 0
      vertex 9.28214 -38.2193 0
    endloop
  endfacet
  facet normal 0 0 -1
    outer loop
      vertex 0.5 -39.65 0
      vertex 9.17883 -38.2363 0
      vertex 70.62 -39.65 0
    endloop
  endfacet
  facet normal 0 0 -1
    outer loop
      vertex 9.17883 -38.2363 0
      vertex 0.5 -39.65 0
      vertex 9.07463 -38.2466 0
    endloop
  endfacet
  facet normal 0 0 -1
    outer loop
      vertex 9.07463 -38.2466 0
      vertex 0.5 -39.65 0
      vertex 8.96999 -38.25 0
    endloop
  endfacet
  facet normal 0 0 -1
    outer loop
      vertex 0 -39.15 0
      vertex 4.67 -36.65 0
      vertex 4.67342 -36.7546 0
    endloop
  endfacet
  facet normal 0 0 -1
    outer loop
      vertex 0 -39.15 0
      vertex 4.67342 -36.7546 0
      vertex 4.68369 -36.8588 0
    endloop
  endfacet
  facet normal 0 0 -1
    outer loop
      vertex 0 -39.15 0
      vertex 4.68369 -36.8588 0
      vertex 4.70073 -36.9621 0
    endloop
  endfacet
  facet normal 0 0 -1
    outer loop
      vertex 0.5 -39.65 0
      vertex 4.70073 -36.9621 0
      vertex 4.72452 -37.0641 0
    endloop
  endfacet
  facet normal -0 0 -1
    outer loop
      vertex 4.93964 -35.7611 0
      vertex 0 -39.15 0
      vertex 1.26999 -23.745 0
    endloop
  endfacet
  facet normal 0 0 -1
    outer loop
      vertex 4.70073 -36.9621 0
      vertex 0.5 -39.65 0
      vertex 0 -39.15 0
    endloop
  endfacet
  facet normal -0 0 -1
    outer loop
      vertex 4.7549 -37.1643 0
      vertex 0.5 -39.65 0
      vertex 4.72452 -37.0641 0
    endloop
  endfacet
  facet normal -0 0 -1
    outer loop
      vertex 4.79178 -37.2623 0
      vertex 0.5 -39.65 0
      vertex 4.7549 -37.1643 0
    endloop
  endfacet
  facet normal -0 0 -1
    outer loop
      vertex 4.83499 -37.3577 0
      vertex 0.5 -39.65 0
      vertex 4.79178 -37.2623 0
    endloop
  endfacet
  facet normal -0 0 -1
    outer loop
      vertex 4.88435 -37.45 0
      vertex 0.5 -39.65 0
      vertex 4.83499 -37.3577 0
    endloop
  endfacet
  facet normal -0 0 -1
    outer loop
      vertex 4.93964 -37.5389 0
      vertex 0.5 -39.65 0
      vertex 4.88435 -37.45 0
    endloop
  endfacet
  facet normal -0 0 -1
    outer loop
      vertex 5.00063 -37.624 0
      vertex 0.5 -39.65 0
      vertex 4.93964 -37.5389 0
    endloop
  endfacet
  facet normal -0 0 -1
    outer loop
      vertex 5.06705 -37.7049 0
      vertex 0.5 -39.65 0
      vertex 5.00063 -37.624 0
    endloop
  endfacet
  facet normal -0 0 -1
    outer loop
      vertex 5.13863 -37.7814 0
      vertex 0.5 -39.65 0
      vertex 5.06705 -37.7049 0
    endloop
  endfacet
  facet normal -0 0 -1
    outer loop
      vertex 5.21504 -37.8529 0
      vertex 0.5 -39.65 0
      vertex 5.13863 -37.7814 0
    endloop
  endfacet
  facet normal -0 0 -1
    outer loop
      vertex 5.29597 -37.9194 0
      vertex 0.5 -39.65 0
      vertex 5.21504 -37.8529 0
    endloop
  endfacet
  facet normal -0 0 -1
    outer loop
      vertex 5.38107 -37.9803 0
      vertex 0.5 -39.65 0
      vertex 5.29597 -37.9194 0
    endloop
  endfacet
  facet normal -0 0 -1
    outer loop
      vertex 5.46999 -38.0356 0
      vertex 0.5 -39.65 0
      vertex 5.38107 -37.9803 0
    endloop
  endfacet
  facet normal -0 0 -1
    outer loop
      vertex 5.56233 -38.085 0
      vertex 0.5 -39.65 0
      vertex 5.46999 -38.0356 0
    endloop
  endfacet
  facet normal -0 0 -1
    outer loop
      vertex 5.6577 -38.1282 0
      vertex 0.5 -39.65 0
      vertex 5.56233 -38.085 0
    endloop
  endfacet
  facet normal -0 0 -1
    outer loop
      vertex 5.75569 -38.1651 0
      vertex 0.5 -39.65 0
      vertex 5.6577 -38.1282 0
    endloop
  endfacet
  facet normal -0 0 -1
    outer loop
      vertex 5.85588 -38.1955 0
      vertex 0.5 -39.65 0
      vertex 5.75569 -38.1651 0
    endloop
  endfacet
  facet normal -0 0 -1
    outer loop
      vertex 5.95786 -38.2193 0
      vertex 0.5 -39.65 0
      vertex 5.85588 -38.1955 0
    endloop
  endfacet
  facet normal -0 0 -1
    outer loop
      vertex 6.06116 -38.2363 0
      vertex 0.5 -39.65 0
      vertex 5.95786 -38.2193 0
    endloop
  endfacet
  facet normal -0 0 -1
    outer loop
      vertex 6.16534 -38.2466 0
      vertex 0.5 -39.65 0
      vertex 6.06116 -38.2363 0
    endloop
  endfacet
  facet normal -0 0 -1
    outer loop
      vertex 6.26999 -38.25 0
      vertex 0.5 -39.65 0
      vertex 6.16534 -38.2466 0
    endloop
  endfacet
  facet normal -0 0 -1
    outer loop
      vertex 8.96999 -38.25 0
      vertex 0.5 -39.65 0
      vertex 6.26999 -38.25 0
    endloop
  endfacet
  facet normal 0 0 -1
    outer loop
      vertex 70.8122 -0.036087 0
      vertex 70.62 0 0
      vertex 70.6855 -0.00209045 0
    endloop
  endfacet
  facet normal 0 -0 -1
    outer loop
      vertex 70.62 0 0
      vertex 71.12 -0.5 0
      vertex 66.4193 -2.68785 0
    endloop
  endfacet
  facet normal 0 0 -1
    outer loop
      vertex 71.12 -0.5 0
      vertex 71.0839 -0.307785 0
      vertex 71.1179 -0.434494 0
    endloop
  endfacet
  facet normal -0 -0 -1
    outer loop
      vertex 71.0839 -0.307785 0
      vertex 71.12 -0.5 0
      vertex 70.62 0 0
    endloop
  endfacet
  facet normal 0 0 -1
    outer loop
      vertex 66.3955 -2.58588 0
      vertex 70.62 0 0
      vertex 66.4193 -2.68785 0
    endloop
  endfacet
  facet normal 0 0 -1
    outer loop
      vertex 66.3651 -2.48569 0
      vertex 70.62 0 0
      vertex 66.3955 -2.58588 0
    endloop
  endfacet
  facet normal 0 0 -1
    outer loop
      vertex 66.3282 -2.3877 0
      vertex 70.62 0 0
      vertex 66.3651 -2.48569 0
    endloop
  endfacet
  facet normal 0 0 -1
    outer loop
      vertex 66.285 -2.29233 0
      vertex 70.62 0 0
      vertex 66.3282 -2.3877 0
    endloop
  endfacet
  facet normal 0 0 -1
    outer loop
      vertex 66.2356 -2.2 0
      vertex 70.62 0 0
      vertex 66.285 -2.29233 0
    endloop
  endfacet
  facet normal 0 0 -1
    outer loop
      vertex 66.1803 -2.11108 0
      vertex 70.62 0 0
      vertex 66.2356 -2.2 0
    endloop
  endfacet
  facet normal 0 0 -1
    outer loop
      vertex 66.1194 -2.02597 0
      vertex 70.62 0 0
      vertex 66.1803 -2.11108 0
    endloop
  endfacet
  facet normal 0 0 -1
    outer loop
      vertex 66.0529 -1.94504 0
      vertex 70.62 0 0
      vertex 66.1194 -2.02597 0
    endloop
  endfacet
  facet normal 0 0 -1
    outer loop
      vertex 65.9814 -1.86862 0
      vertex 70.62 0 0
      vertex 66.0529 -1.94504 0
    endloop
  endfacet
  facet normal 0 0 -1
    outer loop
      vertex 65.905 -1.79704 0
      vertex 70.62 0 0
      vertex 65.9814 -1.86862 0
    endloop
  endfacet
  facet normal 0 0 -1
    outer loop
      vertex 65.824 -1.73062 0
      vertex 70.62 0 0
      vertex 65.905 -1.79704 0
    endloop
  endfacet
  facet normal 0 0 -1
    outer loop
      vertex 65.7389 -1.66965 0
      vertex 70.62 0 0
      vertex 65.824 -1.73062 0
    endloop
  endfacet
  facet normal 0 0 -1
    outer loop
      vertex 65.65 -1.61435 0
      vertex 70.62 0 0
      vertex 65.7389 -1.66965 0
    endloop
  endfacet
  facet normal 0 0 -1
    outer loop
      vertex 65.5576 -1.565 0
      vertex 70.62 0 0
      vertex 65.65 -1.61435 0
    endloop
  endfacet
  facet normal 0 0 -1
    outer loop
      vertex 65.4623 -1.52179 0
      vertex 70.62 0 0
      vertex 65.5576 -1.565 0
    endloop
  endfacet
  facet normal 0 0 -1
    outer loop
      vertex 65.3643 -1.48491 0
      vertex 70.62 0 0
      vertex 65.4623 -1.52179 0
    endloop
  endfacet
  facet normal 0 0 -1
    outer loop
      vertex 65.2641 -1.45451 0
      vertex 70.62 0 0
      vertex 65.3643 -1.48491 0
    endloop
  endfacet
  facet normal 0 0 -1
    outer loop
      vertex 65.1621 -1.43074 0
      vertex 70.62 0 0
      vertex 65.2641 -1.45451 0
    endloop
  endfacet
  facet normal 0 0 -1
    outer loop
      vertex 65.0588 -1.41368 0
      vertex 70.62 0 0
      vertex 65.1621 -1.43074 0
    endloop
  endfacet
  facet normal 0 0 -1
    outer loop
      vertex 64.9546 -1.40341 0
      vertex 70.62 0 0
      vertex 65.0588 -1.41368 0
    endloop
  endfacet
  facet normal 0 0 -1
    outer loop
      vertex 64.85 -1.39999 0
      vertex 70.62 0 0
      vertex 64.9546 -1.40341 0
    endloop
  endfacet
  facet normal 0 0 -1
    outer loop
      vertex 62.15 -1.39999 0
      vertex 70.62 0 0
      vertex 64.85 -1.39999 0
    endloop
  endfacet
  facet normal 0 0 -1
    outer loop
      vertex 62.0453 -1.40341 0
      vertex 70.62 0 0
      vertex 62.15 -1.39999 0
    endloop
  endfacet
  facet normal 0 0 -1
    outer loop
      vertex 61.9411 -1.41368 0
      vertex 70.62 0 0
      vertex 62.0453 -1.40341 0
    endloop
  endfacet
  facet normal -0 0 -1
    outer loop
      vertex 60.5807 -3.31213 0
      vertex 47.6025 -16.1475 0
      vertex 60.5637 -3.20883 0
    endloop
  endfacet
  facet normal 0 0 -1
    outer loop
      vertex 54.2775 -16.1475 0
      vertex 60.3551 -17.5138 0
      vertex 60.2089 -17.6699 0
    endloop
  endfacet
  facet normal 0 0 -1
    outer loop
      vertex 54.2775 -16.1475 0
      vertex 60.2089 -17.6699 0
      vertex 60.0732 -17.8353 0
    endloop
  endfacet
  facet normal 0 0 -1
    outer loop
      vertex 54.2775 -16.1475 0
      vertex 60.0732 -17.8353 0
      vertex 59.9486 -18.0091 0
    endloop
  endfacet
  facet normal -0 0 -1
    outer loop
      vertex 60.5637 -3.20883 0
      vertex 47.6025 -16.1475 0
      vertex 60.5534 -3.10464 0
    endloop
  endfacet
  facet normal 0 0 -1
    outer loop
      vertex 54.2775 -16.1475 0
      vertex 59.9486 -18.0091 0
      vertex 59.8357 -18.1907 0
    endloop
  endfacet
  facet normal 0 0 -1
    outer loop
      vertex 54.2775 -16.1475 0
      vertex 59.8357 -18.1907 0
      vertex 59.7349 -18.3794 0
    endloop
  endfacet
  facet normal 0 0 -1
    outer loop
      vertex 54.2775 -16.1475 0
      vertex 59.7349 -18.3794 0
      vertex 59.6466 -18.5742 0
    endloop
  endfacet
  facet normal 0 0 -1
    outer loop
      vertex 54.2775 -16.1475 0
      vertex 59.6466 -18.5742 0
      vertex 59.5713 -18.7744 0
    endloop
  endfacet
  facet normal 0 0 -1
    outer loop
      vertex 54.2775 -16.1475 0
      vertex 59.5713 -18.7744 0
      vertex 59.5092 -18.979 0
    endloop
  endfacet
  facet normal 0 0 -1
    outer loop
      vertex 54.2775 -16.1475 0
      vertex 59.5092 -18.979 0
      vertex 59.4606 -19.1873 0
    endloop
  endfacet
  facet normal 0 0 -1
    outer loop
      vertex 54.2775 -16.1475 0
      vertex 59.4606 -19.1873 0
      vertex 59.4258 -19.3984 0
    endloop
  endfacet
  facet normal 0 0 -1
    outer loop
      vertex 54.2775 -16.1475 0
      vertex 59.4258 -19.3984 0
      vertex 59.4048 -19.6112 0
    endloop
  endfacet
  facet normal 0 0 -1
    outer loop
      vertex 54.2775 -16.1475 0
      vertex 59.3978 -19.825 0
      vertex 54.2775 -23.3075 0
    endloop
  endfacet
  facet normal 0 0 -1
    outer loop
      vertex 59.3978 -19.825 0
      vertex 54.2775 -16.1475 0
      vertex 59.4048 -19.6112 0
    endloop
  endfacet
  facet normal -0 0 -1
    outer loop
      vertex 60.5534 -3.10464 0
      vertex 47.6025 -16.1475 0
      vertex 60.55 -3 0
    endloop
  endfacet
  facet normal -0 0 -1
    outer loop
      vertex 60.55 -3 0
      vertex 47.6025 -16.1475 0
      vertex 60.5534 -2.89534 0
    endloop
  endfacet
  facet normal -0 0 -1
    outer loop
      vertex 60.5534 -2.89534 0
      vertex 47.6025 -16.1475 0
      vertex 60.5637 -2.79115 0
    endloop
  endfacet
  facet normal -0 0 -1
    outer loop
      vertex 60.5637 -2.79115 0
      vertex 47.6025 -16.1475 0
      vertex 60.5807 -2.68785 0
    endloop
  endfacet
  facet normal -0 0 -1
    outer loop
      vertex 60.5807 -2.68785 0
      vertex 47.6025 -16.1475 0
      vertex 60.6045 -2.58588 0
    endloop
  endfacet
  facet normal -0 0 -1
    outer loop
      vertex 60.6045 -2.58588 0
      vertex 47.6025 -16.1475 0
      vertex 60.6349 -2.48569 0
    endloop
  endfacet
  facet normal -0 0 -1
    outer loop
      vertex 60.6349 -2.48569 0
      vertex 47.6025 -16.1475 0
      vertex 60.6718 -2.3877 0
    endloop
  endfacet
  facet normal 0 0 -1
    outer loop
      vertex 10.4482 -2.3877 0
      vertex 60.6718 -2.3877 0
      vertex 47.6025 -16.1475 0
    endloop
  endfacet
  facet normal 0 0 -1
    outer loop
      vertex 60.6718 -2.3877 0
      vertex 10.4482 -2.3877 0
      vertex 60.715 -2.29233 0
    endloop
  endfacet
  facet normal 0 0 -1
    outer loop
      vertex 10.405 -2.29233 0
      vertex 60.715 -2.29233 0
      vertex 10.4482 -2.3877 0
    endloop
  endfacet
  facet normal 0 0 -1
    outer loop
      vertex 60.715 -2.29233 0
      vertex 10.405 -2.29233 0
      vertex 60.7644 -2.2 0
    endloop
  endfacet
  facet normal 0 0 -1
    outer loop
      vertex 10.3556 -2.2 0
      vertex 60.7644 -2.2 0
      vertex 10.405 -2.29233 0
    endloop
  endfacet
  facet normal 0 0 -1
    outer loop
      vertex 60.7644 -2.2 0
      vertex 10.3556 -2.2 0
      vertex 60.8196 -2.11108 0
    endloop
  endfacet
  facet normal 0 0 -1
    outer loop
      vertex 10.5563 -36.4411 0
      vertex 47.6025 -23.3075 0
      vertex 10.5666 -36.5453 0
    endloop
  endfacet
  facet normal 0 0 -1
    outer loop
      vertex 10.5666 -2.89534 0
      vertex 47.6025 -16.1475 0
      vertex 10.57 -3 0
    endloop
  endfacet
  facet normal 0 0 -1
    outer loop
      vertex 10.5563 -2.79115 0
      vertex 47.6025 -16.1475 0
      vertex 10.5666 -2.89534 0
    endloop
  endfacet
  facet normal 0 0 -1
    outer loop
      vertex 10.5392 -2.68785 0
      vertex 47.6025 -16.1475 0
      vertex 10.5563 -2.79115 0
    endloop
  endfacet
  facet normal 0 0 -1
    outer loop
      vertex 10.5155 -2.58588 0
      vertex 47.6025 -16.1475 0
      vertex 10.5392 -2.68785 0
    endloop
  endfacet
  facet normal 0 0 -1
    outer loop
      vertex 10.4851 -2.48569 0
      vertex 47.6025 -16.1475 0
      vertex 10.5155 -2.58588 0
    endloop
  endfacet
  facet normal 0 0 -1
    outer loop
      vertex 10.4482 -2.3877 0
      vertex 47.6025 -16.1475 0
      vertex 10.4851 -2.48569 0
    endloop
  endfacet
  facet normal 0 0 -1
    outer loop
      vertex 10.3003 -2.11108 0
      vertex 60.8196 -2.11108 0
      vertex 10.3556 -2.2 0
    endloop
  endfacet
  facet normal 0 0 -1
    outer loop
      vertex 60.8196 -2.11108 0
      vertex 10.3003 -2.11108 0
      vertex 60.8806 -2.02597 0
    endloop
  endfacet
  facet normal 0 0 -1
    outer loop
      vertex 10.2394 -2.02597 0
      vertex 60.8806 -2.02597 0
      vertex 10.3003 -2.11108 0
    endloop
  endfacet
  facet normal 0 0 -1
    outer loop
      vertex 60.8806 -2.02597 0
      vertex 10.2394 -2.02597 0
      vertex 60.9471 -1.94504 0
    endloop
  endfacet
  facet normal 0 0 -1
    outer loop
      vertex 10.1729 -1.94504 0
      vertex 60.9471 -1.94504 0
      vertex 10.2394 -2.02597 0
    endloop
  endfacet
  facet normal 0 0 -1
    outer loop
      vertex 60.9471 -1.94504 0
      vertex 10.1729 -1.94504 0
      vertex 61.0186 -1.86862 0
    endloop
  endfacet
  facet normal 0 0 -1
    outer loop
      vertex 10.1014 -1.86862 0
      vertex 61.0186 -1.86862 0
      vertex 10.1729 -1.94504 0
    endloop
  endfacet
  facet normal 0 0 -1
    outer loop
      vertex 61.0186 -1.86862 0
      vertex 10.1014 -1.86862 0
      vertex 61.095 -1.79704 0
    endloop
  endfacet
  facet normal 0 0 -1
    outer loop
      vertex 10.0249 -1.79704 0
      vertex 61.095 -1.79704 0
      vertex 10.1014 -1.86862 0
    endloop
  endfacet
  facet normal 0 0 -1
    outer loop
      vertex 61.095 -1.79704 0
      vertex 10.0249 -1.79704 0
      vertex 61.176 -1.73062 0
    endloop
  endfacet
  facet normal 0 0 -1
    outer loop
      vertex 9.94402 -1.73062 0
      vertex 61.176 -1.73062 0
      vertex 10.0249 -1.79704 0
    endloop
  endfacet
  facet normal 0 0 -1
    outer loop
      vertex 61.176 -1.73062 0
      vertex 9.94402 -1.73062 0
      vertex 61.2611 -1.66965 0
    endloop
  endfacet
  facet normal 0 0 -1
    outer loop
      vertex 9.8589 -1.66965 0
      vertex 61.2611 -1.66965 0
      vertex 9.94402 -1.73062 0
    endloop
  endfacet
  facet normal 0 0 -1
    outer loop
      vertex 61.2611 -1.66965 0
      vertex 9.8589 -1.66965 0
      vertex 61.35 -1.61435 0
    endloop
  endfacet
  facet normal 0 0 -1
    outer loop
      vertex 9.76999 -1.61435 0
      vertex 61.35 -1.61435 0
      vertex 9.8589 -1.66965 0
    endloop
  endfacet
  facet normal 0 0 -1
    outer loop
      vertex 61.35 -1.61435 0
      vertex 9.76999 -1.61435 0
      vertex 61.4423 -1.565 0
    endloop
  endfacet
  facet normal 0 0 -1
    outer loop
      vertex 9.67766 -1.565 0
      vertex 61.4423 -1.565 0
      vertex 9.76999 -1.61435 0
    endloop
  endfacet
  facet normal 0 0 -1
    outer loop
      vertex 61.4423 -1.565 0
      vertex 9.67766 -1.565 0
      vertex 61.5377 -1.52179 0
    endloop
  endfacet
  facet normal 0 0 -1
    outer loop
      vertex 9.58229 -1.52179 0
      vertex 61.5377 -1.52179 0
      vertex 9.67766 -1.565 0
    endloop
  endfacet
  facet normal 0 0 -1
    outer loop
      vertex 61.5377 -1.52179 0
      vertex 9.58229 -1.52179 0
      vertex 61.6357 -1.48491 0
    endloop
  endfacet
  facet normal 0 0 -1
    outer loop
      vertex 9.4843 -1.48491 0
      vertex 61.6357 -1.48491 0
      vertex 9.58229 -1.52179 0
    endloop
  endfacet
  facet normal 0 0 -1
    outer loop
      vertex 61.6357 -1.48491 0
      vertex 9.4843 -1.48491 0
      vertex 61.7359 -1.45451 0
    endloop
  endfacet
  facet normal 0 0 -1
    outer loop
      vertex 9.38411 -1.45451 0
      vertex 61.7359 -1.45451 0
      vertex 9.4843 -1.48491 0
    endloop
  endfacet
  facet normal 0 0 -1
    outer loop
      vertex 61.7359 -1.45451 0
      vertex 9.38411 -1.45451 0
      vertex 61.8378 -1.43074 0
    endloop
  endfacet
  facet normal 0 0 -1
    outer loop
      vertex 9.28214 -1.43074 0
      vertex 61.8378 -1.43074 0
      vertex 9.38411 -1.45451 0
    endloop
  endfacet
  facet normal 0 0 -1
    outer loop
      vertex 61.8378 -1.43074 0
      vertex 9.28214 -1.43074 0
      vertex 61.9411 -1.41368 0
    endloop
  endfacet
  facet normal 0 0 -1
    outer loop
      vertex 9.17883 -1.41368 0
      vertex 61.9411 -1.41368 0
      vertex 9.28214 -1.43074 0
    endloop
  endfacet
  facet normal 0 0 -1
    outer loop
      vertex 61.9411 -1.41368 0
      vertex 9.17883 -1.41368 0
      vertex 70.62 0 0
    endloop
  endfacet
  facet normal 0 0 -1
    outer loop
      vertex 0.5 0 0
      vertex 9.17883 -1.41368 0
      vertex 9.07463 -1.40341 0
    endloop
  endfacet
  facet normal 0 0 -1
    outer loop
      vertex 0.5 0 0
      vertex 9.07463 -1.40341 0
      vertex 8.96999 -1.39999 0
    endloop
  endfacet
  facet normal 0 0 -1
    outer loop
      vertex 0.5 0 0
      vertex 8.96999 -1.39999 0
      vertex 6.26999 -1.39999 0
    endloop
  endfacet
  facet normal 0 0 -1
    outer loop
      vertex 4.67342 -3.10464 0
      vertex 0 -0.5 0
      vertex 4.67 -3 0
    endloop
  endfacet
  facet normal 0 0 -1
    outer loop
      vertex 4.67 -3 0
      vertex 0 -0.5 0
      vertex 4.67342 -2.89534 0
    endloop
  endfacet
  facet normal 0 0 -1
    outer loop
      vertex 4.67342 -2.89534 0
      vertex 0 -0.5 0
      vertex 4.68369 -2.79115 0
    endloop
  endfacet
  facet normal 0 0 -1
    outer loop
      vertex 4.68369 -2.79115 0
      vertex 0 -0.5 0
      vertex 4.70073 -2.68785 0
    endloop
  endfacet
  facet normal 0 0 -1
    outer loop
      vertex 9.17883 -1.41368 0
      vertex 0.5 0 0
      vertex 70.62 0 0
    endloop
  endfacet
  facet normal 0 0 -1
    outer loop
      vertex 6.16534 -1.40341 0
      vertex 0.5 0 0
      vertex 6.26999 -1.39999 0
    endloop
  endfacet
  facet normal 0 0 -1
    outer loop
      vertex 6.06116 -1.41368 0
      vertex 0.5 0 0
      vertex 6.16534 -1.40341 0
    endloop
  endfacet
  facet normal 0 0 -1
    outer loop
      vertex 5.95786 -1.43074 0
      vertex 0.5 0 0
      vertex 6.06116 -1.41368 0
    endloop
  endfacet
  facet normal 0 0 -1
    outer loop
      vertex 5.85588 -1.45451 0
      vertex 0.5 0 0
      vertex 5.95786 -1.43074 0
    endloop
  endfacet
  facet normal 0 0 -1
    outer loop
      vertex 5.75569 -1.48491 0
      vertex 0.5 0 0
      vertex 5.85588 -1.45451 0
    endloop
  endfacet
  facet normal 0 0 -1
    outer loop
      vertex 5.6577 -1.52179 0
      vertex 0.5 0 0
      vertex 5.75569 -1.48491 0
    endloop
  endfacet
  facet normal 0 0 -1
    outer loop
      vertex 5.56233 -1.565 0
      vertex 0.5 0 0
      vertex 5.6577 -1.52179 0
    endloop
  endfacet
  facet normal 0 0 -1
    outer loop
      vertex 5.46999 -1.61435 0
      vertex 0.5 0 0
      vertex 5.56233 -1.565 0
    endloop
  endfacet
  facet normal 0 0 -1
    outer loop
      vertex 5.38107 -1.66965 0
      vertex 0.5 0 0
      vertex 5.46999 -1.61435 0
    endloop
  endfacet
  facet normal 0 0 -1
    outer loop
      vertex 5.29597 -1.73062 0
      vertex 0.5 0 0
      vertex 5.38107 -1.66965 0
    endloop
  endfacet
  facet normal 0 0 -1
    outer loop
      vertex 5.21504 -1.79704 0
      vertex 0.5 0 0
      vertex 5.29597 -1.73062 0
    endloop
  endfacet
  facet normal 0 0 -1
    outer loop
      vertex 5.13863 -1.86862 0
      vertex 0.5 0 0
      vertex 5.21504 -1.79704 0
    endloop
  endfacet
  facet normal 0 0 -1
    outer loop
      vertex 5.06705 -1.94504 0
      vertex 0.5 0 0
      vertex 5.13863 -1.86862 0
    endloop
  endfacet
  facet normal 0 0 -1
    outer loop
      vertex 5.00063 -2.02597 0
      vertex 0.5 0 0
      vertex 5.06705 -1.94504 0
    endloop
  endfacet
  facet normal 0 0 -1
    outer loop
      vertex 4.93964 -2.11108 0
      vertex 0.5 0 0
      vertex 5.00063 -2.02597 0
    endloop
  endfacet
  facet normal 0 0 -1
    outer loop
      vertex 4.88435 -2.2 0
      vertex 0.5 0 0
      vertex 4.93964 -2.11108 0
    endloop
  endfacet
  facet normal 0 0 -1
    outer loop
      vertex 4.83499 -2.29233 0
      vertex 0.5 0 0
      vertex 4.88435 -2.2 0
    endloop
  endfacet
  facet normal 0 0 -1
    outer loop
      vertex 4.79178 -2.3877 0
      vertex 0.5 0 0
      vertex 4.83499 -2.29233 0
    endloop
  endfacet
  facet normal 0 0 -1
    outer loop
      vertex 4.7549 -2.48569 0
      vertex 0.5 0 0
      vertex 4.79178 -2.3877 0
    endloop
  endfacet
  facet normal 0 0 -1
    outer loop
      vertex 4.72452 -2.58588 0
      vertex 0.5 0 0
      vertex 4.7549 -2.48569 0
    endloop
  endfacet
  facet normal 0 -0 -1
    outer loop
      vertex 0.5 0 0
      vertex 4.70073 -2.68785 0
      vertex 0 -0.5 0
    endloop
  endfacet
  facet normal -0 0 -1
    outer loop
      vertex 1.26999 -23.745 0
      vertex 0 -39.15 0
      vertex 1.26999 -16.32 0
    endloop
  endfacet
  facet normal 0 0 -1
    outer loop
      vertex 0.307785 -39.6139 0
      vertex 0.5 -39.65 0
      vertex 0.434494 -39.6479 0
    endloop
  endfacet
  facet normal 0 0 -1
    outer loop
      vertex 0 -0.5 0
      vertex 1.26999 -16.32 0
      vertex 0 -39.15 0
    endloop
  endfacet
  facet normal 0 0 -1
    outer loop
      vertex 0.5 -39.65 0
      vertex 0.307785 -39.6139 0
      vertex 0 -39.15 0
    endloop
  endfacet
  facet normal 0 0 -1
    outer loop
      vertex 4.70073 -2.68785 0
      vertex 0.5 0 0
      vertex 4.72452 -2.58588 0
    endloop
  endfacet
  facet normal 0 0 -1
    outer loop
      vertex 0 -39.15 0
      vertex 0.307785 -39.6139 0
      vertex 0.19429 -39.5484 0
    endloop
  endfacet
  facet normal 0 -0 -1
    outer loop
      vertex 0.307785 -0.036087 0
      vertex 0.5 0 0
      vertex 0 -0.5 0
    endloop
  endfacet
  facet normal 0 0 -1
    outer loop
      vertex 0 -39.15 0
      vertex 0.19429 -39.5484 0
      vertex 0.101593 -39.4557 0
    endloop
  endfacet
  facet normal 0 0 -1
    outer loop
      vertex 0.5 0 0
      vertex 0.307785 -0.036087 0
      vertex 0.434494 -0.00209045 0
    endloop
  endfacet
  facet normal 0 0 -1
    outer loop
      vertex 0 -39.15 0
      vertex 0.101593 -39.4557 0
      vertex 0.036087 -39.3422 0
    endloop
  endfacet
  facet normal 0 0 -1
    outer loop
      vertex 0.307785 -0.036087 0
      vertex 0 -0.5 0
      vertex 0.19429 -0.101593 0
    endloop
  endfacet
  facet normal 0 0 -1
    outer loop
      vertex 0 -39.15 0
      vertex 0.036087 -39.3422 0
      vertex 0.00209045 -39.2155 0
    endloop
  endfacet
  facet normal 0 0 -1
    outer loop
      vertex 0.19429 -0.101593 0
      vertex 0 -0.5 0
      vertex 0.101593 -0.19429 0
    endloop
  endfacet
  facet normal 0 0 -1
    outer loop
      vertex 0.101593 -0.19429 0
      vertex 0 -0.5 0
      vertex 0.036087 -0.307785 0
    endloop
  endfacet
  facet normal 0 0 -1
    outer loop
      vertex 0.036087 -0.307785 0
      vertex 0 -0.5 0
      vertex 0.00209045 -0.434494 0
    endloop
  endfacet
  facet normal 0 0 -1
    outer loop
      vertex 65.5977 -18.3794 0
      vertex 71.12 -0.5 0
      vertex 65.686 -18.5742 0
    endloop
  endfacet
  facet normal 0 0 -1
    outer loop
      vertex 71.12 -0.5 0
      vertex 66.2356 -3.79999 0
      vertex 66.285 -3.70766 0
    endloop
  endfacet
  facet normal 0 0 -1
    outer loop
      vertex 65.4969 -18.1907 0
      vertex 71.12 -0.5 0
      vertex 65.5977 -18.3794 0
    endloop
  endfacet
  facet normal 0 0 -1
    outer loop
      vertex 71.12 -0.5 0
      vertex 66.1803 -3.8889 0
      vertex 66.2356 -3.79999 0
    endloop
  endfacet
  facet normal 0 0 -1
    outer loop
      vertex 65.384 -18.0091 0
      vertex 71.12 -0.5 0
      vertex 65.4969 -18.1907 0
    endloop
  endfacet
  facet normal 0 0 -1
    outer loop
      vertex 71.12 -0.5 0
      vertex 66.1194 -3.97401 0
      vertex 66.1803 -3.8889 0
    endloop
  endfacet
  facet normal 0 0 -1
    outer loop
      vertex 71.12 -0.5 0
      vertex 65.384 -18.0091 0
      vertex 66.1194 -3.97401 0
    endloop
  endfacet
  facet normal 0 0 -1
    outer loop
      vertex 66.1194 -3.97401 0
      vertex 65.384 -18.0091 0
      vertex 66.0529 -4.05495 0
    endloop
  endfacet
  facet normal 0 0 -1
    outer loop
      vertex 65.2594 -17.8353 0
      vertex 66.0529 -4.05495 0
      vertex 65.384 -18.0091 0
    endloop
  endfacet
  facet normal 0 0 -1
    outer loop
      vertex 66.0529 -4.05495 0
      vertex 65.2594 -17.8353 0
      vertex 65.9814 -4.13136 0
    endloop
  endfacet
  facet normal 0 0 -1
    outer loop
      vertex 65.1237 -17.6699 0
      vertex 65.9814 -4.13136 0
      vertex 65.2594 -17.8353 0
    endloop
  endfacet
  facet normal 0 0 -1
    outer loop
      vertex 65.9814 -4.13136 0
      vertex 65.1237 -17.6699 0
      vertex 65.905 -4.20294 0
    endloop
  endfacet
  facet normal 0 0 -1
    outer loop
      vertex 65.905 -4.20294 0
      vertex 65.1237 -17.6699 0
      vertex 65.824 -4.26936 0
    endloop
  endfacet
  facet normal 0 0 -1
    outer loop
      vertex 64.9775 -17.5138 0
      vertex 65.824 -4.26936 0
      vertex 65.1237 -17.6699 0
    endloop
  endfacet
  facet normal 0 0 -1
    outer loop
      vertex 65.824 -4.26936 0
      vertex 64.9775 -17.5138 0
      vertex 65.7389 -4.33034 0
    endloop
  endfacet
  facet normal 0 0 -1
    outer loop
      vertex 64.8214 -17.3676 0
      vertex 65.7389 -4.33034 0
      vertex 64.9775 -17.5138 0
    endloop
  endfacet
  facet normal 0 0 -1
    outer loop
      vertex 65.7389 -4.33034 0
      vertex 64.8214 -17.3676 0
      vertex 65.65 -4.38564 0
    endloop
  endfacet
  facet normal 0 0 -1
    outer loop
      vertex 64.656 -17.2319 0
      vertex 65.65 -4.38564 0
      vertex 64.8214 -17.3676 0
    endloop
  endfacet
  facet normal 0 0 -1
    outer loop
      vertex 65.65 -4.38564 0
      vertex 64.656 -17.2319 0
      vertex 65.5576 -4.43498 0
    endloop
  endfacet
  facet normal 0 0 -1
    outer loop
      vertex 64.4822 -17.1073 0
      vertex 65.5576 -4.43498 0
      vertex 64.656 -17.2319 0
    endloop
  endfacet
  facet normal 0 0 -1
    outer loop
      vertex 65.5576 -4.43498 0
      vertex 64.4822 -17.1073 0
      vertex 65.4623 -4.4782 0
    endloop
  endfacet
  facet normal 0 0 -1
    outer loop
      vertex 64.3005 -16.9944 0
      vertex 65.4623 -4.4782 0
      vertex 64.4822 -17.1073 0
    endloop
  endfacet
  facet normal 0 0 -1
    outer loop
      vertex 65.4623 -4.4782 0
      vertex 64.3005 -16.9944 0
      vertex 65.3643 -4.51508 0
    endloop
  endfacet
  facet normal 0 0 -1
    outer loop
      vertex 64.1119 -16.8936 0
      vertex 65.3643 -4.51508 0
      vertex 64.3005 -16.9944 0
    endloop
  endfacet
  facet normal 0 0 -1
    outer loop
      vertex 65.3643 -4.51508 0
      vertex 64.1119 -16.8936 0
      vertex 65.2641 -4.54547 0
    endloop
  endfacet
  facet normal 0 0 -1
    outer loop
      vertex 65.2641 -4.54547 0
      vertex 64.1119 -16.8936 0
      vertex 65.1621 -4.56924 0
    endloop
  endfacet
  facet normal 0 0 -1
    outer loop
      vertex 63.9171 -16.8053 0
      vertex 65.1621 -4.56924 0
      vertex 64.1119 -16.8936 0
    endloop
  endfacet
  facet normal 0 0 -1
    outer loop
      vertex 65.1621 -4.56924 0
      vertex 63.9171 -16.8053 0
      vertex 65.0588 -4.5863 0
    endloop
  endfacet
  facet normal 0 0 -1
    outer loop
      vertex 63.7169 -16.7299 0
      vertex 65.0588 -4.5863 0
      vertex 63.9171 -16.8053 0
    endloop
  endfacet
  facet normal 0 0 -1
    outer loop
      vertex 65.0588 -4.5863 0
      vertex 63.7169 -16.7299 0
      vertex 64.9546 -4.59657 0
    endloop
  endfacet
  facet normal 0 0 -1
    outer loop
      vertex 63.5122 -16.6679 0
      vertex 64.9546 -4.59657 0
      vertex 63.7169 -16.7299 0
    endloop
  endfacet
  facet normal 0 0 -1
    outer loop
      vertex 64.9546 -4.59657 0
      vertex 63.5122 -16.6679 0
      vertex 64.85 -4.59999 0
    endloop
  endfacet
  facet normal 0 0 -1
    outer loop
      vertex 63.3039 -16.6193 0
      vertex 64.85 -4.59999 0
      vertex 63.5122 -16.6679 0
    endloop
  endfacet
  facet normal 0 0 -1
    outer loop
      vertex 63.0929 -16.5845 0
      vertex 64.85 -4.59999 0
      vertex 63.3039 -16.6193 0
    endloop
  endfacet
  facet normal 0 0 -1
    outer loop
      vertex 62.8801 -16.5635 0
      vertex 64.85 -4.59999 0
      vertex 63.0929 -16.5845 0
    endloop
  endfacet
  facet normal 0 0 -1
    outer loop
      vertex 62.15 -4.59999 0
      vertex 62.8801 -16.5635 0
      vertex 62.6663 -16.5565 0
    endloop
  endfacet
  facet normal 0 0 -1
    outer loop
      vertex 62.15 -4.59999 0
      vertex 62.6663 -16.5565 0
      vertex 62.4525 -16.5635 0
    endloop
  endfacet
  facet normal 0 0 -1
    outer loop
      vertex 62.0453 -4.59657 0
      vertex 62.4525 -16.5635 0
      vertex 62.2397 -16.5845 0
    endloop
  endfacet
  facet normal 0 0 -1
    outer loop
      vertex 62.8801 -16.5635 0
      vertex 62.15 -4.59999 0
      vertex 64.85 -4.59999 0
    endloop
  endfacet
  facet normal 0 0 -1
    outer loop
      vertex 62.4525 -16.5635 0
      vertex 62.0453 -4.59657 0
      vertex 62.15 -4.59999 0
    endloop
  endfacet
  facet normal 0 0 -1
    outer loop
      vertex 61.9411 -4.5863 0
      vertex 62.2397 -16.5845 0
      vertex 62.0286 -16.6193 0
    endloop
  endfacet
  facet normal 0 0 -1
    outer loop
      vertex 62.2397 -16.5845 0
      vertex 61.9411 -4.5863 0
      vertex 62.0453 -4.59657 0
    endloop
  endfacet
  facet normal 0 0 -1
    outer loop
      vertex 62.0286 -16.6193 0
      vertex 61.8378 -4.56924 0
      vertex 61.9411 -4.5863 0
    endloop
  endfacet
  facet normal 0 0 -1
    outer loop
      vertex 61.8203 -16.6679 0
      vertex 61.8378 -4.56924 0
      vertex 62.0286 -16.6193 0
    endloop
  endfacet
  facet normal 0 0 -1
    outer loop
      vertex 61.8203 -16.6679 0
      vertex 61.7359 -4.54547 0
      vertex 61.8378 -4.56924 0
    endloop
  endfacet
  facet normal 0 0 -1
    outer loop
      vertex 61.8203 -16.6679 0
      vertex 61.6357 -4.51508 0
      vertex 61.7359 -4.54547 0
    endloop
  endfacet
  facet normal 0 0 -1
    outer loop
      vertex 61.6157 -16.7299 0
      vertex 61.6357 -4.51508 0
      vertex 61.8203 -16.6679 0
    endloop
  endfacet
  facet normal 0 0 -1
    outer loop
      vertex 61.6157 -16.7299 0
      vertex 61.5377 -4.4782 0
      vertex 61.6357 -4.51508 0
    endloop
  endfacet
  facet normal 0 0 -1
    outer loop
      vertex 61.4155 -16.8053 0
      vertex 61.5377 -4.4782 0
      vertex 61.6157 -16.7299 0
    endloop
  endfacet
  facet normal -0 0 -1
    outer loop
      vertex 61.5377 -4.4782 0
      vertex 61.4155 -16.8053 0
      vertex 61.4423 -4.43498 0
    endloop
  endfacet
  facet normal 0 0 -1
    outer loop
      vertex 61.2207 -16.8936 0
      vertex 61.4423 -4.43498 0
      vertex 61.4155 -16.8053 0
    endloop
  endfacet
  facet normal 0 0 -1
    outer loop
      vertex 54.2775 -16.1475 0
      vertex 61.4423 -4.43498 0
      vertex 61.2207 -16.8936 0
    endloop
  endfacet
  facet normal 0 0 -1
    outer loop
      vertex 54.2775 -16.1475 0
      vertex 61.2207 -16.8936 0
      vertex 61.032 -16.9944 0
    endloop
  endfacet
  facet normal -0 0 -1
    outer loop
      vertex 61.4423 -4.43498 0
      vertex 54.2775 -16.1475 0
      vertex 61.35 -4.38564 0
    endloop
  endfacet
  facet normal 0 0 -1
    outer loop
      vertex 54.2775 -16.1475 0
      vertex 61.032 -16.9944 0
      vertex 60.8504 -17.1073 0
    endloop
  endfacet
  facet normal -0 0 -1
    outer loop
      vertex 61.35 -4.38564 0
      vertex 54.2775 -16.1475 0
      vertex 61.2611 -4.33034 0
    endloop
  endfacet
  facet normal -0 0 -1
    outer loop
      vertex 61.2611 -4.33034 0
      vertex 54.2775 -16.1475 0
      vertex 61.176 -4.26936 0
    endloop
  endfacet
  facet normal 0 0 -1
    outer loop
      vertex 54.2775 -16.1475 0
      vertex 60.8504 -17.1073 0
      vertex 60.6766 -17.2319 0
    endloop
  endfacet
  facet normal -0 0 -1
    outer loop
      vertex 61.176 -4.26936 0
      vertex 54.2775 -16.1475 0
      vertex 61.095 -4.20294 0
    endloop
  endfacet
  facet normal 0 0 -1
    outer loop
      vertex 54.2775 -16.1475 0
      vertex 60.6766 -17.2319 0
      vertex 60.5112 -17.3676 0
    endloop
  endfacet
  facet normal -0 0 -1
    outer loop
      vertex 61.095 -4.20294 0
      vertex 54.2775 -16.1475 0
      vertex 61.0186 -4.13136 0
    endloop
  endfacet
  facet normal 0 0 -1
    outer loop
      vertex 54.2775 -16.1475 0
      vertex 60.5112 -17.3676 0
      vertex 60.3551 -17.5138 0
    endloop
  endfacet
  facet normal -0 0 -1
    outer loop
      vertex 61.0186 -4.13136 0
      vertex 54.2775 -16.1475 0
      vertex 60.9471 -4.05495 0
    endloop
  endfacet
  facet normal -0 0 -1
    outer loop
      vertex 60.9471 -4.05495 0
      vertex 54.2775 -16.1475 0
      vertex 60.8806 -3.97401 0
    endloop
  endfacet
  facet normal -0 0 -1
    outer loop
      vertex 60.8806 -3.97401 0
      vertex 54.2775 -16.1475 0
      vertex 60.8196 -3.8889 0
    endloop
  endfacet
  facet normal -0 0 -1
    outer loop
      vertex 60.8196 -3.8889 0
      vertex 54.2775 -16.1475 0
      vertex 60.7644 -3.79999 0
    endloop
  endfacet
  facet normal -0 0 -1
    outer loop
      vertex 60.7644 -3.79999 0
      vertex 54.2775 -16.1475 0
      vertex 60.715 -3.70766 0
    endloop
  endfacet
  facet normal -0 0 -1
    outer loop
      vertex 60.715 -3.70766 0
      vertex 54.2775 -16.1475 0
      vertex 60.6718 -3.61229 0
    endloop
  endfacet
  facet normal -0 0 -1
    outer loop
      vertex 60.6718 -3.61229 0
      vertex 54.2775 -16.1475 0
      vertex 60.6349 -3.5143 0
    endloop
  endfacet
  facet normal 0 0 -1
    outer loop
      vertex 47.6025 -16.1475 0
      vertex 60.6349 -3.5143 0
      vertex 54.2775 -16.1475 0
    endloop
  endfacet
  facet normal -0 0 -1
    outer loop
      vertex 60.6349 -3.5143 0
      vertex 47.6025 -16.1475 0
      vertex 60.6045 -3.41411 0
    endloop
  endfacet
  facet normal -0 0 -1
    outer loop
      vertex 60.6045 -3.41411 0
      vertex 47.6025 -16.1475 0
      vertex 60.5807 -3.31213 0
    endloop
  endfacet
  facet normal 0 0 1
    outer loop
      vertex 4.67342 -36.5453 2.5
      vertex 0.889999 -35.15 2.5
      vertex 4.67 -36.65 2.5
    endloop
  endfacet
  facet normal 0 0 1
    outer loop
      vertex 4.68369 -36.4411 2.5
      vertex 0.889999 -35.15 2.5
      vertex 4.67342 -36.5453 2.5
    endloop
  endfacet
  facet normal 0 0 1
    outer loop
      vertex 4.70073 -36.3378 2.5
      vertex 0.889999 -35.15 2.5
      vertex 4.68369 -36.4411 2.5
    endloop
  endfacet
  facet normal 0 0 1
    outer loop
      vertex 4.72452 -36.2359 2.5
      vertex 0.889999 -35.15 2.5
      vertex 4.70073 -36.3378 2.5
    endloop
  endfacet
  facet normal 0 0 1
    outer loop
      vertex 4.7549 -36.1357 2.5
      vertex 0.889999 -35.15 2.5
      vertex 4.72452 -36.2359 2.5
    endloop
  endfacet
  facet normal 0 0 1
    outer loop
      vertex 4.79178 -36.0377 2.5
      vertex 0.889999 -35.15 2.5
      vertex 4.7549 -36.1357 2.5
    endloop
  endfacet
  facet normal 0 0 1
    outer loop
      vertex 4.83499 -35.9423 2.5
      vertex 0.889999 -35.15 2.5
      vertex 4.79178 -36.0377 2.5
    endloop
  endfacet
  facet normal 0 0 1
    outer loop
      vertex 4.88435 -35.85 2.5
      vertex 0.889999 -35.15 2.5
      vertex 4.83499 -35.9423 2.5
    endloop
  endfacet
  facet normal 0 0 1
    outer loop
      vertex 4.93964 -35.7611 2.5
      vertex 0.889999 -35.15 2.5
      vertex 4.88435 -35.85 2.5
    endloop
  endfacet
  facet normal 0 0 1
    outer loop
      vertex 5.00063 -35.676 2.5
      vertex 0.889999 -35.15 2.5
      vertex 4.93964 -35.7611 2.5
    endloop
  endfacet
  facet normal 0 0 1
    outer loop
      vertex 5.06705 -35.595 2.5
      vertex 0.889999 -35.15 2.5
      vertex 5.00063 -35.676 2.5
    endloop
  endfacet
  facet normal 0 0 1
    outer loop
      vertex 5.13863 -35.5186 2.5
      vertex 0.889999 -35.15 2.5
      vertex 5.06705 -35.595 2.5
    endloop
  endfacet
  facet normal 0 0 1
    outer loop
      vertex 5.21504 -35.4471 2.5
      vertex 0.889999 -35.15 2.5
      vertex 5.13863 -35.5186 2.5
    endloop
  endfacet
  facet normal 0 0 1
    outer loop
      vertex 5.29597 -35.3806 2.5
      vertex 0.889999 -35.15 2.5
      vertex 5.21504 -35.4471 2.5
    endloop
  endfacet
  facet normal 0 0 1
    outer loop
      vertex 5.38107 -35.3196 2.5
      vertex 0.889999 -35.15 2.5
      vertex 5.29597 -35.3806 2.5
    endloop
  endfacet
  facet normal 0 0 1
    outer loop
      vertex 5.46999 -35.2644 2.5
      vertex 0.889999 -35.15 2.5
      vertex 5.38107 -35.3196 2.5
    endloop
  endfacet
  facet normal 0 0 1
    outer loop
      vertex 5.56233 -35.215 2.5
      vertex 0.889999 -35.15 2.5
      vertex 5.46999 -35.2644 2.5
    endloop
  endfacet
  facet normal 0 0 1
    outer loop
      vertex 5.6577 -35.1718 2.5
      vertex 0.889999 -35.15 2.5
      vertex 5.56233 -35.215 2.5
    endloop
  endfacet
  facet normal -0 0 1
    outer loop
      vertex 0.889999 -35.15 2.5
      vertex 5.6577 -35.1718 2.5
      vertex 5.71558 -35.15 2.5
    endloop
  endfacet
  facet normal 0 0 1
    outer loop
      vertex 54.29 -35.15 2.5
      vertex 10.5666 -36.5453 2.5
      vertex 10.57 -36.65 2.5
    endloop
  endfacet
  facet normal 0 0 1
    outer loop
      vertex 54.29 -35.15 2.5
      vertex 10.5563 -36.4411 2.5
      vertex 10.5666 -36.5453 2.5
    endloop
  endfacet
  facet normal 0 0 1
    outer loop
      vertex 54.29 -35.15 2.5
      vertex 10.5392 -36.3378 2.5
      vertex 10.5563 -36.4411 2.5
    endloop
  endfacet
  facet normal 0 0 1
    outer loop
      vertex 54.29 -35.15 2.5
      vertex 10.5155 -36.2359 2.5
      vertex 10.5392 -36.3378 2.5
    endloop
  endfacet
  facet normal 0 0 1
    outer loop
      vertex 54.29 -35.15 2.5
      vertex 10.4851 -36.1357 2.5
      vertex 10.5155 -36.2359 2.5
    endloop
  endfacet
  facet normal 0 0 1
    outer loop
      vertex 54.29 -35.15 2.5
      vertex 10.4482 -36.0377 2.5
      vertex 10.4851 -36.1357 2.5
    endloop
  endfacet
  facet normal 0 0 1
    outer loop
      vertex 54.29 -35.15 2.5
      vertex 10.405 -35.9423 2.5
      vertex 10.4482 -36.0377 2.5
    endloop
  endfacet
  facet normal 0 0 1
    outer loop
      vertex 54.29 -35.15 2.5
      vertex 10.3556 -35.85 2.5
      vertex 10.405 -35.9423 2.5
    endloop
  endfacet
  facet normal 0 0 1
    outer loop
      vertex 54.29 -35.15 2.5
      vertex 10.3003 -35.7611 2.5
      vertex 10.3556 -35.85 2.5
    endloop
  endfacet
  facet normal 0 0 1
    outer loop
      vertex 54.29 -35.15 2.5
      vertex 10.2394 -35.676 2.5
      vertex 10.3003 -35.7611 2.5
    endloop
  endfacet
  facet normal 0 0 1
    outer loop
      vertex 54.29 -35.15 2.5
      vertex 10.1729 -35.595 2.5
      vertex 10.2394 -35.676 2.5
    endloop
  endfacet
  facet normal 0 0 1
    outer loop
      vertex 54.29 -35.15 2.5
      vertex 10.1014 -35.5186 2.5
      vertex 10.1729 -35.595 2.5
    endloop
  endfacet
  facet normal 0 0 1
    outer loop
      vertex 54.29 -35.15 2.5
      vertex 10.0249 -35.4471 2.5
      vertex 10.1014 -35.5186 2.5
    endloop
  endfacet
  facet normal 0 0 1
    outer loop
      vertex 54.29 -35.15 2.5
      vertex 9.94402 -35.3806 2.5
      vertex 10.0249 -35.4471 2.5
    endloop
  endfacet
  facet normal 0 0 1
    outer loop
      vertex 54.29 -35.15 2.5
      vertex 9.8589 -35.3196 2.5
      vertex 9.94402 -35.3806 2.5
    endloop
  endfacet
  facet normal 0 0 1
    outer loop
      vertex 54.29 -35.15 2.5
      vertex 9.76999 -35.2644 2.5
      vertex 9.8589 -35.3196 2.5
    endloop
  endfacet
  facet normal 0 0 1
    outer loop
      vertex 54.29 -35.15 2.5
      vertex 9.67766 -35.215 2.5
      vertex 9.76999 -35.2644 2.5
    endloop
  endfacet
  facet normal 0 0 1
    outer loop
      vertex 54.29 -35.15 2.5
      vertex 9.58229 -35.1718 2.5
      vertex 9.67766 -35.215 2.5
    endloop
  endfacet
  facet normal 0 -0 1
    outer loop
      vertex 9.58229 -35.1718 2.5
      vertex 54.29 -35.15 2.5
      vertex 9.52441 -35.15 2.5
    endloop
  endfacet
  facet normal -0 0 1
    outer loop
      vertex 10.5666 -3.10464 2.5
      vertex 54.29 -4.75 2.5
      vertex 10.57 -3 2.5
    endloop
  endfacet
  facet normal -0 0 1
    outer loop
      vertex 10.5563 -3.20883 2.5
      vertex 54.29 -4.75 2.5
      vertex 10.5666 -3.10464 2.5
    endloop
  endfacet
  facet normal -0 0 1
    outer loop
      vertex 10.5392 -3.31213 2.5
      vertex 54.29 -4.75 2.5
      vertex 10.5563 -3.20883 2.5
    endloop
  endfacet
  facet normal -0 0 1
    outer loop
      vertex 10.5155 -3.41411 2.5
      vertex 54.29 -4.75 2.5
      vertex 10.5392 -3.31213 2.5
    endloop
  endfacet
  facet normal -0 0 1
    outer loop
      vertex 10.4851 -3.5143 2.5
      vertex 54.29 -4.75 2.5
      vertex 10.5155 -3.41411 2.5
    endloop
  endfacet
  facet normal -0 0 1
    outer loop
      vertex 10.4482 -3.61229 2.5
      vertex 54.29 -4.75 2.5
      vertex 10.4851 -3.5143 2.5
    endloop
  endfacet
  facet normal -0 0 1
    outer loop
      vertex 10.405 -3.70766 2.5
      vertex 54.29 -4.75 2.5
      vertex 10.4482 -3.61229 2.5
    endloop
  endfacet
  facet normal -0 0 1
    outer loop
      vertex 10.3556 -3.79999 2.5
      vertex 54.29 -4.75 2.5
      vertex 10.405 -3.70766 2.5
    endloop
  endfacet
  facet normal -0 0 1
    outer loop
      vertex 10.3003 -3.8889 2.5
      vertex 54.29 -4.75 2.5
      vertex 10.3556 -3.79999 2.5
    endloop
  endfacet
  facet normal -0 0 1
    outer loop
      vertex 10.2394 -3.97401 2.5
      vertex 54.29 -4.75 2.5
      vertex 10.3003 -3.8889 2.5
    endloop
  endfacet
  facet normal -0 0 1
    outer loop
      vertex 10.1729 -4.05495 2.5
      vertex 54.29 -4.75 2.5
      vertex 10.2394 -3.97401 2.5
    endloop
  endfacet
  facet normal -0 0 1
    outer loop
      vertex 10.1014 -4.13136 2.5
      vertex 54.29 -4.75 2.5
      vertex 10.1729 -4.05495 2.5
    endloop
  endfacet
  facet normal -0 0 1
    outer loop
      vertex 10.0249 -4.20294 2.5
      vertex 54.29 -4.75 2.5
      vertex 10.1014 -4.13136 2.5
    endloop
  endfacet
  facet normal -0 0 1
    outer loop
      vertex 9.94402 -4.26936 2.5
      vertex 54.29 -4.75 2.5
      vertex 10.0249 -4.20294 2.5
    endloop
  endfacet
  facet normal -0 0 1
    outer loop
      vertex 9.8589 -4.33034 2.5
      vertex 54.29 -4.75 2.5
      vertex 9.94402 -4.26936 2.5
    endloop
  endfacet
  facet normal -0 0 1
    outer loop
      vertex 9.76999 -4.38564 2.5
      vertex 54.29 -4.75 2.5
      vertex 9.8589 -4.33034 2.5
    endloop
  endfacet
  facet normal -0 0 1
    outer loop
      vertex 9.67766 -4.43498 2.5
      vertex 54.29 -4.75 2.5
      vertex 9.76999 -4.38564 2.5
    endloop
  endfacet
  facet normal -0 0 1
    outer loop
      vertex 9.58229 -4.4782 2.5
      vertex 54.29 -4.75 2.5
      vertex 9.67766 -4.43498 2.5
    endloop
  endfacet
  facet normal -0 0 1
    outer loop
      vertex 9.4843 -4.51508 2.5
      vertex 54.29 -4.75 2.5
      vertex 9.58229 -4.4782 2.5
    endloop
  endfacet
  facet normal -0 0 1
    outer loop
      vertex 9.38411 -4.54547 2.5
      vertex 54.29 -4.75 2.5
      vertex 9.4843 -4.51508 2.5
    endloop
  endfacet
  facet normal -0 0 1
    outer loop
      vertex 9.28214 -4.56924 2.5
      vertex 54.29 -4.75 2.5
      vertex 9.38411 -4.54547 2.5
    endloop
  endfacet
  facet normal -0 0 1
    outer loop
      vertex 9.17883 -4.5863 2.5
      vertex 54.29 -4.75 2.5
      vertex 9.28214 -4.56924 2.5
    endloop
  endfacet
  facet normal -0 0 1
    outer loop
      vertex 9.07463 -4.59657 2.5
      vertex 54.29 -4.75 2.5
      vertex 9.17883 -4.5863 2.5
    endloop
  endfacet
  facet normal -0 0 1
    outer loop
      vertex 8.96999 -4.59999 2.5
      vertex 54.29 -4.75 2.5
      vertex 9.07463 -4.59657 2.5
    endloop
  endfacet
  facet normal 0 0 1
    outer loop
      vertex 0.889999 -4.75 2.5
      vertex 8.96999 -4.59999 2.5
      vertex 6.26999 -4.59999 2.5
    endloop
  endfacet
  facet normal 0 0 1
    outer loop
      vertex 8.96999 -4.59999 2.5
      vertex 0.889999 -4.75 2.5
      vertex 54.29 -4.75 2.5
    endloop
  endfacet
  facet normal 0 0 1
    outer loop
      vertex 6.16534 -4.59657 2.5
      vertex 0.889999 -4.75 2.5
      vertex 6.26999 -4.59999 2.5
    endloop
  endfacet
  facet normal 0 0 1
    outer loop
      vertex 6.06116 -4.5863 2.5
      vertex 0.889999 -4.75 2.5
      vertex 6.16534 -4.59657 2.5
    endloop
  endfacet
  facet normal 0 0 1
    outer loop
      vertex 5.95786 -4.56924 2.5
      vertex 0.889999 -4.75 2.5
      vertex 6.06116 -4.5863 2.5
    endloop
  endfacet
  facet normal 0 0 1
    outer loop
      vertex 5.85588 -4.54547 2.5
      vertex 0.889999 -4.75 2.5
      vertex 5.95786 -4.56924 2.5
    endloop
  endfacet
  facet normal 0 0 1
    outer loop
      vertex 5.75569 -4.51508 2.5
      vertex 0.889999 -4.75 2.5
      vertex 5.85588 -4.54547 2.5
    endloop
  endfacet
  facet normal 0 0 1
    outer loop
      vertex 5.6577 -4.4782 2.5
      vertex 0.889999 -4.75 2.5
      vertex 5.75569 -4.51508 2.5
    endloop
  endfacet
  facet normal 0 0 1
    outer loop
      vertex 5.56233 -4.43498 2.5
      vertex 0.889999 -4.75 2.5
      vertex 5.6577 -4.4782 2.5
    endloop
  endfacet
  facet normal 0 0 1
    outer loop
      vertex 5.46999 -4.38564 2.5
      vertex 0.889999 -4.75 2.5
      vertex 5.56233 -4.43498 2.5
    endloop
  endfacet
  facet normal 0 0 1
    outer loop
      vertex 5.38107 -4.33034 2.5
      vertex 0.889999 -4.75 2.5
      vertex 5.46999 -4.38564 2.5
    endloop
  endfacet
  facet normal 0 0 1
    outer loop
      vertex 5.29597 -4.26936 2.5
      vertex 0.889999 -4.75 2.5
      vertex 5.38107 -4.33034 2.5
    endloop
  endfacet
  facet normal 0 0 1
    outer loop
      vertex 5.21504 -4.20294 2.5
      vertex 0.889999 -4.75 2.5
      vertex 5.29597 -4.26936 2.5
    endloop
  endfacet
  facet normal 0 0 1
    outer loop
      vertex 5.13863 -4.13136 2.5
      vertex 0.889999 -4.75 2.5
      vertex 5.21504 -4.20294 2.5
    endloop
  endfacet
  facet normal 0 0 1
    outer loop
      vertex 5.06705 -4.05495 2.5
      vertex 0.889999 -4.75 2.5
      vertex 5.13863 -4.13136 2.5
    endloop
  endfacet
  facet normal 0 0 1
    outer loop
      vertex 5.00063 -3.97401 2.5
      vertex 0.889999 -4.75 2.5
      vertex 5.06705 -4.05495 2.5
    endloop
  endfacet
  facet normal 0 0 1
    outer loop
      vertex 4.93964 -3.8889 2.5
      vertex 0.889999 -4.75 2.5
      vertex 5.00063 -3.97401 2.5
    endloop
  endfacet
  facet normal 0 0 1
    outer loop
      vertex 4.88435 -3.79999 2.5
      vertex 0.889999 -4.75 2.5
      vertex 4.93964 -3.8889 2.5
    endloop
  endfacet
  facet normal 0 0 1
    outer loop
      vertex 4.83499 -3.70766 2.5
      vertex 0.889999 -4.75 2.5
      vertex 4.88435 -3.79999 2.5
    endloop
  endfacet
  facet normal 0 0 1
    outer loop
      vertex 4.79178 -3.61229 2.5
      vertex 0.889999 -4.75 2.5
      vertex 4.83499 -3.70766 2.5
    endloop
  endfacet
  facet normal 0 0 1
    outer loop
      vertex 4.7549 -3.5143 2.5
      vertex 0.889999 -4.75 2.5
      vertex 4.79178 -3.61229 2.5
    endloop
  endfacet
  facet normal 0 0 1
    outer loop
      vertex 4.72452 -3.41411 2.5
      vertex 0.889999 -4.75 2.5
      vertex 4.7549 -3.5143 2.5
    endloop
  endfacet
  facet normal 0 0 1
    outer loop
      vertex 4.70073 -3.31213 2.5
      vertex 0.889999 -4.75 2.5
      vertex 4.72452 -3.41411 2.5
    endloop
  endfacet
  facet normal 0 0 1
    outer loop
      vertex 4.68369 -3.20883 2.5
      vertex 0.889999 -4.75 2.5
      vertex 4.70073 -3.31213 2.5
    endloop
  endfacet
  facet normal 0 0 1
    outer loop
      vertex 4.67342 -3.10464 2.5
      vertex 0.889999 -4.75 2.5
      vertex 4.68369 -3.20883 2.5
    endloop
  endfacet
  facet normal 0 0 1
    outer loop
      vertex 0.889999 -4.75 2.5
      vertex 4.67342 -3.10464 2.5
      vertex 4.67 -3 2.5
    endloop
  endfacet
  facet normal 0 0 1
    outer loop
      vertex 66.4193 -3.31213 2.5
      vertex 71.12 -0.5 2.5
      vertex 66.4363 -3.20883 2.5
    endloop
  endfacet
  facet normal 0 0 1
    outer loop
      vertex 71.12 -39.15 2.5
      vertex 66.4466 -36.5453 2.5
      vertex 66.45 -36.65 2.5
    endloop
  endfacet
  facet normal 0 -0 1
    outer loop
      vertex 65.9348 -19.825 2.5
      vertex 71.12 -0.5 2.5
      vertex 65.9278 -19.6112 2.5
    endloop
  endfacet
  facet normal -0 0 1
    outer loop
      vertex 65.9278 -20.0388 2.5
      vertex 71.12 -39.15 2.5
      vertex 65.9348 -19.825 2.5
    endloop
  endfacet
  facet normal 0 0 1
    outer loop
      vertex 66.3955 -3.41411 2.5
      vertex 71.12 -0.5 2.5
      vertex 66.4193 -3.31213 2.5
    endloop
  endfacet
  facet normal 0 0 1
    outer loop
      vertex 71.12 -39.15 2.5
      vertex 66.4363 -36.4411 2.5
      vertex 66.4466 -36.5453 2.5
    endloop
  endfacet
  facet normal 0 0 1
    outer loop
      vertex 66.3651 -3.5143 2.5
      vertex 71.12 -0.5 2.5
      vertex 66.3955 -3.41411 2.5
    endloop
  endfacet
  facet normal -0 0 1
    outer loop
      vertex 65.9068 -20.2516 2.5
      vertex 71.12 -39.15 2.5
      vertex 65.9278 -20.0388 2.5
    endloop
  endfacet
  facet normal 0 0 1
    outer loop
      vertex 66.3282 -3.61229 2.5
      vertex 71.12 -0.5 2.5
      vertex 66.3651 -3.5143 2.5
    endloop
  endfacet
  facet normal 0 0 1
    outer loop
      vertex 71.12 -39.15 2.5
      vertex 66.4193 -36.3378 2.5
      vertex 66.4363 -36.4411 2.5
    endloop
  endfacet
  facet normal 0 0 1
    outer loop
      vertex 66.285 -3.70766 2.5
      vertex 71.12 -0.5 2.5
      vertex 66.3282 -3.61229 2.5
    endloop
  endfacet
  facet normal -0 0 1
    outer loop
      vertex 65.872 -20.4626 2.5
      vertex 71.12 -39.15 2.5
      vertex 65.9068 -20.2516 2.5
    endloop
  endfacet
  facet normal 0 0 1
    outer loop
      vertex 66.2356 -3.79999 2.5
      vertex 71.12 -0.5 2.5
      vertex 66.285 -3.70766 2.5
    endloop
  endfacet
  facet normal 0 0 1
    outer loop
      vertex 71.12 -39.15 2.5
      vertex 66.3955 -36.2359 2.5
      vertex 66.4193 -36.3378 2.5
    endloop
  endfacet
  facet normal 0 0 1
    outer loop
      vertex 66.1803 -3.8889 2.5
      vertex 71.12 -0.5 2.5
      vertex 66.2356 -3.79999 2.5
    endloop
  endfacet
  facet normal -0 0 1
    outer loop
      vertex 65.8234 -20.6709 2.5
      vertex 71.12 -39.15 2.5
      vertex 65.872 -20.4626 2.5
    endloop
  endfacet
  facet normal 0 0 1
    outer loop
      vertex 66.1194 -3.97401 2.5
      vertex 71.12 -0.5 2.5
      vertex 66.1803 -3.8889 2.5
    endloop
  endfacet
  facet normal 0 0 1
    outer loop
      vertex 71.12 -39.15 2.5
      vertex 66.3651 -36.1357 2.5
      vertex 66.3955 -36.2359 2.5
    endloop
  endfacet
  facet normal 0 0 1
    outer loop
      vertex 65.384 -18.0091 2.5
      vertex 71.12 -0.5 2.5
      vertex 66.1194 -3.97401 2.5
    endloop
  endfacet
  facet normal -0 0 1
    outer loop
      vertex 65.7613 -20.8756 2.5
      vertex 71.12 -39.15 2.5
      vertex 65.8234 -20.6709 2.5
    endloop
  endfacet
  facet normal 0 0 1
    outer loop
      vertex 65.384 -18.0091 2.5
      vertex 66.1194 -3.97401 2.5
      vertex 66.0529 -4.05495 2.5
    endloop
  endfacet
  facet normal 0 0 1
    outer loop
      vertex 71.12 -39.15 2.5
      vertex 66.3282 -36.0377 2.5
      vertex 66.3651 -36.1357 2.5
    endloop
  endfacet
  facet normal 0 0 1
    outer loop
      vertex 65.2594 -17.8353 2.5
      vertex 66.0529 -4.05495 2.5
      vertex 65.9814 -4.13136 2.5
    endloop
  endfacet
  facet normal -0 0 1
    outer loop
      vertex 65.686 -21.0758 2.5
      vertex 71.12 -39.15 2.5
      vertex 65.7613 -20.8756 2.5
    endloop
  endfacet
  facet normal 0 0 1
    outer loop
      vertex 71.12 -39.15 2.5
      vertex 66.285 -35.9423 2.5
      vertex 66.3282 -36.0377 2.5
    endloop
  endfacet
  facet normal 0 0 1
    outer loop
      vertex 71.12 -0.5 2.5
      vertex 65.9348 -19.825 2.5
      vertex 71.12 -39.15 2.5
    endloop
  endfacet
  facet normal 0 0 1
    outer loop
      vertex 71.12 -0.5 2.5
      vertex 65.9068 -19.3984 2.5
      vertex 65.9278 -19.6112 2.5
    endloop
  endfacet
  facet normal 0 0 1
    outer loop
      vertex 65.1237 -17.6699 2.5
      vertex 65.9814 -4.13136 2.5
      vertex 65.905 -4.20294 2.5
    endloop
  endfacet
  facet normal 0 0 1
    outer loop
      vertex 71.12 -0.5 2.5
      vertex 65.872 -19.1873 2.5
      vertex 65.9068 -19.3984 2.5
    endloop
  endfacet
  facet normal 0 0 1
    outer loop
      vertex 65.1237 -17.6699 2.5
      vertex 65.905 -4.20294 2.5
      vertex 65.824 -4.26936 2.5
    endloop
  endfacet
  facet normal 0 0 1
    outer loop
      vertex 71.12 -0.5 2.5
      vertex 65.8234 -18.979 2.5
      vertex 65.872 -19.1873 2.5
    endloop
  endfacet
  facet normal 0 0 1
    outer loop
      vertex 71.12 -0.5 2.5
      vertex 65.7613 -18.7744 2.5
      vertex 65.8234 -18.979 2.5
    endloop
  endfacet
  facet normal 0 0 1
    outer loop
      vertex 64.9775 -17.5138 2.5
      vertex 65.824 -4.26936 2.5
      vertex 65.7389 -4.33034 2.5
    endloop
  endfacet
  facet normal 0 0 1
    outer loop
      vertex 71.12 -0.5 2.5
      vertex 65.686 -18.5742 2.5
      vertex 65.7613 -18.7744 2.5
    endloop
  endfacet
  facet normal 0 0 1
    outer loop
      vertex 64.8214 -17.3676 2.5
      vertex 65.7389 -4.33034 2.5
      vertex 65.65 -4.38564 2.5
    endloop
  endfacet
  facet normal 0 0 1
    outer loop
      vertex 71.12 -0.5 2.5
      vertex 65.5977 -18.3794 2.5
      vertex 65.686 -18.5742 2.5
    endloop
  endfacet
  facet normal 0 0 1
    outer loop
      vertex 64.656 -17.2319 2.5
      vertex 65.65 -4.38564 2.5
      vertex 65.5576 -4.43498 2.5
    endloop
  endfacet
  facet normal 0 0 1
    outer loop
      vertex 71.12 -0.5 2.5
      vertex 65.4969 -18.1907 2.5
      vertex 65.5977 -18.3794 2.5
    endloop
  endfacet
  facet normal 0 0 1
    outer loop
      vertex 64.4822 -17.1073 2.5
      vertex 65.5576 -4.43498 2.5
      vertex 65.4623 -4.4782 2.5
    endloop
  endfacet
  facet normal 0 0 1
    outer loop
      vertex 71.12 -0.5 2.5
      vertex 65.384 -18.0091 2.5
      vertex 65.4969 -18.1907 2.5
    endloop
  endfacet
  facet normal 0 0 1
    outer loop
      vertex 64.3005 -16.9944 2.5
      vertex 65.4623 -4.4782 2.5
      vertex 65.3643 -4.51508 2.5
    endloop
  endfacet
  facet normal 0 0 1
    outer loop
      vertex 64.1119 -16.8936 2.5
      vertex 65.3643 -4.51508 2.5
      vertex 65.2641 -4.54547 2.5
    endloop
  endfacet
  facet normal 0 0 1
    outer loop
      vertex 66.0529 -4.05495 2.5
      vertex 65.2594 -17.8353 2.5
      vertex 65.384 -18.0091 2.5
    endloop
  endfacet
  facet normal 0 0 1
    outer loop
      vertex 64.1119 -16.8936 2.5
      vertex 65.2641 -4.54547 2.5
      vertex 65.1621 -4.56924 2.5
    endloop
  endfacet
  facet normal 0 0 1
    outer loop
      vertex 65.9814 -4.13136 2.5
      vertex 65.1237 -17.6699 2.5
      vertex 65.2594 -17.8353 2.5
    endloop
  endfacet
  facet normal 0 0 1
    outer loop
      vertex 63.9171 -16.8053 2.5
      vertex 65.1621 -4.56924 2.5
      vertex 65.0588 -4.5863 2.5
    endloop
  endfacet
  facet normal 0 0 1
    outer loop
      vertex 65.824 -4.26936 2.5
      vertex 64.9775 -17.5138 2.5
      vertex 65.1237 -17.6699 2.5
    endloop
  endfacet
  facet normal 0 0 1
    outer loop
      vertex 63.7169 -16.7299 2.5
      vertex 65.0588 -4.5863 2.5
      vertex 64.9546 -4.59657 2.5
    endloop
  endfacet
  facet normal 0 0 1
    outer loop
      vertex 63.5122 -16.6679 2.5
      vertex 64.9546 -4.59657 2.5
      vertex 64.85 -4.59999 2.5
    endloop
  endfacet
  facet normal 0 0 1
    outer loop
      vertex 65.7389 -4.33034 2.5
      vertex 64.8214 -17.3676 2.5
      vertex 64.9775 -17.5138 2.5
    endloop
  endfacet
  facet normal 0 0 1
    outer loop
      vertex 65.65 -4.38564 2.5
      vertex 64.656 -17.2319 2.5
      vertex 64.8214 -17.3676 2.5
    endloop
  endfacet
  facet normal 0 0 1
    outer loop
      vertex 65.5576 -4.43498 2.5
      vertex 64.4822 -17.1073 2.5
      vertex 64.656 -17.2319 2.5
    endloop
  endfacet
  facet normal 0 0 1
    outer loop
      vertex 65.4623 -4.4782 2.5
      vertex 64.3005 -16.9944 2.5
      vertex 64.4822 -17.1073 2.5
    endloop
  endfacet
  facet normal 0 0 1
    outer loop
      vertex 65.3643 -4.51508 2.5
      vertex 64.1119 -16.8936 2.5
      vertex 64.3005 -16.9944 2.5
    endloop
  endfacet
  facet normal 0 0 1
    outer loop
      vertex 65.1621 -4.56924 2.5
      vertex 63.9171 -16.8053 2.5
      vertex 64.1119 -16.8936 2.5
    endloop
  endfacet
  facet normal 0 0 1
    outer loop
      vertex 65.0588 -4.5863 2.5
      vertex 63.7169 -16.7299 2.5
      vertex 63.9171 -16.8053 2.5
    endloop
  endfacet
  facet normal 0 0 1
    outer loop
      vertex 64.9546 -4.59657 2.5
      vertex 63.5122 -16.6679 2.5
      vertex 63.7169 -16.7299 2.5
    endloop
  endfacet
  facet normal 0 0 1
    outer loop
      vertex 64.85 -4.59999 2.5
      vertex 63.3039 -16.6193 2.5
      vertex 63.5122 -16.6679 2.5
    endloop
  endfacet
  facet normal 0 0 1
    outer loop
      vertex 64.85 -4.59999 2.5
      vertex 63.0929 -16.5845 2.5
      vertex 63.3039 -16.6193 2.5
    endloop
  endfacet
  facet normal 0 0 1
    outer loop
      vertex 64.85 -4.59999 2.5
      vertex 62.8801 -16.5635 2.5
      vertex 63.0929 -16.5845 2.5
    endloop
  endfacet
  facet normal -0 0 1
    outer loop
      vertex 62.15 -4.59999 2.5
      vertex 62.8801 -16.5635 2.5
      vertex 64.85 -4.59999 2.5
    endloop
  endfacet
  facet normal 0 0 1
    outer loop
      vertex 62.8801 -16.5635 2.5
      vertex 62.15 -4.59999 2.5
      vertex 62.6663 -16.5565 2.5
    endloop
  endfacet
  facet normal 0 0 1
    outer loop
      vertex 62.6663 -16.5565 2.5
      vertex 62.15 -4.59999 2.5
      vertex 62.4525 -16.5635 2.5
    endloop
  endfacet
  facet normal 0 0 1
    outer loop
      vertex 62.0453 -4.59657 2.5
      vertex 62.4525 -16.5635 2.5
      vertex 62.15 -4.59999 2.5
    endloop
  endfacet
  facet normal 0 0 1
    outer loop
      vertex 62.4525 -16.5635 2.5
      vertex 62.0453 -4.59657 2.5
      vertex 62.2397 -16.5845 2.5
    endloop
  endfacet
  facet normal 0 0 1
    outer loop
      vertex 61.9411 -4.5863 2.5
      vertex 62.2397 -16.5845 2.5
      vertex 62.0453 -4.59657 2.5
    endloop
  endfacet
  facet normal 0 0 1
    outer loop
      vertex 62.2397 -16.5845 2.5
      vertex 61.9411 -4.5863 2.5
      vertex 62.0286 -16.6193 2.5
    endloop
  endfacet
  facet normal 0 0 1
    outer loop
      vertex 61.8378 -4.56924 2.5
      vertex 62.0286 -16.6193 2.5
      vertex 61.9411 -4.5863 2.5
    endloop
  endfacet
  facet normal 0 0 1
    outer loop
      vertex 61.8378 -4.56924 2.5
      vertex 61.8203 -16.6679 2.5
      vertex 62.0286 -16.6193 2.5
    endloop
  endfacet
  facet normal 0 0 1
    outer loop
      vertex 61.7359 -4.54547 2.5
      vertex 61.8203 -16.6679 2.5
      vertex 61.8378 -4.56924 2.5
    endloop
  endfacet
  facet normal 0 0 1
    outer loop
      vertex 61.6357 -4.51508 2.5
      vertex 61.8203 -16.6679 2.5
      vertex 61.7359 -4.54547 2.5
    endloop
  endfacet
  facet normal 0 0 1
    outer loop
      vertex 61.6357 -4.51508 2.5
      vertex 61.6157 -16.7299 2.5
      vertex 61.8203 -16.6679 2.5
    endloop
  endfacet
  facet normal 0 0 1
    outer loop
      vertex 61.5377 -4.4782 2.5
      vertex 61.6157 -16.7299 2.5
      vertex 61.6357 -4.51508 2.5
    endloop
  endfacet
  facet normal 0 0 1
    outer loop
      vertex 61.4155 -16.8053 2.5
      vertex 61.5377 -4.4782 2.5
      vertex 61.4423 -4.43498 2.5
    endloop
  endfacet
  facet normal 0 0 1
    outer loop
      vertex 61.5377 -4.4782 2.5
      vertex 61.4155 -16.8053 2.5
      vertex 61.6157 -16.7299 2.5
    endloop
  endfacet
  facet normal 0 0 1
    outer loop
      vertex 61.2207 -16.8936 2.5
      vertex 61.4423 -4.43498 2.5
      vertex 61.35 -4.38564 2.5
    endloop
  endfacet
  facet normal 0 0 1
    outer loop
      vertex 54.29 -4.75 2.5
      vertex 61.35 -4.38564 2.5
      vertex 61.2611 -4.33034 2.5
    endloop
  endfacet
  facet normal 0 0 1
    outer loop
      vertex 61.4423 -4.43498 2.5
      vertex 61.2207 -16.8936 2.5
      vertex 61.4155 -16.8053 2.5
    endloop
  endfacet
  facet normal 0 0 1
    outer loop
      vertex 54.29 -4.75 2.5
      vertex 61.2611 -4.33034 2.5
      vertex 61.176 -4.26936 2.5
    endloop
  endfacet
  facet normal 0 0 1
    outer loop
      vertex 54.29 -4.75 2.5
      vertex 61.176 -4.26936 2.5
      vertex 61.095 -4.20294 2.5
    endloop
  endfacet
  facet normal 0 0 1
    outer loop
      vertex 61.35 -4.38564 2.5
      vertex 54.29 -4.75 2.5
      vertex 61.2207 -16.8936 2.5
    endloop
  endfacet
  facet normal 0 0 1
    outer loop
      vertex 54.29 -4.75 2.5
      vertex 61.095 -4.20294 2.5
      vertex 61.0186 -4.13136 2.5
    endloop
  endfacet
  facet normal 0 0 1
    outer loop
      vertex 54.29 -4.75 2.5
      vertex 61.0186 -4.13136 2.5
      vertex 60.9471 -4.05495 2.5
    endloop
  endfacet
  facet normal 0 0 1
    outer loop
      vertex 54.29 -4.75 2.5
      vertex 60.9471 -4.05495 2.5
      vertex 60.8806 -3.97401 2.5
    endloop
  endfacet
  facet normal 0 0 1
    outer loop
      vertex 61.2207 -16.8936 2.5
      vertex 54.29 -4.75 2.5
      vertex 61.032 -16.9944 2.5
    endloop
  endfacet
  facet normal 0 0 1
    outer loop
      vertex 54.29 -4.75 2.5
      vertex 60.8806 -3.97401 2.5
      vertex 60.8196 -3.8889 2.5
    endloop
  endfacet
  facet normal 0 0 1
    outer loop
      vertex 54.29 -4.75 2.5
      vertex 60.8196 -3.8889 2.5
      vertex 60.7644 -3.79999 2.5
    endloop
  endfacet
  facet normal 0 0 1
    outer loop
      vertex 54.29 -4.75 2.5
      vertex 60.7644 -3.79999 2.5
      vertex 60.715 -3.70766 2.5
    endloop
  endfacet
  facet normal 0 0 1
    outer loop
      vertex 61.032 -16.9944 2.5
      vertex 54.29 -4.75 2.5
      vertex 60.8504 -17.1073 2.5
    endloop
  endfacet
  facet normal 0 0 1
    outer loop
      vertex 54.29 -4.75 2.5
      vertex 60.715 -3.70766 2.5
      vertex 60.6718 -3.61229 2.5
    endloop
  endfacet
  facet normal 0 0 1
    outer loop
      vertex 54.29 -4.75 2.5
      vertex 60.6718 -3.61229 2.5
      vertex 60.6349 -3.5143 2.5
    endloop
  endfacet
  facet normal 0 0 1
    outer loop
      vertex 54.29 -4.75 2.5
      vertex 60.6349 -3.5143 2.5
      vertex 60.6045 -3.41411 2.5
    endloop
  endfacet
  facet normal 0 0 1
    outer loop
      vertex 54.29 -4.75 2.5
      vertex 60.6045 -3.41411 2.5
      vertex 60.5807 -3.31213 2.5
    endloop
  endfacet
  facet normal 0 0 1
    outer loop
      vertex 54.29 -4.75 2.5
      vertex 60.5807 -3.31213 2.5
      vertex 60.5637 -3.20883 2.5
    endloop
  endfacet
  facet normal 0 0 1
    outer loop
      vertex 54.29 -4.75 2.5
      vertex 60.5637 -3.20883 2.5
      vertex 60.5534 -3.10464 2.5
    endloop
  endfacet
  facet normal 0 0 1
    outer loop
      vertex 54.29 -4.75 2.5
      vertex 60.5534 -3.10464 2.5
      vertex 60.55 -3 2.5
    endloop
  endfacet
  facet normal 0 0 1
    outer loop
      vertex 60.8504 -17.1073 2.5
      vertex 54.29 -4.75 2.5
      vertex 60.6766 -17.2319 2.5
    endloop
  endfacet
  facet normal 0 0 1
    outer loop
      vertex 71.0839 -0.307785 2.5
      vertex 71.12 -0.5 2.5
      vertex 71.1179 -0.434494 2.5
    endloop
  endfacet
  facet normal 0 0 1
    outer loop
      vertex 66.4466 -3.10464 2.5
      vertex 71.12 -0.5 2.5
      vertex 66.45 -3 2.5
    endloop
  endfacet
  facet normal 0 0 1
    outer loop
      vertex 71.12 -0.5 2.5
      vertex 71.0839 -0.307785 2.5
      vertex 70.62 0 2.5
    endloop
  endfacet
  facet normal 0 0 1
    outer loop
      vertex 66.4363 -3.20883 2.5
      vertex 71.12 -0.5 2.5
      vertex 66.4466 -3.10464 2.5
    endloop
  endfacet
  facet normal 0 0 1
    outer loop
      vertex 70.62 0 2.5
      vertex 71.0839 -0.307785 2.5
      vertex 71.0184 -0.19429 2.5
    endloop
  endfacet
  facet normal -0 0 1
    outer loop
      vertex 66.4466 -36.7546 2.5
      vertex 71.12 -39.15 2.5
      vertex 66.45 -36.65 2.5
    endloop
  endfacet
  facet normal 0 0 1
    outer loop
      vertex 70.62 0 2.5
      vertex 71.0184 -0.19429 2.5
      vertex 70.9257 -0.101593 2.5
    endloop
  endfacet
  facet normal -0 0 1
    outer loop
      vertex 66.4363 -36.8588 2.5
      vertex 71.12 -39.15 2.5
      vertex 66.4466 -36.7546 2.5
    endloop
  endfacet
  facet normal 0 0 1
    outer loop
      vertex 70.62 0 2.5
      vertex 70.9257 -0.101593 2.5
      vertex 70.8122 -0.036087 2.5
    endloop
  endfacet
  facet normal -0 0 1
    outer loop
      vertex 66.4193 -36.9621 2.5
      vertex 71.12 -39.15 2.5
      vertex 66.4363 -36.8588 2.5
    endloop
  endfacet
  facet normal 0 0 1
    outer loop
      vertex 70.62 0 2.5
      vertex 70.8122 -0.036087 2.5
      vertex 70.6855 -0.00209045 2.5
    endloop
  endfacet
  facet normal 0 0 1
    outer loop
      vertex 71.0839 -39.3422 2.5
      vertex 70.62 -39.65 2.5
      vertex 71.0184 -39.4557 2.5
    endloop
  endfacet
  facet normal 0 0 1
    outer loop
      vertex 71.12 -0.5 2.5
      vertex 70.62 0 2.5
      vertex 66.4193 -2.68785 2.5
    endloop
  endfacet
  facet normal 0 0 1
    outer loop
      vertex 71.0184 -39.4557 2.5
      vertex 70.62 -39.65 2.5
      vertex 70.9257 -39.5484 2.5
    endloop
  endfacet
  facet normal 0 0 1
    outer loop
      vertex 70.9257 -39.5484 2.5
      vertex 70.62 -39.65 2.5
      vertex 70.8122 -39.6139 2.5
    endloop
  endfacet
  facet normal 0 0 1
    outer loop
      vertex 71.12 -0.5 2.5
      vertex 66.4466 -2.89534 2.5
      vertex 66.45 -3 2.5
    endloop
  endfacet
  facet normal 0 0 1
    outer loop
      vertex 71.12 -0.5 2.5
      vertex 66.4363 -2.79115 2.5
      vertex 66.4466 -2.89534 2.5
    endloop
  endfacet
  facet normal 0 0 1
    outer loop
      vertex 71.12 -0.5 2.5
      vertex 66.4193 -2.68785 2.5
      vertex 66.4363 -2.79115 2.5
    endloop
  endfacet
  facet normal 0 0 1
    outer loop
      vertex 70.62 0 2.5
      vertex 66.3955 -2.58588 2.5
      vertex 66.4193 -2.68785 2.5
    endloop
  endfacet
  facet normal 0 0 1
    outer loop
      vertex 70.62 0 2.5
      vertex 66.3651 -2.48569 2.5
      vertex 66.3955 -2.58588 2.5
    endloop
  endfacet
  facet normal 0 0 1
    outer loop
      vertex 70.62 0 2.5
      vertex 66.3282 -2.3877 2.5
      vertex 66.3651 -2.48569 2.5
    endloop
  endfacet
  facet normal 0 0 1
    outer loop
      vertex 70.62 0 2.5
      vertex 66.285 -2.29233 2.5
      vertex 66.3282 -2.3877 2.5
    endloop
  endfacet
  facet normal 0 0 1
    outer loop
      vertex 70.62 0 2.5
      vertex 66.2356 -2.2 2.5
      vertex 66.285 -2.29233 2.5
    endloop
  endfacet
  facet normal 0 0 1
    outer loop
      vertex 70.62 0 2.5
      vertex 66.1803 -2.11108 2.5
      vertex 66.2356 -2.2 2.5
    endloop
  endfacet
  facet normal 0 0 1
    outer loop
      vertex 70.62 0 2.5
      vertex 66.1194 -2.02597 2.5
      vertex 66.1803 -2.11108 2.5
    endloop
  endfacet
  facet normal 0 0 1
    outer loop
      vertex 70.62 0 2.5
      vertex 66.0529 -1.94504 2.5
      vertex 66.1194 -2.02597 2.5
    endloop
  endfacet
  facet normal 0 0 1
    outer loop
      vertex 70.62 0 2.5
      vertex 65.9814 -1.86862 2.5
      vertex 66.0529 -1.94504 2.5
    endloop
  endfacet
  facet normal 0 0 1
    outer loop
      vertex 70.62 0 2.5
      vertex 65.905 -1.79704 2.5
      vertex 65.9814 -1.86862 2.5
    endloop
  endfacet
  facet normal 0 0 1
    outer loop
      vertex 70.62 0 2.5
      vertex 65.824 -1.73062 2.5
      vertex 65.905 -1.79704 2.5
    endloop
  endfacet
  facet normal 0 0 1
    outer loop
      vertex 70.62 0 2.5
      vertex 65.7389 -1.66965 2.5
      vertex 65.824 -1.73062 2.5
    endloop
  endfacet
  facet normal 0 0 1
    outer loop
      vertex 70.62 0 2.5
      vertex 65.65 -1.61435 2.5
      vertex 65.7389 -1.66965 2.5
    endloop
  endfacet
  facet normal 0 0 1
    outer loop
      vertex 70.62 0 2.5
      vertex 65.5576 -1.565 2.5
      vertex 65.65 -1.61435 2.5
    endloop
  endfacet
  facet normal 0 0 1
    outer loop
      vertex 70.62 0 2.5
      vertex 65.4623 -1.52179 2.5
      vertex 65.5576 -1.565 2.5
    endloop
  endfacet
  facet normal 0 0 1
    outer loop
      vertex 70.62 0 2.5
      vertex 65.3643 -1.48491 2.5
      vertex 65.4623 -1.52179 2.5
    endloop
  endfacet
  facet normal 0 0 1
    outer loop
      vertex 70.62 0 2.5
      vertex 65.2641 -1.45451 2.5
      vertex 65.3643 -1.48491 2.5
    endloop
  endfacet
  facet normal 0 0 1
    outer loop
      vertex 70.62 0 2.5
      vertex 65.1621 -1.43074 2.5
      vertex 65.2641 -1.45451 2.5
    endloop
  endfacet
  facet normal 0 0 1
    outer loop
      vertex 70.62 0 2.5
      vertex 65.0588 -1.41368 2.5
      vertex 65.1621 -1.43074 2.5
    endloop
  endfacet
  facet normal 0 0 1
    outer loop
      vertex 70.62 0 2.5
      vertex 64.9546 -1.40341 2.5
      vertex 65.0588 -1.41368 2.5
    endloop
  endfacet
  facet normal 0 0 1
    outer loop
      vertex 70.62 0 2.5
      vertex 64.85 -1.39999 2.5
      vertex 64.9546 -1.40341 2.5
    endloop
  endfacet
  facet normal 0 0 1
    outer loop
      vertex 70.62 0 2.5
      vertex 62.15 -1.39999 2.5
      vertex 64.85 -1.39999 2.5
    endloop
  endfacet
  facet normal 0 0 1
    outer loop
      vertex 70.62 0 2.5
      vertex 62.0453 -1.40341 2.5
      vertex 62.15 -1.39999 2.5
    endloop
  endfacet
  facet normal 0 0 1
    outer loop
      vertex 70.62 0 2.5
      vertex 61.9411 -1.41368 2.5
      vertex 62.0453 -1.40341 2.5
    endloop
  endfacet
  facet normal 0 0 1
    outer loop
      vertex 60.6766 -17.2319 2.5
      vertex 54.29 -4.75 2.5
      vertex 60.5112 -17.3676 2.5
    endloop
  endfacet
  facet normal 0 0 1
    outer loop
      vertex 60.5112 -17.3676 2.5
      vertex 54.29 -4.75 2.5
      vertex 60.3551 -17.5138 2.5
    endloop
  endfacet
  facet normal 0 0 1
    outer loop
      vertex 60.3551 -17.5138 2.5
      vertex 54.29 -4.75 2.5
      vertex 60.2089 -17.6699 2.5
    endloop
  endfacet
  facet normal 0 0 1
    outer loop
      vertex 60.2089 -17.6699 2.5
      vertex 54.29 -4.75 2.5
      vertex 60.0732 -17.8353 2.5
    endloop
  endfacet
  facet normal 0 0 1
    outer loop
      vertex 54.29 -4.75 2.5
      vertex 60.55 -3 2.5
      vertex 60.5534 -2.89534 2.5
    endloop
  endfacet
  facet normal 0 0 1
    outer loop
      vertex 60.0732 -17.8353 2.5
      vertex 54.29 -4.75 2.5
      vertex 59.9486 -18.0091 2.5
    endloop
  endfacet
  facet normal 0 0 1
    outer loop
      vertex 59.9486 -18.0091 2.5
      vertex 54.29 -4.75 2.5
      vertex 59.8357 -18.1907 2.5
    endloop
  endfacet
  facet normal 0 0 1
    outer loop
      vertex 59.8357 -18.1907 2.5
      vertex 54.29 -4.75 2.5
      vertex 59.7349 -18.3794 2.5
    endloop
  endfacet
  facet normal 0 0 1
    outer loop
      vertex 59.7349 -18.3794 2.5
      vertex 54.29 -4.75 2.5
      vertex 59.6466 -18.5742 2.5
    endloop
  endfacet
  facet normal 0 0 1
    outer loop
      vertex 59.6466 -18.5742 2.5
      vertex 54.29 -4.75 2.5
      vertex 59.5713 -18.7744 2.5
    endloop
  endfacet
  facet normal 0 0 1
    outer loop
      vertex 59.5713 -18.7744 2.5
      vertex 54.29 -4.75 2.5
      vertex 59.5092 -18.979 2.5
    endloop
  endfacet
  facet normal 0 0 1
    outer loop
      vertex 59.5092 -18.979 2.5
      vertex 54.29 -4.75 2.5
      vertex 59.4606 -19.1873 2.5
    endloop
  endfacet
  facet normal 0 0 1
    outer loop
      vertex 59.4606 -19.1873 2.5
      vertex 54.29 -4.75 2.5
      vertex 59.4258 -19.3984 2.5
    endloop
  endfacet
  facet normal 0 0 1
    outer loop
      vertex 59.4048 -19.6112 2.5
      vertex 54.29 -4.75 2.5
      vertex 59.3978 -19.825 2.5
    endloop
  endfacet
  facet normal 0 0 1
    outer loop
      vertex 59.4258 -19.3984 2.5
      vertex 54.29 -4.75 2.5
      vertex 59.4048 -19.6112 2.5
    endloop
  endfacet
  facet normal 0 0 1
    outer loop
      vertex 60.5637 -2.79115 2.5
      vertex 54.29 -4.75 2.5
      vertex 60.5534 -2.89534 2.5
    endloop
  endfacet
  facet normal 0 0 1
    outer loop
      vertex 60.5807 -2.68785 2.5
      vertex 54.29 -4.75 2.5
      vertex 60.5637 -2.79115 2.5
    endloop
  endfacet
  facet normal 0 0 1
    outer loop
      vertex 60.6045 -2.58588 2.5
      vertex 54.29 -4.75 2.5
      vertex 60.5807 -2.68785 2.5
    endloop
  endfacet
  facet normal 0 0 1
    outer loop
      vertex 60.6349 -2.48569 2.5
      vertex 54.29 -4.75 2.5
      vertex 60.6045 -2.58588 2.5
    endloop
  endfacet
  facet normal 0 0 1
    outer loop
      vertex 60.6718 -2.3877 2.5
      vertex 54.29 -4.75 2.5
      vertex 60.6349 -2.48569 2.5
    endloop
  endfacet
  facet normal 0 0 1
    outer loop
      vertex 60.715 -2.29233 2.5
      vertex 54.29 -4.75 2.5
      vertex 60.6718 -2.3877 2.5
    endloop
  endfacet
  facet normal 0 0 1
    outer loop
      vertex 60.7644 -2.2 2.5
      vertex 54.29 -4.75 2.5
      vertex 60.715 -2.29233 2.5
    endloop
  endfacet
  facet normal 0 0 1
    outer loop
      vertex 60.8196 -2.11108 2.5
      vertex 54.29 -4.75 2.5
      vertex 60.7644 -2.2 2.5
    endloop
  endfacet
  facet normal 0 0 1
    outer loop
      vertex 60.8806 -2.02597 2.5
      vertex 54.29 -4.75 2.5
      vertex 60.8196 -2.11108 2.5
    endloop
  endfacet
  facet normal 0 0 1
    outer loop
      vertex 60.9471 -1.94504 2.5
      vertex 54.29 -4.75 2.5
      vertex 60.8806 -2.02597 2.5
    endloop
  endfacet
  facet normal 0 0 1
    outer loop
      vertex 61.0186 -1.86862 2.5
      vertex 54.29 -4.75 2.5
      vertex 60.9471 -1.94504 2.5
    endloop
  endfacet
  facet normal 0 0 1
    outer loop
      vertex 61.095 -1.79704 2.5
      vertex 54.29 -4.75 2.5
      vertex 61.0186 -1.86862 2.5
    endloop
  endfacet
  facet normal 0 0 1
    outer loop
      vertex 61.176 -1.73062 2.5
      vertex 54.29 -4.75 2.5
      vertex 61.095 -1.79704 2.5
    endloop
  endfacet
  facet normal 0 0 1
    outer loop
      vertex 61.2611 -1.66965 2.5
      vertex 54.29 -4.75 2.5
      vertex 61.176 -1.73062 2.5
    endloop
  endfacet
  facet normal 0 0 1
    outer loop
      vertex 61.35 -1.61435 2.5
      vertex 54.29 -4.75 2.5
      vertex 61.2611 -1.66965 2.5
    endloop
  endfacet
  facet normal 0 0 1
    outer loop
      vertex 61.4423 -1.565 2.5
      vertex 54.29 -4.75 2.5
      vertex 61.35 -1.61435 2.5
    endloop
  endfacet
  facet normal 0 0 1
    outer loop
      vertex 9.67766 -1.565 2.5
      vertex 61.4423 -1.565 2.5
      vertex 61.5377 -1.52179 2.5
    endloop
  endfacet
  facet normal 0 0 1
    outer loop
      vertex 61.4423 -1.565 2.5
      vertex 9.76999 -1.61435 2.5
      vertex 54.29 -4.75 2.5
    endloop
  endfacet
  facet normal 0 0 1
    outer loop
      vertex 9.58229 -1.52179 2.5
      vertex 61.5377 -1.52179 2.5
      vertex 61.6357 -1.48491 2.5
    endloop
  endfacet
  facet normal 0 0 1
    outer loop
      vertex 9.4843 -1.48491 2.5
      vertex 61.6357 -1.48491 2.5
      vertex 61.7359 -1.45451 2.5
    endloop
  endfacet
  facet normal 0 0 1
    outer loop
      vertex 9.38411 -1.45451 2.5
      vertex 61.7359 -1.45451 2.5
      vertex 61.8378 -1.43074 2.5
    endloop
  endfacet
  facet normal 0 0 1
    outer loop
      vertex 9.28214 -1.43074 2.5
      vertex 61.8378 -1.43074 2.5
      vertex 61.9411 -1.41368 2.5
    endloop
  endfacet
  facet normal 0 0 1
    outer loop
      vertex 9.17883 -1.41368 2.5
      vertex 61.9411 -1.41368 2.5
      vertex 70.62 0 2.5
    endloop
  endfacet
  facet normal 0 0 1
    outer loop
      vertex 54.29 -4.75 2.5
      vertex 10.5666 -2.89534 2.5
      vertex 10.57 -3 2.5
    endloop
  endfacet
  facet normal 0 0 1
    outer loop
      vertex 54.29 -4.75 2.5
      vertex 10.5563 -2.79115 2.5
      vertex 10.5666 -2.89534 2.5
    endloop
  endfacet
  facet normal 0 0 1
    outer loop
      vertex 54.29 -4.75 2.5
      vertex 10.5392 -2.68785 2.5
      vertex 10.5563 -2.79115 2.5
    endloop
  endfacet
  facet normal 0 0 1
    outer loop
      vertex 54.29 -4.75 2.5
      vertex 10.5155 -2.58588 2.5
      vertex 10.5392 -2.68785 2.5
    endloop
  endfacet
  facet normal 0 0 1
    outer loop
      vertex 54.29 -4.75 2.5
      vertex 10.4851 -2.48569 2.5
      vertex 10.5155 -2.58588 2.5
    endloop
  endfacet
  facet normal 0 0 1
    outer loop
      vertex 54.29 -4.75 2.5
      vertex 10.4482 -2.3877 2.5
      vertex 10.4851 -2.48569 2.5
    endloop
  endfacet
  facet normal 0 0 1
    outer loop
      vertex 54.29 -4.75 2.5
      vertex 10.405 -2.29233 2.5
      vertex 10.4482 -2.3877 2.5
    endloop
  endfacet
  facet normal 0 0 1
    outer loop
      vertex 54.29 -4.75 2.5
      vertex 10.3556 -2.2 2.5
      vertex 10.405 -2.29233 2.5
    endloop
  endfacet
  facet normal 0 0 1
    outer loop
      vertex 54.29 -4.75 2.5
      vertex 10.3003 -2.11108 2.5
      vertex 10.3556 -2.2 2.5
    endloop
  endfacet
  facet normal 0 0 1
    outer loop
      vertex 54.29 -4.75 2.5
      vertex 10.2394 -2.02597 2.5
      vertex 10.3003 -2.11108 2.5
    endloop
  endfacet
  facet normal 0 0 1
    outer loop
      vertex 54.29 -4.75 2.5
      vertex 10.1729 -1.94504 2.5
      vertex 10.2394 -2.02597 2.5
    endloop
  endfacet
  facet normal 0 0 1
    outer loop
      vertex 54.29 -4.75 2.5
      vertex 10.1014 -1.86862 2.5
      vertex 10.1729 -1.94504 2.5
    endloop
  endfacet
  facet normal 0 0 1
    outer loop
      vertex 54.29 -4.75 2.5
      vertex 10.0249 -1.79704 2.5
      vertex 10.1014 -1.86862 2.5
    endloop
  endfacet
  facet normal 0 0 1
    outer loop
      vertex 54.29 -4.75 2.5
      vertex 9.94402 -1.73062 2.5
      vertex 10.0249 -1.79704 2.5
    endloop
  endfacet
  facet normal 0 0 1
    outer loop
      vertex 54.29 -4.75 2.5
      vertex 9.8589 -1.66965 2.5
      vertex 9.94402 -1.73062 2.5
    endloop
  endfacet
  facet normal 0 0 1
    outer loop
      vertex 54.29 -4.75 2.5
      vertex 9.76999 -1.61435 2.5
      vertex 9.8589 -1.66965 2.5
    endloop
  endfacet
  facet normal 0 0 1
    outer loop
      vertex 61.4423 -1.565 2.5
      vertex 9.67766 -1.565 2.5
      vertex 9.76999 -1.61435 2.5
    endloop
  endfacet
  facet normal 0 0 1
    outer loop
      vertex 61.5377 -1.52179 2.5
      vertex 9.58229 -1.52179 2.5
      vertex 9.67766 -1.565 2.5
    endloop
  endfacet
  facet normal 0 0 1
    outer loop
      vertex 61.6357 -1.48491 2.5
      vertex 9.4843 -1.48491 2.5
      vertex 9.58229 -1.52179 2.5
    endloop
  endfacet
  facet normal 0 0 1
    outer loop
      vertex 61.7359 -1.45451 2.5
      vertex 9.38411 -1.45451 2.5
      vertex 9.4843 -1.48491 2.5
    endloop
  endfacet
  facet normal 0 0 1
    outer loop
      vertex 61.8378 -1.43074 2.5
      vertex 9.28214 -1.43074 2.5
      vertex 9.38411 -1.45451 2.5
    endloop
  endfacet
  facet normal 0 0 1
    outer loop
      vertex 61.9411 -1.41368 2.5
      vertex 9.17883 -1.41368 2.5
      vertex 9.28214 -1.43074 2.5
    endloop
  endfacet
  facet normal -0 0 1
    outer loop
      vertex 0.5 0 2.5
      vertex 9.17883 -1.41368 2.5
      vertex 70.62 0 2.5
    endloop
  endfacet
  facet normal 0 0 1
    outer loop
      vertex 9.17883 -1.41368 2.5
      vertex 0.5 0 2.5
      vertex 9.07463 -1.40341 2.5
    endloop
  endfacet
  facet normal 0 0 1
    outer loop
      vertex 9.07463 -1.40341 2.5
      vertex 0.5 0 2.5
      vertex 8.96999 -1.39999 2.5
    endloop
  endfacet
  facet normal 0 0 1
    outer loop
      vertex 4.67342 -2.89534 2.5
      vertex 0.889999 -4.75 2.5
      vertex 4.67 -3 2.5
    endloop
  endfacet
  facet normal 0 0 1
    outer loop
      vertex 4.68369 -2.79115 2.5
      vertex 0.889999 -4.75 2.5
      vertex 4.67342 -2.89534 2.5
    endloop
  endfacet
  facet normal 0 0 1
    outer loop
      vertex 4.70073 -2.68785 2.5
      vertex 0.889999 -4.75 2.5
      vertex 4.68369 -2.79115 2.5
    endloop
  endfacet
  facet normal 0 0 1
    outer loop
      vertex 0.5 0 2.5
      vertex 4.70073 -2.68785 2.5
      vertex 4.72452 -2.58588 2.5
    endloop
  endfacet
  facet normal 0 0 1
    outer loop
      vertex 0.5 0 2.5
      vertex 4.72452 -2.58588 2.5
      vertex 4.7549 -2.48569 2.5
    endloop
  endfacet
  facet normal 0 0 1
    outer loop
      vertex 0.5 0 2.5
      vertex 4.7549 -2.48569 2.5
      vertex 4.79178 -2.3877 2.5
    endloop
  endfacet
  facet normal 0 0 1
    outer loop
      vertex 0.5 0 2.5
      vertex 4.79178 -2.3877 2.5
      vertex 4.83499 -2.29233 2.5
    endloop
  endfacet
  facet normal 0 0 1
    outer loop
      vertex 0.5 0 2.5
      vertex 4.83499 -2.29233 2.5
      vertex 4.88435 -2.2 2.5
    endloop
  endfacet
  facet normal 0 0 1
    outer loop
      vertex 0.5 0 2.5
      vertex 4.88435 -2.2 2.5
      vertex 4.93964 -2.11108 2.5
    endloop
  endfacet
  facet normal 0 0 1
    outer loop
      vertex 0.5 0 2.5
      vertex 4.93964 -2.11108 2.5
      vertex 5.00063 -2.02597 2.5
    endloop
  endfacet
  facet normal 0 0 1
    outer loop
      vertex 0.5 0 2.5
      vertex 5.00063 -2.02597 2.5
      vertex 5.06705 -1.94504 2.5
    endloop
  endfacet
  facet normal 0 0 1
    outer loop
      vertex 0.5 0 2.5
      vertex 5.06705 -1.94504 2.5
      vertex 5.13863 -1.86862 2.5
    endloop
  endfacet
  facet normal 0 0 1
    outer loop
      vertex 0.5 0 2.5
      vertex 5.13863 -1.86862 2.5
      vertex 5.21504 -1.79704 2.5
    endloop
  endfacet
  facet normal 0 0 1
    outer loop
      vertex 0.5 0 2.5
      vertex 5.21504 -1.79704 2.5
      vertex 5.29597 -1.73062 2.5
    endloop
  endfacet
  facet normal 0 0 1
    outer loop
      vertex 0.5 0 2.5
      vertex 5.29597 -1.73062 2.5
      vertex 5.38107 -1.66965 2.5
    endloop
  endfacet
  facet normal 0 0 1
    outer loop
      vertex 4.70073 -2.68785 2.5
      vertex 0 -0.5 2.5
      vertex 0.889999 -4.75 2.5
    endloop
  endfacet
  facet normal 0 0 1
    outer loop
      vertex 4.70073 -2.68785 2.5
      vertex 0.5 0 2.5
      vertex 0 -0.5 2.5
    endloop
  endfacet
  facet normal 0 0 1
    outer loop
      vertex 5.46999 -1.61435 2.5
      vertex 0.5 0 2.5
      vertex 5.38107 -1.66965 2.5
    endloop
  endfacet
  facet normal 0 0 1
    outer loop
      vertex 5.56233 -1.565 2.5
      vertex 0.5 0 2.5
      vertex 5.46999 -1.61435 2.5
    endloop
  endfacet
  facet normal 0 0 1
    outer loop
      vertex 5.6577 -1.52179 2.5
      vertex 0.5 0 2.5
      vertex 5.56233 -1.565 2.5
    endloop
  endfacet
  facet normal 0 0 1
    outer loop
      vertex 5.75569 -1.48491 2.5
      vertex 0.5 0 2.5
      vertex 5.6577 -1.52179 2.5
    endloop
  endfacet
  facet normal 0 0 1
    outer loop
      vertex 5.85588 -1.45451 2.5
      vertex 0.5 0 2.5
      vertex 5.75569 -1.48491 2.5
    endloop
  endfacet
  facet normal 0 0 1
    outer loop
      vertex 5.95786 -1.43074 2.5
      vertex 0.5 0 2.5
      vertex 5.85588 -1.45451 2.5
    endloop
  endfacet
  facet normal 0 0 1
    outer loop
      vertex 6.06116 -1.41368 2.5
      vertex 0.5 0 2.5
      vertex 5.95786 -1.43074 2.5
    endloop
  endfacet
  facet normal 0 0 1
    outer loop
      vertex 6.16534 -1.40341 2.5
      vertex 0.5 0 2.5
      vertex 6.06116 -1.41368 2.5
    endloop
  endfacet
  facet normal 0 0 1
    outer loop
      vertex 6.26999 -1.39999 2.5
      vertex 0.5 0 2.5
      vertex 6.16534 -1.40341 2.5
    endloop
  endfacet
  facet normal 0 0 1
    outer loop
      vertex 8.96999 -1.39999 2.5
      vertex 0.5 0 2.5
      vertex 6.26999 -1.39999 2.5
    endloop
  endfacet
  facet normal 0 0 1
    outer loop
      vertex 70.8122 -39.6139 2.5
      vertex 70.62 -39.65 2.5
      vertex 70.6855 -39.6479 2.5
    endloop
  endfacet
  facet normal 0 -0 1
    outer loop
      vertex 70.62 -39.65 2.5
      vertex 71.12 -39.15 2.5
      vertex 66.4193 -36.9621 2.5
    endloop
  endfacet
  facet normal 0 0 1
    outer loop
      vertex 71.12 -39.15 2.5
      vertex 71.0839 -39.3422 2.5
      vertex 71.1179 -39.2155 2.5
    endloop
  endfacet
  facet normal 0 -0 1
    outer loop
      vertex 71.0839 -39.3422 2.5
      vertex 71.12 -39.15 2.5
      vertex 70.62 -39.65 2.5
    endloop
  endfacet
  facet normal -0 0 1
    outer loop
      vertex 66.3955 -37.0641 2.5
      vertex 70.62 -39.65 2.5
      vertex 66.4193 -36.9621 2.5
    endloop
  endfacet
  facet normal -0 0 1
    outer loop
      vertex 66.3651 -37.1643 2.5
      vertex 70.62 -39.65 2.5
      vertex 66.3955 -37.0641 2.5
    endloop
  endfacet
  facet normal -0 0 1
    outer loop
      vertex 66.3282 -37.2623 2.5
      vertex 70.62 -39.65 2.5
      vertex 66.3651 -37.1643 2.5
    endloop
  endfacet
  facet normal -0 0 1
    outer loop
      vertex 66.285 -37.3577 2.5
      vertex 70.62 -39.65 2.5
      vertex 66.3282 -37.2623 2.5
    endloop
  endfacet
  facet normal -0 0 1
    outer loop
      vertex 66.2356 -37.45 2.5
      vertex 70.62 -39.65 2.5
      vertex 66.285 -37.3577 2.5
    endloop
  endfacet
  facet normal -0 0 1
    outer loop
      vertex 66.1803 -37.5389 2.5
      vertex 70.62 -39.65 2.5
      vertex 66.2356 -37.45 2.5
    endloop
  endfacet
  facet normal -0 0 1
    outer loop
      vertex 66.1194 -37.624 2.5
      vertex 70.62 -39.65 2.5
      vertex 66.1803 -37.5389 2.5
    endloop
  endfacet
  facet normal -0 0 1
    outer loop
      vertex 66.0529 -37.7049 2.5
      vertex 70.62 -39.65 2.5
      vertex 66.1194 -37.624 2.5
    endloop
  endfacet
  facet normal -0 0 1
    outer loop
      vertex 65.9814 -37.7814 2.5
      vertex 70.62 -39.65 2.5
      vertex 66.0529 -37.7049 2.5
    endloop
  endfacet
  facet normal -0 0 1
    outer loop
      vertex 65.905 -37.8529 2.5
      vertex 70.62 -39.65 2.5
      vertex 65.9814 -37.7814 2.5
    endloop
  endfacet
  facet normal -0 0 1
    outer loop
      vertex 65.824 -37.9194 2.5
      vertex 70.62 -39.65 2.5
      vertex 65.905 -37.8529 2.5
    endloop
  endfacet
  facet normal -0 0 1
    outer loop
      vertex 65.7389 -37.9803 2.5
      vertex 70.62 -39.65 2.5
      vertex 65.824 -37.9194 2.5
    endloop
  endfacet
  facet normal -0 0 1
    outer loop
      vertex 65.65 -38.0356 2.5
      vertex 70.62 -39.65 2.5
      vertex 65.7389 -37.9803 2.5
    endloop
  endfacet
  facet normal -0 0 1
    outer loop
      vertex 65.5576 -38.085 2.5
      vertex 70.62 -39.65 2.5
      vertex 65.65 -38.0356 2.5
    endloop
  endfacet
  facet normal -0 0 1
    outer loop
      vertex 65.4623 -38.1282 2.5
      vertex 70.62 -39.65 2.5
      vertex 65.5576 -38.085 2.5
    endloop
  endfacet
  facet normal -0 0 1
    outer loop
      vertex 65.3643 -38.1651 2.5
      vertex 70.62 -39.65 2.5
      vertex 65.4623 -38.1282 2.5
    endloop
  endfacet
  facet normal -0 0 1
    outer loop
      vertex 65.2641 -38.1955 2.5
      vertex 70.62 -39.65 2.5
      vertex 65.3643 -38.1651 2.5
    endloop
  endfacet
  facet normal -0 0 1
    outer loop
      vertex 65.1621 -38.2193 2.5
      vertex 70.62 -39.65 2.5
      vertex 65.2641 -38.1955 2.5
    endloop
  endfacet
  facet normal -0 0 1
    outer loop
      vertex 65.0588 -38.2363 2.5
      vertex 70.62 -39.65 2.5
      vertex 65.1621 -38.2193 2.5
    endloop
  endfacet
  facet normal -0 0 1
    outer loop
      vertex 64.9546 -38.2466 2.5
      vertex 70.62 -39.65 2.5
      vertex 65.0588 -38.2363 2.5
    endloop
  endfacet
  facet normal -0 0 1
    outer loop
      vertex 64.85 -38.25 2.5
      vertex 70.62 -39.65 2.5
      vertex 64.9546 -38.2466 2.5
    endloop
  endfacet
  facet normal -0 0 1
    outer loop
      vertex 62.15 -38.25 2.5
      vertex 70.62 -39.65 2.5
      vertex 64.85 -38.25 2.5
    endloop
  endfacet
  facet normal 0 0 1
    outer loop
      vertex 62.0453 -38.2466 2.5
      vertex 70.62 -39.65 2.5
      vertex 62.15 -38.25 2.5
    endloop
  endfacet
  facet normal 0 0 1
    outer loop
      vertex 61.9411 -38.2363 2.5
      vertex 70.62 -39.65 2.5
      vertex 62.0453 -38.2466 2.5
    endloop
  endfacet
  facet normal 0 0 1
    outer loop
      vertex 60.5637 -36.4411 2.5
      vertex 54.29 -35.15 2.5
      vertex 60.5534 -36.5453 2.5
    endloop
  endfacet
  facet normal 0 0 1
    outer loop
      vertex 54.29 -35.15 2.5
      vertex 60.3551 -22.1362 2.5
      vertex 60.2089 -21.9801 2.5
    endloop
  endfacet
  facet normal 0 0 1
    outer loop
      vertex 54.29 -35.15 2.5
      vertex 60.2089 -21.9801 2.5
      vertex 60.0732 -21.8147 2.5
    endloop
  endfacet
  facet normal 0 0 1
    outer loop
      vertex 54.29 -35.15 2.5
      vertex 60.0732 -21.8147 2.5
      vertex 59.9486 -21.6409 2.5
    endloop
  endfacet
  facet normal 0 0 1
    outer loop
      vertex 60.5534 -36.5453 2.5
      vertex 54.29 -35.15 2.5
      vertex 60.55 -36.65 2.5
    endloop
  endfacet
  facet normal 0 0 1
    outer loop
      vertex 54.29 -35.15 2.5
      vertex 59.9486 -21.6409 2.5
      vertex 59.8357 -21.4592 2.5
    endloop
  endfacet
  facet normal 0 0 1
    outer loop
      vertex 54.29 -35.15 2.5
      vertex 59.8357 -21.4592 2.5
      vertex 59.7349 -21.2706 2.5
    endloop
  endfacet
  facet normal 0 0 1
    outer loop
      vertex 54.29 -35.15 2.5
      vertex 59.7349 -21.2706 2.5
      vertex 59.6466 -21.0758 2.5
    endloop
  endfacet
  facet normal 0 0 1
    outer loop
      vertex 54.29 -35.15 2.5
      vertex 59.6466 -21.0758 2.5
      vertex 59.5713 -20.8756 2.5
    endloop
  endfacet
  facet normal 0 0 1
    outer loop
      vertex 54.29 -35.15 2.5
      vertex 59.5713 -20.8756 2.5
      vertex 59.5092 -20.6709 2.5
    endloop
  endfacet
  facet normal 0 0 1
    outer loop
      vertex 54.29 -35.15 2.5
      vertex 59.5092 -20.6709 2.5
      vertex 59.4606 -20.4626 2.5
    endloop
  endfacet
  facet normal 0 0 1
    outer loop
      vertex 54.29 -35.15 2.5
      vertex 59.4606 -20.4626 2.5
      vertex 59.4258 -20.2516 2.5
    endloop
  endfacet
  facet normal 0 0 1
    outer loop
      vertex 54.29 -35.15 2.5
      vertex 59.4258 -20.2516 2.5
      vertex 59.4048 -20.0388 2.5
    endloop
  endfacet
  facet normal 0 0 1
    outer loop
      vertex 54.29 -35.15 2.5
      vertex 59.3978 -19.825 2.5
      vertex 54.29 -4.75 2.5
    endloop
  endfacet
  facet normal 0 0 1
    outer loop
      vertex 59.3978 -19.825 2.5
      vertex 54.29 -35.15 2.5
      vertex 59.4048 -20.0388 2.5
    endloop
  endfacet
  facet normal 0 0 1
    outer loop
      vertex 60.55 -36.65 2.5
      vertex 54.29 -35.15 2.5
      vertex 60.5534 -36.7546 2.5
    endloop
  endfacet
  facet normal 0 0 1
    outer loop
      vertex 60.5534 -36.7546 2.5
      vertex 54.29 -35.15 2.5
      vertex 60.5637 -36.8588 2.5
    endloop
  endfacet
  facet normal 0 0 1
    outer loop
      vertex 60.5637 -36.8588 2.5
      vertex 54.29 -35.15 2.5
      vertex 60.5807 -36.9621 2.5
    endloop
  endfacet
  facet normal 0 0 1
    outer loop
      vertex 54.29 -35.15 2.5
      vertex 60.6045 -37.0641 2.5
      vertex 60.5807 -36.9621 2.5
    endloop
  endfacet
  facet normal 0 0 1
    outer loop
      vertex 54.29 -35.15 2.5
      vertex 60.6349 -37.1643 2.5
      vertex 60.6045 -37.0641 2.5
    endloop
  endfacet
  facet normal 0 0 1
    outer loop
      vertex 54.29 -35.15 2.5
      vertex 60.6718 -37.2623 2.5
      vertex 60.6349 -37.1643 2.5
    endloop
  endfacet
  facet normal 0 0 1
    outer loop
      vertex 54.29 -35.15 2.5
      vertex 60.715 -37.3577 2.5
      vertex 60.6718 -37.2623 2.5
    endloop
  endfacet
  facet normal 0 0 1
    outer loop
      vertex 54.29 -35.15 2.5
      vertex 60.7644 -37.45 2.5
      vertex 60.715 -37.3577 2.5
    endloop
  endfacet
  facet normal 0 0 1
    outer loop
      vertex 54.29 -35.15 2.5
      vertex 60.8196 -37.5389 2.5
      vertex 60.7644 -37.45 2.5
    endloop
  endfacet
  facet normal 0 0 1
    outer loop
      vertex 54.29 -35.15 2.5
      vertex 60.8806 -37.624 2.5
      vertex 60.8196 -37.5389 2.5
    endloop
  endfacet
  facet normal 0 0 1
    outer loop
      vertex 54.29 -35.15 2.5
      vertex 60.9471 -37.7049 2.5
      vertex 60.8806 -37.624 2.5
    endloop
  endfacet
  facet normal 0 0 1
    outer loop
      vertex 54.29 -35.15 2.5
      vertex 61.0186 -37.7814 2.5
      vertex 60.9471 -37.7049 2.5
    endloop
  endfacet
  facet normal 0 0 1
    outer loop
      vertex 54.29 -35.15 2.5
      vertex 61.095 -37.8529 2.5
      vertex 61.0186 -37.7814 2.5
    endloop
  endfacet
  facet normal 0 0 1
    outer loop
      vertex 54.29 -35.15 2.5
      vertex 61.176 -37.9194 2.5
      vertex 61.095 -37.8529 2.5
    endloop
  endfacet
  facet normal 0 0 1
    outer loop
      vertex 54.29 -35.15 2.5
      vertex 61.2611 -37.9803 2.5
      vertex 61.176 -37.9194 2.5
    endloop
  endfacet
  facet normal 0 0 1
    outer loop
      vertex 54.29 -35.15 2.5
      vertex 61.35 -38.0356 2.5
      vertex 61.2611 -37.9803 2.5
    endloop
  endfacet
  facet normal 0 0 1
    outer loop
      vertex 54.29 -35.15 2.5
      vertex 61.4423 -38.085 2.5
      vertex 61.35 -38.0356 2.5
    endloop
  endfacet
  facet normal 0 0 1
    outer loop
      vertex 9.67766 -38.085 2.5
      vertex 61.4423 -38.085 2.5
      vertex 54.29 -35.15 2.5
    endloop
  endfacet
  facet normal 0 0 1
    outer loop
      vertex 10.5666 -36.7546 2.5
      vertex 54.29 -35.15 2.5
      vertex 10.57 -36.65 2.5
    endloop
  endfacet
  facet normal 0 0 1
    outer loop
      vertex 10.5563 -36.8588 2.5
      vertex 54.29 -35.15 2.5
      vertex 10.5666 -36.7546 2.5
    endloop
  endfacet
  facet normal 0 0 1
    outer loop
      vertex 10.5392 -36.9621 2.5
      vertex 54.29 -35.15 2.5
      vertex 10.5563 -36.8588 2.5
    endloop
  endfacet
  facet normal 0 0 1
    outer loop
      vertex 10.5155 -37.0641 2.5
      vertex 54.29 -35.15 2.5
      vertex 10.5392 -36.9621 2.5
    endloop
  endfacet
  facet normal 0 0 1
    outer loop
      vertex 10.4851 -37.1643 2.5
      vertex 54.29 -35.15 2.5
      vertex 10.5155 -37.0641 2.5
    endloop
  endfacet
  facet normal 0 0 1
    outer loop
      vertex 10.4482 -37.2623 2.5
      vertex 54.29 -35.15 2.5
      vertex 10.4851 -37.1643 2.5
    endloop
  endfacet
  facet normal 0 0 1
    outer loop
      vertex 10.405 -37.3577 2.5
      vertex 54.29 -35.15 2.5
      vertex 10.4482 -37.2623 2.5
    endloop
  endfacet
  facet normal 0 0 1
    outer loop
      vertex 10.3556 -37.45 2.5
      vertex 54.29 -35.15 2.5
      vertex 10.405 -37.3577 2.5
    endloop
  endfacet
  facet normal 0 0 1
    outer loop
      vertex 10.3003 -37.5389 2.5
      vertex 54.29 -35.15 2.5
      vertex 10.3556 -37.45 2.5
    endloop
  endfacet
  facet normal 0 0 1
    outer loop
      vertex 10.2394 -37.624 2.5
      vertex 54.29 -35.15 2.5
      vertex 10.3003 -37.5389 2.5
    endloop
  endfacet
  facet normal 0 0 1
    outer loop
      vertex 10.1729 -37.7049 2.5
      vertex 54.29 -35.15 2.5
      vertex 10.2394 -37.624 2.5
    endloop
  endfacet
  facet normal 0 0 1
    outer loop
      vertex 10.1014 -37.7814 2.5
      vertex 54.29 -35.15 2.5
      vertex 10.1729 -37.7049 2.5
    endloop
  endfacet
  facet normal 0 0 1
    outer loop
      vertex 10.0249 -37.8529 2.5
      vertex 54.29 -35.15 2.5
      vertex 10.1014 -37.7814 2.5
    endloop
  endfacet
  facet normal 0 0 1
    outer loop
      vertex 9.94402 -37.9194 2.5
      vertex 54.29 -35.15 2.5
      vertex 10.0249 -37.8529 2.5
    endloop
  endfacet
  facet normal 0 0 1
    outer loop
      vertex 9.8589 -37.9803 2.5
      vertex 54.29 -35.15 2.5
      vertex 9.94402 -37.9194 2.5
    endloop
  endfacet
  facet normal 0 0 1
    outer loop
      vertex 9.76999 -38.0356 2.5
      vertex 54.29 -35.15 2.5
      vertex 9.8589 -37.9803 2.5
    endloop
  endfacet
  facet normal 0 0 1
    outer loop
      vertex 9.67766 -38.085 2.5
      vertex 54.29 -35.15 2.5
      vertex 9.76999 -38.0356 2.5
    endloop
  endfacet
  facet normal 0 0 1
    outer loop
      vertex 61.4423 -38.085 2.5
      vertex 9.67766 -38.085 2.5
      vertex 61.5377 -38.1282 2.5
    endloop
  endfacet
  facet normal 0 0 1
    outer loop
      vertex 9.58229 -38.1282 2.5
      vertex 61.5377 -38.1282 2.5
      vertex 9.67766 -38.085 2.5
    endloop
  endfacet
  facet normal 0 0 1
    outer loop
      vertex 61.5377 -38.1282 2.5
      vertex 9.58229 -38.1282 2.5
      vertex 61.6357 -38.1651 2.5
    endloop
  endfacet
  facet normal 0 0 1
    outer loop
      vertex 9.4843 -38.1651 2.5
      vertex 61.6357 -38.1651 2.5
      vertex 9.58229 -38.1282 2.5
    endloop
  endfacet
  facet normal 0 0 1
    outer loop
      vertex 61.6357 -38.1651 2.5
      vertex 9.4843 -38.1651 2.5
      vertex 61.7359 -38.1955 2.5
    endloop
  endfacet
  facet normal 0 0 1
    outer loop
      vertex 9.38411 -38.1955 2.5
      vertex 61.7359 -38.1955 2.5
      vertex 9.4843 -38.1651 2.5
    endloop
  endfacet
  facet normal 0 0 1
    outer loop
      vertex 61.7359 -38.1955 2.5
      vertex 9.38411 -38.1955 2.5
      vertex 61.8378 -38.2193 2.5
    endloop
  endfacet
  facet normal 0 0 1
    outer loop
      vertex 9.28214 -38.2193 2.5
      vertex 61.8378 -38.2193 2.5
      vertex 9.38411 -38.1955 2.5
    endloop
  endfacet
  facet normal 0 0 1
    outer loop
      vertex 61.8378 -38.2193 2.5
      vertex 9.28214 -38.2193 2.5
      vertex 61.9411 -38.2363 2.5
    endloop
  endfacet
  facet normal 0 0 1
    outer loop
      vertex 9.17883 -38.2363 2.5
      vertex 61.9411 -38.2363 2.5
      vertex 9.28214 -38.2193 2.5
    endloop
  endfacet
  facet normal 0 0 1
    outer loop
      vertex 61.9411 -38.2363 2.5
      vertex 9.17883 -38.2363 2.5
      vertex 70.62 -39.65 2.5
    endloop
  endfacet
  facet normal 0 0 1
    outer loop
      vertex 0.5 -39.65 2.5
      vertex 9.17883 -38.2363 2.5
      vertex 9.07463 -38.2466 2.5
    endloop
  endfacet
  facet normal 0 0 1
    outer loop
      vertex 0.5 -39.65 2.5
      vertex 9.07463 -38.2466 2.5
      vertex 8.96999 -38.25 2.5
    endloop
  endfacet
  facet normal 0 0 1
    outer loop
      vertex 0.5 -39.65 2.5
      vertex 8.96999 -38.25 2.5
      vertex 6.26999 -38.25 2.5
    endloop
  endfacet
  facet normal 0 0 1
    outer loop
      vertex 0.889999 -35.15 2.5
      vertex 4.67342 -36.7546 2.5
      vertex 4.67 -36.65 2.5
    endloop
  endfacet
  facet normal 0 0 1
    outer loop
      vertex 0.889999 -35.15 2.5
      vertex 4.68369 -36.8588 2.5
      vertex 4.67342 -36.7546 2.5
    endloop
  endfacet
  facet normal 0 0 1
    outer loop
      vertex 0.889999 -35.15 2.5
      vertex 4.70073 -36.9621 2.5
      vertex 4.68369 -36.8588 2.5
    endloop
  endfacet
  facet normal 0 0 1
    outer loop
      vertex 0.5 -39.65 2.5
      vertex 4.70073 -36.9621 2.5
      vertex 0.889999 -35.15 2.5
    endloop
  endfacet
  facet normal 0 0 1
    outer loop
      vertex 4.70073 -36.9621 2.5
      vertex 0.5 -39.65 2.5
      vertex 4.72452 -37.0641 2.5
    endloop
  endfacet
  facet normal 0 0 1
    outer loop
      vertex 4.72452 -37.0641 2.5
      vertex 0.5 -39.65 2.5
      vertex 4.7549 -37.1643 2.5
    endloop
  endfacet
  facet normal 0 0 1
    outer loop
      vertex 4.7549 -37.1643 2.5
      vertex 0.5 -39.65 2.5
      vertex 4.79178 -37.2623 2.5
    endloop
  endfacet
  facet normal 0 0 1
    outer loop
      vertex 4.79178 -37.2623 2.5
      vertex 0.5 -39.65 2.5
      vertex 4.83499 -37.3577 2.5
    endloop
  endfacet
  facet normal 0 0 1
    outer loop
      vertex 4.83499 -37.3577 2.5
      vertex 0.5 -39.65 2.5
      vertex 4.88435 -37.45 2.5
    endloop
  endfacet
  facet normal 0 0 1
    outer loop
      vertex 4.88435 -37.45 2.5
      vertex 0.5 -39.65 2.5
      vertex 4.93964 -37.5389 2.5
    endloop
  endfacet
  facet normal 0 0 1
    outer loop
      vertex 4.93964 -37.5389 2.5
      vertex 0.5 -39.65 2.5
      vertex 5.00063 -37.624 2.5
    endloop
  endfacet
  facet normal 0 0 1
    outer loop
      vertex 5.00063 -37.624 2.5
      vertex 0.5 -39.65 2.5
      vertex 5.06705 -37.7049 2.5
    endloop
  endfacet
  facet normal 0 0 1
    outer loop
      vertex 5.06705 -37.7049 2.5
      vertex 0.5 -39.65 2.5
      vertex 5.13863 -37.7814 2.5
    endloop
  endfacet
  facet normal 0 0 1
    outer loop
      vertex 5.13863 -37.7814 2.5
      vertex 0.5 -39.65 2.5
      vertex 5.21504 -37.8529 2.5
    endloop
  endfacet
  facet normal 0 0 1
    outer loop
      vertex 5.21504 -37.8529 2.5
      vertex 0.5 -39.65 2.5
      vertex 5.29597 -37.9194 2.5
    endloop
  endfacet
  facet normal 0 0 1
    outer loop
      vertex 9.17883 -38.2363 2.5
      vertex 0.5 -39.65 2.5
      vertex 70.62 -39.65 2.5
    endloop
  endfacet
  facet normal 0 0 1
    outer loop
      vertex 6.16534 -38.2466 2.5
      vertex 0.5 -39.65 2.5
      vertex 6.26999 -38.25 2.5
    endloop
  endfacet
  facet normal 0 0 1
    outer loop
      vertex 6.06116 -38.2363 2.5
      vertex 0.5 -39.65 2.5
      vertex 6.16534 -38.2466 2.5
    endloop
  endfacet
  facet normal 0 0 1
    outer loop
      vertex 5.95786 -38.2193 2.5
      vertex 0.5 -39.65 2.5
      vertex 6.06116 -38.2363 2.5
    endloop
  endfacet
  facet normal 0 0 1
    outer loop
      vertex 5.85588 -38.1955 2.5
      vertex 0.5 -39.65 2.5
      vertex 5.95786 -38.2193 2.5
    endloop
  endfacet
  facet normal 0 0 1
    outer loop
      vertex 5.75569 -38.1651 2.5
      vertex 0.5 -39.65 2.5
      vertex 5.85588 -38.1955 2.5
    endloop
  endfacet
  facet normal 0 0 1
    outer loop
      vertex 5.6577 -38.1282 2.5
      vertex 0.5 -39.65 2.5
      vertex 5.75569 -38.1651 2.5
    endloop
  endfacet
  facet normal 0 0 1
    outer loop
      vertex 5.56233 -38.085 2.5
      vertex 0.5 -39.65 2.5
      vertex 5.6577 -38.1282 2.5
    endloop
  endfacet
  facet normal 0 0 1
    outer loop
      vertex 5.46999 -38.0356 2.5
      vertex 0.5 -39.65 2.5
      vertex 5.56233 -38.085 2.5
    endloop
  endfacet
  facet normal 0 0 1
    outer loop
      vertex 5.38107 -37.9803 2.5
      vertex 0.5 -39.65 2.5
      vertex 5.46999 -38.0356 2.5
    endloop
  endfacet
  facet normal 0 0 1
    outer loop
      vertex 5.29597 -37.9194 2.5
      vertex 0.5 -39.65 2.5
      vertex 5.38107 -37.9803 2.5
    endloop
  endfacet
  facet normal 0 0 1
    outer loop
      vertex 0 -39.15 2.5
      vertex 0.889999 -4.75 2.5
      vertex 0 -0.5 2.5
    endloop
  endfacet
  facet normal 0 0 1
    outer loop
      vertex 0.307785 -0.036087 2.5
      vertex 0.5 0 2.5
      vertex 0.434494 -0.00209045 2.5
    endloop
  endfacet
  facet normal 0 0 1
    outer loop
      vertex 0.889999 -4.75 2.5
      vertex 0 -39.15 2.5
      vertex 0.889999 -35.15 2.5
    endloop
  endfacet
  facet normal 0 0 1
    outer loop
      vertex 0.5 0 2.5
      vertex 0.307785 -0.036087 2.5
      vertex 0 -0.5 2.5
    endloop
  endfacet
  facet normal 0 0 1
    outer loop
      vertex 0.889999 -35.15 2.5
      vertex 0 -39.15 2.5
      vertex 0.5 -39.65 2.5
    endloop
  endfacet
  facet normal 0 0 1
    outer loop
      vertex 0 -0.5 2.5
      vertex 0.307785 -0.036087 2.5
      vertex 0.19429 -0.101593 2.5
    endloop
  endfacet
  facet normal -0 -0 1
    outer loop
      vertex 0.307785 -39.6139 2.5
      vertex 0.5 -39.65 2.5
      vertex 0 -39.15 2.5
    endloop
  endfacet
  facet normal 0 0 1
    outer loop
      vertex 0 -0.5 2.5
      vertex 0.19429 -0.101593 2.5
      vertex 0.101593 -0.19429 2.5
    endloop
  endfacet
  facet normal 0 0 1
    outer loop
      vertex 0.5 -39.65 2.5
      vertex 0.307785 -39.6139 2.5
      vertex 0.434494 -39.6479 2.5
    endloop
  endfacet
  facet normal 0 0 1
    outer loop
      vertex 0 -0.5 2.5
      vertex 0.101593 -0.19429 2.5
      vertex 0.036087 -0.307785 2.5
    endloop
  endfacet
  facet normal 0 0 1
    outer loop
      vertex 0.307785 -39.6139 2.5
      vertex 0 -39.15 2.5
      vertex 0.19429 -39.5484 2.5
    endloop
  endfacet
  facet normal 0 0 1
    outer loop
      vertex 0 -0.5 2.5
      vertex 0.036087 -0.307785 2.5
      vertex 0.00209045 -0.434494 2.5
    endloop
  endfacet
  facet normal 0 0 1
    outer loop
      vertex 0.19429 -39.5484 2.5
      vertex 0 -39.15 2.5
      vertex 0.101593 -39.4557 2.5
    endloop
  endfacet
  facet normal 0 0 1
    outer loop
      vertex 0.101593 -39.4557 2.5
      vertex 0 -39.15 2.5
      vertex 0.036087 -39.3422 2.5
    endloop
  endfacet
  facet normal 0 0 1
    outer loop
      vertex 0.036087 -39.3422 2.5
      vertex 0 -39.15 2.5
      vertex 0.00209045 -39.2155 2.5
    endloop
  endfacet
  facet normal -0 0 1
    outer loop
      vertex 65.5977 -21.2706 2.5
      vertex 71.12 -39.15 2.5
      vertex 65.686 -21.0758 2.5
    endloop
  endfacet
  facet normal 0 0 1
    outer loop
      vertex 71.12 -39.15 2.5
      vertex 66.2356 -35.85 2.5
      vertex 66.285 -35.9423 2.5
    endloop
  endfacet
  facet normal -0 0 1
    outer loop
      vertex 65.4969 -21.4592 2.5
      vertex 71.12 -39.15 2.5
      vertex 65.5977 -21.2706 2.5
    endloop
  endfacet
  facet normal 0 0 1
    outer loop
      vertex 71.12 -39.15 2.5
      vertex 66.1803 -35.7611 2.5
      vertex 66.2356 -35.85 2.5
    endloop
  endfacet
  facet normal -0 0 1
    outer loop
      vertex 65.384 -21.6409 2.5
      vertex 71.12 -39.15 2.5
      vertex 65.4969 -21.4592 2.5
    endloop
  endfacet
  facet normal 0 0 1
    outer loop
      vertex 71.12 -39.15 2.5
      vertex 66.1194 -35.676 2.5
      vertex 66.1803 -35.7611 2.5
    endloop
  endfacet
  facet normal 0 0 1
    outer loop
      vertex 71.12 -39.15 2.5
      vertex 65.384 -21.6409 2.5
      vertex 66.1194 -35.676 2.5
    endloop
  endfacet
  facet normal 0 0 1
    outer loop
      vertex 66.1194 -35.676 2.5
      vertex 65.384 -21.6409 2.5
      vertex 66.0529 -35.595 2.5
    endloop
  endfacet
  facet normal -0 0 1
    outer loop
      vertex 65.2594 -21.8147 2.5
      vertex 66.0529 -35.595 2.5
      vertex 65.384 -21.6409 2.5
    endloop
  endfacet
  facet normal 0 0 1
    outer loop
      vertex 66.0529 -35.595 2.5
      vertex 65.2594 -21.8147 2.5
      vertex 65.9814 -35.5186 2.5
    endloop
  endfacet
  facet normal -0 0 1
    outer loop
      vertex 65.1237 -21.9801 2.5
      vertex 65.9814 -35.5186 2.5
      vertex 65.2594 -21.8147 2.5
    endloop
  endfacet
  facet normal 0 0 1
    outer loop
      vertex 65.9814 -35.5186 2.5
      vertex 65.1237 -21.9801 2.5
      vertex 65.905 -35.4471 2.5
    endloop
  endfacet
  facet normal 0 0 1
    outer loop
      vertex 65.905 -35.4471 2.5
      vertex 65.1237 -21.9801 2.5
      vertex 65.824 -35.3806 2.5
    endloop
  endfacet
  facet normal -0 0 1
    outer loop
      vertex 64.9775 -22.1362 2.5
      vertex 65.824 -35.3806 2.5
      vertex 65.1237 -21.9801 2.5
    endloop
  endfacet
  facet normal 0 0 1
    outer loop
      vertex 65.824 -35.3806 2.5
      vertex 64.9775 -22.1362 2.5
      vertex 65.7389 -35.3196 2.5
    endloop
  endfacet
  facet normal -0 0 1
    outer loop
      vertex 64.8214 -22.2824 2.5
      vertex 65.7389 -35.3196 2.5
      vertex 64.9775 -22.1362 2.5
    endloop
  endfacet
  facet normal 0 0 1
    outer loop
      vertex 65.7389 -35.3196 2.5
      vertex 64.8214 -22.2824 2.5
      vertex 65.65 -35.2644 2.5
    endloop
  endfacet
  facet normal -0 0 1
    outer loop
      vertex 64.656 -22.4181 2.5
      vertex 65.65 -35.2644 2.5
      vertex 64.8214 -22.2824 2.5
    endloop
  endfacet
  facet normal 0 0 1
    outer loop
      vertex 65.65 -35.2644 2.5
      vertex 64.656 -22.4181 2.5
      vertex 65.5576 -35.215 2.5
    endloop
  endfacet
  facet normal -0 0 1
    outer loop
      vertex 64.4822 -22.5426 2.5
      vertex 65.5576 -35.215 2.5
      vertex 64.656 -22.4181 2.5
    endloop
  endfacet
  facet normal 0 0 1
    outer loop
      vertex 65.5576 -35.215 2.5
      vertex 64.4822 -22.5426 2.5
      vertex 65.4623 -35.1718 2.5
    endloop
  endfacet
  facet normal -0 0 1
    outer loop
      vertex 64.3005 -22.6556 2.5
      vertex 65.4623 -35.1718 2.5
      vertex 64.4822 -22.5426 2.5
    endloop
  endfacet
  facet normal 0 0 1
    outer loop
      vertex 65.4623 -35.1718 2.5
      vertex 64.3005 -22.6556 2.5
      vertex 65.3643 -35.1349 2.5
    endloop
  endfacet
  facet normal -0 0 1
    outer loop
      vertex 64.1119 -22.7564 2.5
      vertex 65.3643 -35.1349 2.5
      vertex 64.3005 -22.6556 2.5
    endloop
  endfacet
  facet normal 0 0 1
    outer loop
      vertex 65.3643 -35.1349 2.5
      vertex 64.1119 -22.7564 2.5
      vertex 65.2641 -35.1045 2.5
    endloop
  endfacet
  facet normal 0 0 1
    outer loop
      vertex 65.2641 -35.1045 2.5
      vertex 64.1119 -22.7564 2.5
      vertex 65.1621 -35.0807 2.5
    endloop
  endfacet
  facet normal -0 0 1
    outer loop
      vertex 63.9171 -22.8447 2.5
      vertex 65.1621 -35.0807 2.5
      vertex 64.1119 -22.7564 2.5
    endloop
  endfacet
  facet normal 0 0 1
    outer loop
      vertex 65.1621 -35.0807 2.5
      vertex 63.9171 -22.8447 2.5
      vertex 65.0588 -35.0637 2.5
    endloop
  endfacet
  facet normal -0 0 1
    outer loop
      vertex 63.7169 -22.92 2.5
      vertex 65.0588 -35.0637 2.5
      vertex 63.9171 -22.8447 2.5
    endloop
  endfacet
  facet normal 0 0 1
    outer loop
      vertex 65.0588 -35.0637 2.5
      vertex 63.7169 -22.92 2.5
      vertex 64.9546 -35.0534 2.5
    endloop
  endfacet
  facet normal -0 0 1
    outer loop
      vertex 63.5122 -22.9821 2.5
      vertex 64.9546 -35.0534 2.5
      vertex 63.7169 -22.92 2.5
    endloop
  endfacet
  facet normal 0 0 1
    outer loop
      vertex 64.9546 -35.0534 2.5
      vertex 63.5122 -22.9821 2.5
      vertex 64.85 -35.05 2.5
    endloop
  endfacet
  facet normal -0 0 1
    outer loop
      vertex 63.3039 -23.0307 2.5
      vertex 64.85 -35.05 2.5
      vertex 63.5122 -22.9821 2.5
    endloop
  endfacet
  facet normal -0 0 1
    outer loop
      vertex 63.0929 -23.0655 2.5
      vertex 64.85 -35.05 2.5
      vertex 63.3039 -23.0307 2.5
    endloop
  endfacet
  facet normal -0 0 1
    outer loop
      vertex 62.8801 -23.0865 2.5
      vertex 64.85 -35.05 2.5
      vertex 63.0929 -23.0655 2.5
    endloop
  endfacet
  facet normal 0 0 1
    outer loop
      vertex 62.15 -35.05 2.5
      vertex 62.8801 -23.0865 2.5
      vertex 62.6663 -23.0935 2.5
    endloop
  endfacet
  facet normal 0 0 1
    outer loop
      vertex 62.15 -35.05 2.5
      vertex 62.6663 -23.0935 2.5
      vertex 62.4525 -23.0865 2.5
    endloop
  endfacet
  facet normal 0 0 1
    outer loop
      vertex 62.0453 -35.0534 2.5
      vertex 62.4525 -23.0865 2.5
      vertex 62.2397 -23.0655 2.5
    endloop
  endfacet
  facet normal 0 0 1
    outer loop
      vertex 62.8801 -23.0865 2.5
      vertex 62.15 -35.05 2.5
      vertex 64.85 -35.05 2.5
    endloop
  endfacet
  facet normal 0 0 1
    outer loop
      vertex 62.4525 -23.0865 2.5
      vertex 62.0453 -35.0534 2.5
      vertex 62.15 -35.05 2.5
    endloop
  endfacet
  facet normal 0 0 1
    outer loop
      vertex 61.9411 -35.0637 2.5
      vertex 62.2397 -23.0655 2.5
      vertex 62.0286 -23.0307 2.5
    endloop
  endfacet
  facet normal 0 0 1
    outer loop
      vertex 62.2397 -23.0655 2.5
      vertex 61.9411 -35.0637 2.5
      vertex 62.0453 -35.0534 2.5
    endloop
  endfacet
  facet normal 0 0 1
    outer loop
      vertex 62.0286 -23.0307 2.5
      vertex 61.8378 -35.0807 2.5
      vertex 61.9411 -35.0637 2.5
    endloop
  endfacet
  facet normal 0 0 1
    outer loop
      vertex 61.8203 -22.9821 2.5
      vertex 61.8378 -35.0807 2.5
      vertex 62.0286 -23.0307 2.5
    endloop
  endfacet
  facet normal 0 0 1
    outer loop
      vertex 61.8203 -22.9821 2.5
      vertex 61.7359 -35.1045 2.5
      vertex 61.8378 -35.0807 2.5
    endloop
  endfacet
  facet normal 0 0 1
    outer loop
      vertex 61.8203 -22.9821 2.5
      vertex 61.6357 -35.1349 2.5
      vertex 61.7359 -35.1045 2.5
    endloop
  endfacet
  facet normal 0 0 1
    outer loop
      vertex 61.6157 -22.92 2.5
      vertex 61.6357 -35.1349 2.5
      vertex 61.8203 -22.9821 2.5
    endloop
  endfacet
  facet normal 0 0 1
    outer loop
      vertex 61.6157 -22.92 2.5
      vertex 61.5377 -35.1718 2.5
      vertex 61.6357 -35.1349 2.5
    endloop
  endfacet
  facet normal 0 0 1
    outer loop
      vertex 61.4155 -22.8447 2.5
      vertex 61.5377 -35.1718 2.5
      vertex 61.6157 -22.92 2.5
    endloop
  endfacet
  facet normal 0 0 1
    outer loop
      vertex 61.5377 -35.1718 2.5
      vertex 61.4155 -22.8447 2.5
      vertex 61.4423 -35.215 2.5
    endloop
  endfacet
  facet normal 0 0 1
    outer loop
      vertex 61.2207 -22.7564 2.5
      vertex 61.4423 -35.215 2.5
      vertex 61.4155 -22.8447 2.5
    endloop
  endfacet
  facet normal 0 0 1
    outer loop
      vertex 61.4423 -35.215 2.5
      vertex 61.2207 -22.7564 2.5
      vertex 61.35 -35.2644 2.5
    endloop
  endfacet
  facet normal 0 0 1
    outer loop
      vertex 54.29 -35.15 2.5
      vertex 61.2207 -22.7564 2.5
      vertex 61.032 -22.6556 2.5
    endloop
  endfacet
  facet normal 0 0 1
    outer loop
      vertex 61.2207 -22.7564 2.5
      vertex 54.29 -35.15 2.5
      vertex 61.35 -35.2644 2.5
    endloop
  endfacet
  facet normal 0 0 1
    outer loop
      vertex 54.29 -35.15 2.5
      vertex 61.032 -22.6556 2.5
      vertex 60.8504 -22.5426 2.5
    endloop
  endfacet
  facet normal 0 0 1
    outer loop
      vertex 61.35 -35.2644 2.5
      vertex 54.29 -35.15 2.5
      vertex 61.2611 -35.3196 2.5
    endloop
  endfacet
  facet normal 0 0 1
    outer loop
      vertex 61.2611 -35.3196 2.5
      vertex 54.29 -35.15 2.5
      vertex 61.176 -35.3806 2.5
    endloop
  endfacet
  facet normal 0 0 1
    outer loop
      vertex 54.29 -35.15 2.5
      vertex 60.8504 -22.5426 2.5
      vertex 60.6766 -22.4181 2.5
    endloop
  endfacet
  facet normal 0 0 1
    outer loop
      vertex 61.176 -35.3806 2.5
      vertex 54.29 -35.15 2.5
      vertex 61.095 -35.4471 2.5
    endloop
  endfacet
  facet normal 0 0 1
    outer loop
      vertex 54.29 -35.15 2.5
      vertex 60.6766 -22.4181 2.5
      vertex 60.5112 -22.2824 2.5
    endloop
  endfacet
  facet normal 0 0 1
    outer loop
      vertex 61.095 -35.4471 2.5
      vertex 54.29 -35.15 2.5
      vertex 61.0186 -35.5186 2.5
    endloop
  endfacet
  facet normal 0 0 1
    outer loop
      vertex 54.29 -35.15 2.5
      vertex 60.5112 -22.2824 2.5
      vertex 60.3551 -22.1362 2.5
    endloop
  endfacet
  facet normal 0 0 1
    outer loop
      vertex 61.0186 -35.5186 2.5
      vertex 54.29 -35.15 2.5
      vertex 60.9471 -35.595 2.5
    endloop
  endfacet
  facet normal 0 0 1
    outer loop
      vertex 60.9471 -35.595 2.5
      vertex 54.29 -35.15 2.5
      vertex 60.8806 -35.676 2.5
    endloop
  endfacet
  facet normal 0 0 1
    outer loop
      vertex 60.8806 -35.676 2.5
      vertex 54.29 -35.15 2.5
      vertex 60.8196 -35.7611 2.5
    endloop
  endfacet
  facet normal 0 0 1
    outer loop
      vertex 60.8196 -35.7611 2.5
      vertex 54.29 -35.15 2.5
      vertex 60.7644 -35.85 2.5
    endloop
  endfacet
  facet normal 0 0 1
    outer loop
      vertex 60.7644 -35.85 2.5
      vertex 54.29 -35.15 2.5
      vertex 60.715 -35.9423 2.5
    endloop
  endfacet
  facet normal 0 0 1
    outer loop
      vertex 60.715 -35.9423 2.5
      vertex 54.29 -35.15 2.5
      vertex 60.6718 -36.0377 2.5
    endloop
  endfacet
  facet normal 0 0 1
    outer loop
      vertex 60.6718 -36.0377 2.5
      vertex 54.29 -35.15 2.5
      vertex 60.6349 -36.1357 2.5
    endloop
  endfacet
  facet normal 0 0 1
    outer loop
      vertex 60.6349 -36.1357 2.5
      vertex 54.29 -35.15 2.5
      vertex 60.6045 -36.2359 2.5
    endloop
  endfacet
  facet normal 0 0 1
    outer loop
      vertex 60.6045 -36.2359 2.5
      vertex 54.29 -35.15 2.5
      vertex 60.5807 -36.3378 2.5
    endloop
  endfacet
  facet normal 0 0 1
    outer loop
      vertex 60.5807 -36.3378 2.5
      vertex 54.29 -35.15 2.5
      vertex 60.5637 -36.4411 2.5
    endloop
  endfacet
  facet normal 0.259181 -0.965829 0
    outer loop
      vertex 70.6855 -39.6479 0
      vertex 70.8122 -39.6139 2.5
      vertex 70.6855 -39.6479 2.5
    endloop
  endfacet
  facet normal 0.259181 -0.965829 0
    outer loop
      vertex 70.8122 -39.6139 2.5
      vertex 70.6855 -39.6479 0
      vertex 70.8122 -39.6139 0
    endloop
  endfacet
  facet normal 0.499833 -0.866122 0
    outer loop
      vertex 70.8122 -39.6139 0
      vertex 70.9257 -39.5484 2.5
      vertex 70.8122 -39.6139 2.5
    endloop
  endfacet
  facet normal 0.499833 -0.866122 0
    outer loop
      vertex 70.9257 -39.5484 2.5
      vertex 70.8122 -39.6139 0
      vertex 70.9257 -39.5484 0
    endloop
  endfacet
  facet normal 0.707107 -0.707107 0
    outer loop
      vertex 70.9257 -39.5484 2.5
      vertex 71.0184 -39.4557 0
      vertex 71.0184 -39.4557 2.5
    endloop
  endfacet
  facet normal 0.707107 -0.707107 0
    outer loop
      vertex 71.0184 -39.4557 0
      vertex 70.9257 -39.5484 2.5
      vertex 70.9257 -39.5484 0
    endloop
  endfacet
  facet normal 0.866122 -0.499833 0
    outer loop
      vertex 71.0184 -39.4557 2.5
      vertex 71.0839 -39.3422 0
      vertex 71.0839 -39.3422 2.5
    endloop
  endfacet
  facet normal 0.866122 -0.499833 0
    outer loop
      vertex 71.0839 -39.3422 0
      vertex 71.0184 -39.4557 2.5
      vertex 71.0184 -39.4557 0
    endloop
  endfacet
  facet normal 0.965829 -0.259181 0
    outer loop
      vertex 71.0839 -39.3422 2.5
      vertex 71.1179 -39.2155 0
      vertex 71.1179 -39.2155 2.5
    endloop
  endfacet
  facet normal 0.965829 -0.259181 0
    outer loop
      vertex 71.1179 -39.2155 0
      vertex 71.0839 -39.3422 2.5
      vertex 71.0839 -39.3422 0
    endloop
  endfacet
  facet normal 0.999486 -0.0320446 0
    outer loop
      vertex 71.1179 -39.2155 2.5
      vertex 71.12 -39.15 0
      vertex 71.12 -39.15 2.5
    endloop
  endfacet
  facet normal 0.999486 -0.0320446 0
    outer loop
      vertex 71.12 -39.15 0
      vertex 71.1179 -39.2155 2.5
      vertex 71.1179 -39.2155 0
    endloop
  endfacet
  facet normal 1 -0 0
    outer loop
      vertex 71.12 -39.15 2.5
      vertex 71.12 -0.5 0
      vertex 71.12 -0.5 2.5
    endloop
  endfacet
  facet normal 1 0 0
    outer loop
      vertex 71.12 -0.5 0
      vertex 71.12 -39.15 2.5
      vertex 71.12 -39.15 0
    endloop
  endfacet
  facet normal 0.999487 0.0320417 0
    outer loop
      vertex 71.12 -0.5 2.5
      vertex 71.1179 -0.434494 0
      vertex 71.1179 -0.434494 2.5
    endloop
  endfacet
  facet normal 0.999487 0.0320417 0
    outer loop
      vertex 71.1179 -0.434494 0
      vertex 71.12 -0.5 2.5
      vertex 71.12 -0.5 0
    endloop
  endfacet
  facet normal 0.965833 0.259163 0
    outer loop
      vertex 71.1179 -0.434494 2.5
      vertex 71.0839 -0.307785 0
      vertex 71.0839 -0.307785 2.5
    endloop
  endfacet
  facet normal 0.965833 0.259163 0
    outer loop
      vertex 71.0839 -0.307785 0
      vertex 71.1179 -0.434494 2.5
      vertex 71.1179 -0.434494 0
    endloop
  endfacet
  facet normal 0.866113 0.499849 0
    outer loop
      vertex 71.0839 -0.307785 2.5
      vertex 71.0184 -0.19429 0
      vertex 71.0184 -0.19429 2.5
    endloop
  endfacet
  facet normal 0.866113 0.499849 0
    outer loop
      vertex 71.0184 -0.19429 0
      vertex 71.0839 -0.307785 2.5
      vertex 71.0839 -0.307785 0
    endloop
  endfacet
  facet normal 0.707095 0.707118 0
    outer loop
      vertex 71.0184 -0.19429 2.5
      vertex 70.9257 -0.101593 0
      vertex 70.9257 -0.101593 2.5
    endloop
  endfacet
  facet normal 0.707095 0.707118 0
    outer loop
      vertex 70.9257 -0.101593 0
      vertex 71.0184 -0.19429 2.5
      vertex 71.0184 -0.19429 0
    endloop
  endfacet
  facet normal 0.499867 0.866102 -0
    outer loop
      vertex 70.9257 -0.101593 0
      vertex 70.8122 -0.036087 2.5
      vertex 70.9257 -0.101593 2.5
    endloop
  endfacet
  facet normal 0.499867 0.866102 0
    outer loop
      vertex 70.8122 -0.036087 2.5
      vertex 70.9257 -0.101593 0
      vertex 70.8122 -0.036087 0
    endloop
  endfacet
  facet normal 0.259156 0.965835 -0
    outer loop
      vertex 70.8122 -0.036087 0
      vertex 70.6855 -0.00209045 2.5
      vertex 70.8122 -0.036087 2.5
    endloop
  endfacet
  facet normal 0.259156 0.965835 0
    outer loop
      vertex 70.6855 -0.00209045 2.5
      vertex 70.8122 -0.036087 0
      vertex 70.6855 -0.00209045 0
    endloop
  endfacet
  facet normal 0.031899 0.999491 -0
    outer loop
      vertex 70.6855 -0.00209045 0
      vertex 70.62 0 2.5
      vertex 70.6855 -0.00209045 2.5
    endloop
  endfacet
  facet normal 0.031899 0.999491 0
    outer loop
      vertex 70.62 0 2.5
      vertex 70.6855 -0.00209045 0
      vertex 70.62 0 0
    endloop
  endfacet
  facet normal 0 1 -0
    outer loop
      vertex 70.62 0 0
      vertex 0.5 0 2.5
      vertex 70.62 0 2.5
    endloop
  endfacet
  facet normal 0 1 0
    outer loop
      vertex 0.5 0 2.5
      vertex 70.62 0 0
      vertex 0.5 0 0
    endloop
  endfacet
  facet normal -0.0318961 0.999491 0
    outer loop
      vertex 0.5 0 0
      vertex 0.434494 -0.00209045 2.5
      vertex 0.5 0 2.5
    endloop
  endfacet
  facet normal -0.0318961 0.999491 0
    outer loop
      vertex 0.434494 -0.00209045 2.5
      vertex 0.5 0 0
      vertex 0.434494 -0.00209045 0
    endloop
  endfacet
  facet normal -0.259139 0.96584 0
    outer loop
      vertex 0.434494 -0.00209045 0
      vertex 0.307785 -0.036087 2.5
      vertex 0.434494 -0.00209045 2.5
    endloop
  endfacet
  facet normal -0.259139 0.96584 0
    outer loop
      vertex 0.307785 -0.036087 2.5
      vertex 0.434494 -0.00209045 0
      vertex 0.307785 -0.036087 0
    endloop
  endfacet
  facet normal -0.499883 0.866093 0
    outer loop
      vertex 0.307785 -0.036087 0
      vertex 0.19429 -0.101593 2.5
      vertex 0.307785 -0.036087 2.5
    endloop
  endfacet
  facet normal -0.499883 0.866093 0
    outer loop
      vertex 0.19429 -0.101593 2.5
      vertex 0.307785 -0.036087 0
      vertex 0.19429 -0.101593 0
    endloop
  endfacet
  facet normal -0.707107 0.707107 0
    outer loop
      vertex 0.101593 -0.19429 0
      vertex 0.19429 -0.101593 2.5
      vertex 0.19429 -0.101593 0
    endloop
  endfacet
  facet normal -0.707107 0.707107 0
    outer loop
      vertex 0.19429 -0.101593 2.5
      vertex 0.101593 -0.19429 0
      vertex 0.101593 -0.19429 2.5
    endloop
  endfacet
  facet normal -0.866093 0.499883 0
    outer loop
      vertex 0.036087 -0.307785 0
      vertex 0.101593 -0.19429 2.5
      vertex 0.101593 -0.19429 0
    endloop
  endfacet
  facet normal -0.866093 0.499883 0
    outer loop
      vertex 0.101593 -0.19429 2.5
      vertex 0.036087 -0.307785 0
      vertex 0.036087 -0.307785 2.5
    endloop
  endfacet
  facet normal -0.96584 0.259139 0
    outer loop
      vertex 0.00209045 -0.434494 0
      vertex 0.036087 -0.307785 2.5
      vertex 0.036087 -0.307785 0
    endloop
  endfacet
  facet normal -0.96584 0.259139 0
    outer loop
      vertex 0.036087 -0.307785 2.5
      vertex 0.00209045 -0.434494 0
      vertex 0.00209045 -0.434494 2.5
    endloop
  endfacet
  facet normal -0.999491 0.0318961 0
    outer loop
      vertex 0 -0.5 0
      vertex 0.00209045 -0.434494 2.5
      vertex 0.00209045 -0.434494 0
    endloop
  endfacet
  facet normal -0.999491 0.0318961 0
    outer loop
      vertex 0.00209045 -0.434494 2.5
      vertex 0 -0.5 0
      vertex 0 -0.5 2.5
    endloop
  endfacet
  facet normal -1 0 0
    outer loop
      vertex 0 -39.15 0
      vertex 0 -0.5 2.5
      vertex 0 -0.5 0
    endloop
  endfacet
  facet normal -1 -0 0
    outer loop
      vertex 0 -0.5 2.5
      vertex 0 -39.15 0
      vertex 0 -39.15 2.5
    endloop
  endfacet
  facet normal -0.999491 -0.031899 0
    outer loop
      vertex 0.00209045 -39.2155 0
      vertex 0 -39.15 2.5
      vertex 0 -39.15 0
    endloop
  endfacet
  facet normal -0.999491 -0.031899 0
    outer loop
      vertex 0 -39.15 2.5
      vertex 0.00209045 -39.2155 0
      vertex 0.00209045 -39.2155 2.5
    endloop
  endfacet
  facet normal -0.965835 -0.259156 0
    outer loop
      vertex 0.036087 -39.3422 0
      vertex 0.00209045 -39.2155 2.5
      vertex 0.00209045 -39.2155 0
    endloop
  endfacet
  facet normal -0.965835 -0.259156 0
    outer loop
      vertex 0.00209045 -39.2155 2.5
      vertex 0.036087 -39.3422 0
      vertex 0.036087 -39.3422 2.5
    endloop
  endfacet
  facet normal -0.866102 -0.499867 0
    outer loop
      vertex 0.101593 -39.4557 0
      vertex 0.036087 -39.3422 2.5
      vertex 0.036087 -39.3422 0
    endloop
  endfacet
  facet normal -0.866102 -0.499867 0
    outer loop
      vertex 0.036087 -39.3422 2.5
      vertex 0.101593 -39.4557 0
      vertex 0.101593 -39.4557 2.5
    endloop
  endfacet
  facet normal -0.707118 -0.707095 0
    outer loop
      vertex 0.19429 -39.5484 0
      vertex 0.101593 -39.4557 2.5
      vertex 0.101593 -39.4557 0
    endloop
  endfacet
  facet normal -0.707118 -0.707095 0
    outer loop
      vertex 0.101593 -39.4557 2.5
      vertex 0.19429 -39.5484 0
      vertex 0.19429 -39.5484 2.5
    endloop
  endfacet
  facet normal -0.499849 -0.866113 0
    outer loop
      vertex 0.19429 -39.5484 0
      vertex 0.307785 -39.6139 2.5
      vertex 0.19429 -39.5484 2.5
    endloop
  endfacet
  facet normal -0.499849 -0.866113 -0
    outer loop
      vertex 0.307785 -39.6139 2.5
      vertex 0.19429 -39.5484 0
      vertex 0.307785 -39.6139 0
    endloop
  endfacet
  facet normal -0.259163 -0.965833 0
    outer loop
      vertex 0.307785 -39.6139 0
      vertex 0.434494 -39.6479 2.5
      vertex 0.307785 -39.6139 2.5
    endloop
  endfacet
  facet normal -0.259163 -0.965833 -0
    outer loop
      vertex 0.434494 -39.6479 2.5
      vertex 0.307785 -39.6139 0
      vertex 0.434494 -39.6479 0
    endloop
  endfacet
  facet normal -0.0320417 -0.999487 0
    outer loop
      vertex 0.434494 -39.6479 0
      vertex 0.5 -39.65 2.5
      vertex 0.434494 -39.6479 2.5
    endloop
  endfacet
  facet normal -0.0320417 -0.999487 -0
    outer loop
      vertex 0.5 -39.65 2.5
      vertex 0.434494 -39.6479 0
      vertex 0.5 -39.65 0
    endloop
  endfacet
  facet normal 0 -1 0
    outer loop
      vertex 0.5 -39.65 0
      vertex 70.62 -39.65 2.5
      vertex 0.5 -39.65 2.5
    endloop
  endfacet
  facet normal 0 -1 -0
    outer loop
      vertex 70.62 -39.65 2.5
      vertex 0.5 -39.65 0
      vertex 70.62 -39.65 0
    endloop
  endfacet
  facet normal 0.0320446 -0.999486 0
    outer loop
      vertex 70.62 -39.65 0
      vertex 70.6855 -39.6479 2.5
      vertex 70.62 -39.65 2.5
    endloop
  endfacet
  facet normal 0.0320446 -0.999486 0
    outer loop
      vertex 70.6855 -39.6479 2.5
      vertex 70.62 -39.65 0
      vertex 70.6855 -39.6479 0
    endloop
  endfacet
  facet normal 0.0326629 0.999466 -0
    outer loop
      vertex 6.26999 -4.59999 0
      vertex 6.16534 -4.59657 2.5
      vertex 6.26999 -4.59999 2.5
    endloop
  endfacet
  facet normal 0.0326629 0.999466 0
    outer loop
      vertex 6.16534 -4.59657 2.5
      vertex 6.26999 -4.59999 0
      vertex 6.16534 -4.59657 0
    endloop
  endfacet
  facet normal 0.0981039 0.995176 -0
    outer loop
      vertex 6.16534 -4.59657 0
      vertex 6.06116 -4.5863 2.5
      vertex 6.16534 -4.59657 2.5
    endloop
  endfacet
  facet normal 0.0981039 0.995176 0
    outer loop
      vertex 6.06116 -4.5863 2.5
      vertex 6.16534 -4.59657 0
      vertex 6.06116 -4.5863 0
    endloop
  endfacet
  facet normal 0.162943 0.986636 -0
    outer loop
      vertex 6.06116 -4.5863 0
      vertex 5.95786 -4.56924 2.5
      vertex 6.06116 -4.5863 2.5
    endloop
  endfacet
  facet normal 0.162943 0.986636 0
    outer loop
      vertex 5.95786 -4.56924 2.5
      vertex 6.06116 -4.5863 0
      vertex 5.95786 -4.56924 0
    endloop
  endfacet
  facet normal 0.227 0.973895 -0
    outer loop
      vertex 5.95786 -4.56924 0
      vertex 5.85588 -4.54547 2.5
      vertex 5.95786 -4.56924 2.5
    endloop
  endfacet
  facet normal 0.227 0.973895 0
    outer loop
      vertex 5.85588 -4.54547 2.5
      vertex 5.95786 -4.56924 0
      vertex 5.85588 -4.54547 0
    endloop
  endfacet
  facet normal 0.290265 0.956946 -0
    outer loop
      vertex 5.85588 -4.54547 0
      vertex 5.75569 -4.51508 2.5
      vertex 5.85588 -4.54547 2.5
    endloop
  endfacet
  facet normal 0.290265 0.956946 0
    outer loop
      vertex 5.75569 -4.51508 2.5
      vertex 5.85588 -4.54547 0
      vertex 5.75569 -4.51508 0
    endloop
  endfacet
  facet normal 0.352243 0.935909 -0
    outer loop
      vertex 5.75569 -4.51508 0
      vertex 5.6577 -4.4782 2.5
      vertex 5.75569 -4.51508 2.5
    endloop
  endfacet
  facet normal 0.352243 0.935909 0
    outer loop
      vertex 5.6577 -4.4782 2.5
      vertex 5.75569 -4.51508 0
      vertex 5.6577 -4.4782 0
    endloop
  endfacet
  facet normal 0.412774 0.910834 -0
    outer loop
      vertex 5.6577 -4.4782 0
      vertex 5.56233 -4.43498 2.5
      vertex 5.6577 -4.4782 2.5
    endloop
  endfacet
  facet normal 0.412774 0.910834 0
    outer loop
      vertex 5.56233 -4.43498 2.5
      vertex 5.6577 -4.4782 0
      vertex 5.56233 -4.43498 0
    endloop
  endfacet
  facet normal 0.471272 0.881988 -0
    outer loop
      vertex 5.56233 -4.43498 0
      vertex 5.46999 -4.38564 2.5
      vertex 5.56233 -4.43498 2.5
    endloop
  endfacet
  facet normal 0.471272 0.881988 0
    outer loop
      vertex 5.46999 -4.38564 2.5
      vertex 5.56233 -4.43498 0
      vertex 5.46999 -4.38564 0
    endloop
  endfacet
  facet normal 0.528109 0.849177 -0
    outer loop
      vertex 5.46999 -4.38564 0
      vertex 5.38107 -4.33034 2.5
      vertex 5.46999 -4.38564 2.5
    endloop
  endfacet
  facet normal 0.528109 0.849177 0
    outer loop
      vertex 5.38107 -4.33034 2.5
      vertex 5.46999 -4.38564 0
      vertex 5.38107 -4.33034 0
    endloop
  endfacet
  facet normal 0.582466 0.812855 -0
    outer loop
      vertex 5.38107 -4.33034 0
      vertex 5.29597 -4.26936 2.5
      vertex 5.38107 -4.33034 2.5
    endloop
  endfacet
  facet normal 0.582466 0.812855 0
    outer loop
      vertex 5.29597 -4.26936 2.5
      vertex 5.38107 -4.33034 0
      vertex 5.29597 -4.26936 0
    endloop
  endfacet
  facet normal 0.634407 0.772999 -0
    outer loop
      vertex 5.29597 -4.26936 0
      vertex 5.21504 -4.20294 2.5
      vertex 5.29597 -4.26936 2.5
    endloop
  endfacet
  facet normal 0.634407 0.772999 0
    outer loop
      vertex 5.21504 -4.20294 2.5
      vertex 5.29597 -4.26936 0
      vertex 5.21504 -4.20294 0
    endloop
  endfacet
  facet normal 0.683665 0.729796 -0
    outer loop
      vertex 5.21504 -4.20294 0
      vertex 5.13863 -4.13136 2.5
      vertex 5.21504 -4.20294 2.5
    endloop
  endfacet
  facet normal 0.683665 0.729796 0
    outer loop
      vertex 5.13863 -4.13136 2.5
      vertex 5.21504 -4.20294 0
      vertex 5.13863 -4.13136 0
    endloop
  endfacet
  facet normal 0.729796 0.683665 0
    outer loop
      vertex 5.13863 -4.13136 2.5
      vertex 5.06705 -4.05495 0
      vertex 5.06705 -4.05495 2.5
    endloop
  endfacet
  facet normal 0.729796 0.683665 0
    outer loop
      vertex 5.06705 -4.05495 0
      vertex 5.13863 -4.13136 2.5
      vertex 5.13863 -4.13136 0
    endloop
  endfacet
  facet normal 0.773037 0.634361 0
    outer loop
      vertex 5.06705 -4.05495 2.5
      vertex 5.00063 -3.97401 0
      vertex 5.00063 -3.97401 2.5
    endloop
  endfacet
  facet normal 0.773037 0.634361 0
    outer loop
      vertex 5.00063 -3.97401 0
      vertex 5.06705 -4.05495 2.5
      vertex 5.06705 -4.05495 0
    endloop
  endfacet
  facet normal 0.812842 0.582484 0
    outer loop
      vertex 5.00063 -3.97401 2.5
      vertex 4.93964 -3.8889 0
      vertex 4.93964 -3.8889 2.5
    endloop
  endfacet
  facet normal 0.812842 0.582484 0
    outer loop
      vertex 4.93964 -3.8889 0
      vertex 5.00063 -3.97401 2.5
      vertex 5.00063 -3.97401 0
    endloop
  endfacet
  facet normal 0.849193 0.528083 0
    outer loop
      vertex 4.93964 -3.8889 2.5
      vertex 4.88435 -3.79999 0
      vertex 4.88435 -3.79999 2.5
    endloop
  endfacet
  facet normal 0.849193 0.528083 0
    outer loop
      vertex 4.88435 -3.79999 0
      vertex 4.93964 -3.8889 2.5
      vertex 4.93964 -3.8889 0
    endloop
  endfacet
  facet normal 0.881887 0.471461 0
    outer loop
      vertex 4.88435 -3.79999 2.5
      vertex 4.83499 -3.70766 0
      vertex 4.83499 -3.70766 2.5
    endloop
  endfacet
  facet normal 0.881887 0.471461 0
    outer loop
      vertex 4.83499 -3.70766 0
      vertex 4.88435 -3.79999 2.5
      vertex 4.88435 -3.79999 0
    endloop
  endfacet
  facet normal 0.91087 0.412694 0
    outer loop
      vertex 4.83499 -3.70766 2.5
      vertex 4.79178 -3.61229 0
      vertex 4.79178 -3.61229 2.5
    endloop
  endfacet
  facet normal 0.91087 0.412694 0
    outer loop
      vertex 4.79178 -3.61229 0
      vertex 4.83499 -3.70766 2.5
      vertex 4.83499 -3.70766 0
    endloop
  endfacet
  facet normal 0.935909 0.352243 0
    outer loop
      vertex 4.79178 -3.61229 2.5
      vertex 4.7549 -3.5143 0
      vertex 4.7549 -3.5143 2.5
    endloop
  endfacet
  facet normal 0.935909 0.352243 0
    outer loop
      vertex 4.7549 -3.5143 0
      vertex 4.79178 -3.61229 2.5
      vertex 4.79178 -3.61229 0
    endloop
  endfacet
  facet normal 0.956973 0.290177 0
    outer loop
      vertex 4.7549 -3.5143 2.5
      vertex 4.72452 -3.41411 0
      vertex 4.72452 -3.41411 2.5
    endloop
  endfacet
  facet normal 0.956973 0.290177 0
    outer loop
      vertex 4.72452 -3.41411 0
      vertex 4.7549 -3.5143 2.5
      vertex 4.7549 -3.5143 0
    endloop
  endfacet
  facet normal 0.973852 0.227181 0
    outer loop
      vertex 4.72452 -3.41411 2.5
      vertex 4.70073 -3.31213 0
      vertex 4.70073 -3.31213 2.5
    endloop
  endfacet
  facet normal 0.973852 0.227181 0
    outer loop
      vertex 4.70073 -3.31213 0
      vertex 4.72452 -3.41411 2.5
      vertex 4.72452 -3.41411 0
    endloop
  endfacet
  facet normal 0.986666 0.162757 0
    outer loop
      vertex 4.70073 -3.31213 2.5
      vertex 4.68369 -3.20883 0
      vertex 4.68369 -3.20883 2.5
    endloop
  endfacet
  facet normal 0.986666 0.162757 0
    outer loop
      vertex 4.68369 -3.20883 0
      vertex 4.70073 -3.31213 2.5
      vertex 4.70073 -3.31213 0
    endloop
  endfacet
  facet normal 0.995177 0.0980945 0
    outer loop
      vertex 4.68369 -3.20883 2.5
      vertex 4.67342 -3.10464 0
      vertex 4.67342 -3.10464 2.5
    endloop
  endfacet
  facet normal 0.995177 0.0980945 0
    outer loop
      vertex 4.67342 -3.10464 0
      vertex 4.68369 -3.20883 2.5
      vertex 4.68369 -3.20883 0
    endloop
  endfacet
  facet normal 0.999466 0.032666 0
    outer loop
      vertex 4.67342 -3.10464 2.5
      vertex 4.67 -3 0
      vertex 4.67 -3 2.5
    endloop
  endfacet
  facet normal 0.999466 0.032666 0
    outer loop
      vertex 4.67 -3 0
      vertex 4.67342 -3.10464 2.5
      vertex 4.67342 -3.10464 0
    endloop
  endfacet
  facet normal 0.999467 -0.0326598 0
    outer loop
      vertex 4.67 -3 2.5
      vertex 4.67342 -2.89534 0
      vertex 4.67342 -2.89534 2.5
    endloop
  endfacet
  facet normal 0.999467 -0.0326598 0
    outer loop
      vertex 4.67342 -2.89534 0
      vertex 4.67 -3 2.5
      vertex 4.67 -3 0
    endloop
  endfacet
  facet normal 0.995177 -0.0980945 0
    outer loop
      vertex 4.67342 -2.89534 2.5
      vertex 4.68369 -2.79115 0
      vertex 4.68369 -2.79115 2.5
    endloop
  endfacet
  facet normal 0.995177 -0.0980945 0
    outer loop
      vertex 4.68369 -2.79115 0
      vertex 4.67342 -2.89534 2.5
      vertex 4.67342 -2.89534 0
    endloop
  endfacet
  facet normal 0.986666 -0.162757 0
    outer loop
      vertex 4.68369 -2.79115 2.5
      vertex 4.70073 -2.68785 0
      vertex 4.70073 -2.68785 2.5
    endloop
  endfacet
  facet normal 0.986666 -0.162757 0
    outer loop
      vertex 4.70073 -2.68785 0
      vertex 4.68369 -2.79115 2.5
      vertex 4.68369 -2.79115 0
    endloop
  endfacet
  facet normal 0.973848 -0.227202 0
    outer loop
      vertex 4.70073 -2.68785 2.5
      vertex 4.72452 -2.58588 0
      vertex 4.72452 -2.58588 2.5
    endloop
  endfacet
  facet normal 0.973848 -0.227202 0
    outer loop
      vertex 4.72452 -2.58588 0
      vertex 4.70073 -2.68785 2.5
      vertex 4.70073 -2.68785 0
    endloop
  endfacet
  facet normal 0.956973 -0.290177 0
    outer loop
      vertex 4.72452 -2.58588 2.5
      vertex 4.7549 -2.48569 0
      vertex 4.7549 -2.48569 2.5
    endloop
  endfacet
  facet normal 0.956973 -0.290177 0
    outer loop
      vertex 4.7549 -2.48569 0
      vertex 4.72452 -2.58588 2.5
      vertex 4.72452 -2.58588 0
    endloop
  endfacet
  facet normal 0.935909 -0.352243 0
    outer loop
      vertex 4.7549 -2.48569 2.5
      vertex 4.79178 -2.3877 0
      vertex 4.79178 -2.3877 2.5
    endloop
  endfacet
  facet normal 0.935909 -0.352243 0
    outer loop
      vertex 4.79178 -2.3877 0
      vertex 4.7549 -2.48569 2.5
      vertex 4.7549 -2.48569 0
    endloop
  endfacet
  facet normal 0.91087 -0.412694 0
    outer loop
      vertex 4.79178 -2.3877 2.5
      vertex 4.83499 -2.29233 0
      vertex 4.83499 -2.29233 2.5
    endloop
  endfacet
  facet normal 0.91087 -0.412694 0
    outer loop
      vertex 4.83499 -2.29233 0
      vertex 4.79178 -2.3877 2.5
      vertex 4.79178 -2.3877 0
    endloop
  endfacet
  facet normal 0.881887 -0.471461 0
    outer loop
      vertex 4.83499 -2.29233 2.5
      vertex 4.88435 -2.2 0
      vertex 4.88435 -2.2 2.5
    endloop
  endfacet
  facet normal 0.881887 -0.471461 0
    outer loop
      vertex 4.88435 -2.2 0
      vertex 4.83499 -2.29233 2.5
      vertex 4.83499 -2.29233 0
    endloop
  endfacet
  facet normal 0.849219 -0.52804 0
    outer loop
      vertex 4.88435 -2.2 2.5
      vertex 4.93964 -2.11108 0
      vertex 4.93964 -2.11108 2.5
    endloop
  endfacet
  facet normal 0.849219 -0.52804 0
    outer loop
      vertex 4.93964 -2.11108 0
      vertex 4.88435 -2.2 2.5
      vertex 4.88435 -2.2 0
    endloop
  endfacet
  facet normal 0.812842 -0.582484 0
    outer loop
      vertex 4.93964 -2.11108 2.5
      vertex 5.00063 -2.02597 0
      vertex 5.00063 -2.02597 2.5
    endloop
  endfacet
  facet normal 0.812842 -0.582484 0
    outer loop
      vertex 5.00063 -2.02597 0
      vertex 4.93964 -2.11108 2.5
      vertex 4.93964 -2.11108 0
    endloop
  endfacet
  facet normal 0.772999 -0.634407 0
    outer loop
      vertex 5.00063 -2.02597 2.5
      vertex 5.06705 -1.94504 0
      vertex 5.06705 -1.94504 2.5
    endloop
  endfacet
  facet normal 0.772999 -0.634407 0
    outer loop
      vertex 5.06705 -1.94504 0
      vertex 5.00063 -2.02597 2.5
      vertex 5.00063 -2.02597 0
    endloop
  endfacet
  facet normal 0.729841 -0.683617 0
    outer loop
      vertex 5.06705 -1.94504 2.5
      vertex 5.13863 -1.86862 0
      vertex 5.13863 -1.86862 2.5
    endloop
  endfacet
  facet normal 0.729841 -0.683617 0
    outer loop
      vertex 5.13863 -1.86862 0
      vertex 5.06705 -1.94504 2.5
      vertex 5.06705 -1.94504 0
    endloop
  endfacet
  facet normal 0.683665 -0.729796 0
    outer loop
      vertex 5.13863 -1.86862 0
      vertex 5.21504 -1.79704 2.5
      vertex 5.13863 -1.86862 2.5
    endloop
  endfacet
  facet normal 0.683665 -0.729796 0
    outer loop
      vertex 5.21504 -1.79704 2.5
      vertex 5.13863 -1.86862 0
      vertex 5.21504 -1.79704 0
    endloop
  endfacet
  facet normal 0.634407 -0.772999 0
    outer loop
      vertex 5.21504 -1.79704 0
      vertex 5.29597 -1.73062 2.5
      vertex 5.21504 -1.79704 2.5
    endloop
  endfacet
  facet normal 0.634407 -0.772999 0
    outer loop
      vertex 5.29597 -1.73062 2.5
      vertex 5.21504 -1.79704 0
      vertex 5.29597 -1.73062 0
    endloop
  endfacet
  facet normal 0.582403 -0.8129 0
    outer loop
      vertex 5.29597 -1.73062 0
      vertex 5.38107 -1.66965 2.5
      vertex 5.29597 -1.73062 2.5
    endloop
  endfacet
  facet normal 0.582403 -0.8129 0
    outer loop
      vertex 5.38107 -1.66965 2.5
      vertex 5.29597 -1.73062 0
      vertex 5.38107 -1.66965 0
    endloop
  endfacet
  facet normal 0.528109 -0.849177 0
    outer loop
      vertex 5.38107 -1.66965 0
      vertex 5.46999 -1.61435 2.5
      vertex 5.38107 -1.66965 2.5
    endloop
  endfacet
  facet normal 0.528109 -0.849177 0
    outer loop
      vertex 5.46999 -1.61435 2.5
      vertex 5.38107 -1.66965 0
      vertex 5.46999 -1.61435 0
    endloop
  endfacet
  facet normal 0.471347 -0.881948 0
    outer loop
      vertex 5.46999 -1.61435 0
      vertex 5.56233 -1.565 2.5
      vertex 5.46999 -1.61435 2.5
    endloop
  endfacet
  facet normal 0.471347 -0.881948 0
    outer loop
      vertex 5.56233 -1.565 2.5
      vertex 5.46999 -1.61435 0
      vertex 5.56233 -1.565 0
    endloop
  endfacet
  facet normal 0.412694 -0.91087 0
    outer loop
      vertex 5.56233 -1.565 0
      vertex 5.6577 -1.52179 2.5
      vertex 5.56233 -1.565 2.5
    endloop
  endfacet
  facet normal 0.412694 -0.91087 0
    outer loop
      vertex 5.6577 -1.52179 2.5
      vertex 5.56233 -1.565 0
      vertex 5.6577 -1.52179 0
    endloop
  endfacet
  facet normal 0.352243 -0.935909 0
    outer loop
      vertex 5.6577 -1.52179 0
      vertex 5.75569 -1.48491 2.5
      vertex 5.6577 -1.52179 2.5
    endloop
  endfacet
  facet normal 0.352243 -0.935909 0
    outer loop
      vertex 5.75569 -1.48491 2.5
      vertex 5.6577 -1.52179 0
      vertex 5.75569 -1.48491 0
    endloop
  endfacet
  facet normal 0.290352 -0.95692 0
    outer loop
      vertex 5.75569 -1.48491 0
      vertex 5.85588 -1.45451 2.5
      vertex 5.75569 -1.48491 2.5
    endloop
  endfacet
  facet normal 0.290352 -0.95692 0
    outer loop
      vertex 5.85588 -1.45451 2.5
      vertex 5.75569 -1.48491 0
      vertex 5.85588 -1.45451 0
    endloop
  endfacet
  facet normal 0.227 -0.973895 0
    outer loop
      vertex 5.85588 -1.45451 0
      vertex 5.95786 -1.43074 2.5
      vertex 5.85588 -1.45451 2.5
    endloop
  endfacet
  facet normal 0.227 -0.973895 0
    outer loop
      vertex 5.95786 -1.43074 2.5
      vertex 5.85588 -1.45451 0
      vertex 5.95786 -1.43074 0
    endloop
  endfacet
  facet normal 0.162943 -0.986636 0
    outer loop
      vertex 5.95786 -1.43074 0
      vertex 6.06116 -1.41368 2.5
      vertex 5.95786 -1.43074 2.5
    endloop
  endfacet
  facet normal 0.162943 -0.986636 0
    outer loop
      vertex 6.06116 -1.41368 2.5
      vertex 5.95786 -1.43074 0
      vertex 6.06116 -1.41368 0
    endloop
  endfacet
  facet normal 0.0981039 -0.995176 0
    outer loop
      vertex 6.06116 -1.41368 0
      vertex 6.16534 -1.40341 2.5
      vertex 6.06116 -1.41368 2.5
    endloop
  endfacet
  facet normal 0.0981039 -0.995176 0
    outer loop
      vertex 6.16534 -1.40341 2.5
      vertex 6.06116 -1.41368 0
      vertex 6.16534 -1.40341 0
    endloop
  endfacet
  facet normal 0.0326629 -0.999466 0
    outer loop
      vertex 6.16534 -1.40341 0
      vertex 6.26999 -1.39999 2.5
      vertex 6.16534 -1.40341 2.5
    endloop
  endfacet
  facet normal 0.0326629 -0.999466 0
    outer loop
      vertex 6.26999 -1.39999 2.5
      vertex 6.16534 -1.40341 0
      vertex 6.26999 -1.39999 0
    endloop
  endfacet
  facet normal 0 -1 0
    outer loop
      vertex 6.26999 -1.39999 0
      vertex 8.96999 -1.39999 2.5
      vertex 6.26999 -1.39999 2.5
    endloop
  endfacet
  facet normal 0 -1 -0
    outer loop
      vertex 8.96999 -1.39999 2.5
      vertex 6.26999 -1.39999 0
      vertex 8.96999 -1.39999 0
    endloop
  endfacet
  facet normal -0.032666 -0.999466 0
    outer loop
      vertex 8.96999 -1.39999 0
      vertex 9.07463 -1.40341 2.5
      vertex 8.96999 -1.39999 2.5
    endloop
  endfacet
  facet normal -0.032666 -0.999466 -0
    outer loop
      vertex 9.07463 -1.40341 2.5
      vertex 8.96999 -1.39999 0
      vertex 9.07463 -1.40341 0
    endloop
  endfacet
  facet normal -0.0980852 -0.995178 0
    outer loop
      vertex 9.07463 -1.40341 0
      vertex 9.17883 -1.41368 2.5
      vertex 9.07463 -1.40341 2.5
    endloop
  endfacet
  facet normal -0.0980852 -0.995178 -0
    outer loop
      vertex 9.17883 -1.41368 2.5
      vertex 9.07463 -1.40341 0
      vertex 9.17883 -1.41368 0
    endloop
  endfacet
  facet normal -0.162928 -0.986638 0
    outer loop
      vertex 9.17883 -1.41368 0
      vertex 9.28214 -1.43074 2.5
      vertex 9.17883 -1.41368 2.5
    endloop
  endfacet
  facet normal -0.162928 -0.986638 -0
    outer loop
      vertex 9.28214 -1.43074 2.5
      vertex 9.17883 -1.41368 0
      vertex 9.28214 -1.43074 0
    endloop
  endfacet
  facet normal -0.227021 -0.97389 0
    outer loop
      vertex 9.28214 -1.43074 0
      vertex 9.38411 -1.45451 2.5
      vertex 9.28214 -1.43074 2.5
    endloop
  endfacet
  facet normal -0.227021 -0.97389 -0
    outer loop
      vertex 9.38411 -1.45451 2.5
      vertex 9.28214 -1.43074 0
      vertex 9.38411 -1.45451 0
    endloop
  endfacet
  facet normal -0.290352 -0.95692 0
    outer loop
      vertex 9.38411 -1.45451 0
      vertex 9.4843 -1.48491 2.5
      vertex 9.38411 -1.45451 2.5
    endloop
  endfacet
  facet normal -0.290352 -0.95692 -0
    outer loop
      vertex 9.4843 -1.48491 2.5
      vertex 9.38411 -1.45451 0
      vertex 9.4843 -1.48491 0
    endloop
  endfacet
  facet normal -0.352243 -0.935909 0
    outer loop
      vertex 9.4843 -1.48491 0
      vertex 9.58229 -1.52179 2.5
      vertex 9.4843 -1.48491 2.5
    endloop
  endfacet
  facet normal -0.352243 -0.935909 -0
    outer loop
      vertex 9.58229 -1.52179 2.5
      vertex 9.4843 -1.48491 0
      vertex 9.58229 -1.52179 0
    endloop
  endfacet
  facet normal -0.412694 -0.91087 0
    outer loop
      vertex 9.58229 -1.52179 0
      vertex 9.67766 -1.565 2.5
      vertex 9.58229 -1.52179 2.5
    endloop
  endfacet
  facet normal -0.412694 -0.91087 -0
    outer loop
      vertex 9.67766 -1.565 2.5
      vertex 9.58229 -1.52179 0
      vertex 9.67766 -1.565 0
    endloop
  endfacet
  facet normal -0.471386 -0.881927 0
    outer loop
      vertex 9.67766 -1.565 0
      vertex 9.76999 -1.61435 2.5
      vertex 9.67766 -1.565 2.5
    endloop
  endfacet
  facet normal -0.471386 -0.881927 -0
    outer loop
      vertex 9.76999 -1.61435 2.5
      vertex 9.67766 -1.565 0
      vertex 9.76999 -1.61435 0
    endloop
  endfacet
  facet normal -0.528152 -0.84915 0
    outer loop
      vertex 9.76999 -1.61435 0
      vertex 9.8589 -1.66965 2.5
      vertex 9.76999 -1.61435 2.5
    endloop
  endfacet
  facet normal -0.528152 -0.84915 -0
    outer loop
      vertex 9.8589 -1.66965 2.5
      vertex 9.76999 -1.61435 0
      vertex 9.8589 -1.66965 0
    endloop
  endfacet
  facet normal -0.582313 -0.812965 0
    outer loop
      vertex 9.8589 -1.66965 0
      vertex 9.94402 -1.73062 2.5
      vertex 9.8589 -1.66965 2.5
    endloop
  endfacet
  facet normal -0.582313 -0.812965 -0
    outer loop
      vertex 9.94402 -1.73062 2.5
      vertex 9.8589 -1.66965 0
      vertex 9.94402 -1.73062 0
    endloop
  endfacet
  facet normal -0.634642 -0.772807 0
    outer loop
      vertex 9.94402 -1.73062 0
      vertex 10.0249 -1.79704 2.5
      vertex 9.94402 -1.73062 2.5
    endloop
  endfacet
  facet normal -0.634642 -0.772807 -0
    outer loop
      vertex 10.0249 -1.79704 2.5
      vertex 9.94402 -1.73062 0
      vertex 10.0249 -1.79704 0
    endloop
  endfacet
  facet normal -0.683236 -0.730198 0
    outer loop
      vertex 10.0249 -1.79704 0
      vertex 10.1014 -1.86862 2.5
      vertex 10.0249 -1.79704 2.5
    endloop
  endfacet
  facet normal -0.683236 -0.730198 -0
    outer loop
      vertex 10.1014 -1.86862 2.5
      vertex 10.0249 -1.79704 0
      vertex 10.1014 -1.86862 0
    endloop
  endfacet
  facet normal -0.730222 -0.68321 0
    outer loop
      vertex 10.1729 -1.94504 0
      vertex 10.1014 -1.86862 2.5
      vertex 10.1014 -1.86862 0
    endloop
  endfacet
  facet normal -0.730222 -0.68321 0
    outer loop
      vertex 10.1014 -1.86862 2.5
      vertex 10.1729 -1.94504 0
      vertex 10.1729 -1.94504 2.5
    endloop
  endfacet
  facet normal -0.772624 -0.634864 0
    outer loop
      vertex 10.2394 -2.02597 0
      vertex 10.1729 -1.94504 2.5
      vertex 10.1729 -1.94504 0
    endloop
  endfacet
  facet normal -0.772624 -0.634864 0
    outer loop
      vertex 10.1729 -1.94504 2.5
      vertex 10.2394 -2.02597 0
      vertex 10.2394 -2.02597 2.5
    endloop
  endfacet
  facet normal -0.813249 -0.581916 0
    outer loop
      vertex 10.3003 -2.11108 0
      vertex 10.2394 -2.02597 2.5
      vertex 10.2394 -2.02597 0
    endloop
  endfacet
  facet normal -0.813249 -0.581916 0
    outer loop
      vertex 10.2394 -2.02597 2.5
      vertex 10.3003 -2.11108 0
      vertex 10.3003 -2.11108 2.5
    endloop
  endfacet
  facet normal -0.849177 -0.528109 0
    outer loop
      vertex 10.3556 -2.2 0
      vertex 10.3003 -2.11108 2.5
      vertex 10.3003 -2.11108 0
    endloop
  endfacet
  facet normal -0.849177 -0.528109 0
    outer loop
      vertex 10.3003 -2.11108 2.5
      vertex 10.3556 -2.2 0
      vertex 10.3556 -2.2 2.5
    endloop
  endfacet
  facet normal -0.881728 -0.471758 0
    outer loop
      vertex 10.405 -2.29233 0
      vertex 10.3556 -2.2 2.5
      vertex 10.3556 -2.2 0
    endloop
  endfacet
  facet normal -0.881728 -0.471758 0
    outer loop
      vertex 10.3556 -2.2 2.5
      vertex 10.405 -2.29233 0
      vertex 10.405 -2.29233 2.5
    endloop
  endfacet
  facet normal -0.910905 -0.412615 0
    outer loop
      vertex 10.4482 -2.3877 0
      vertex 10.405 -2.29233 2.5
      vertex 10.405 -2.29233 0
    endloop
  endfacet
  facet normal -0.910905 -0.412615 0
    outer loop
      vertex 10.405 -2.29233 2.5
      vertex 10.4482 -2.3877 0
      vertex 10.4482 -2.3877 2.5
    endloop
  endfacet
  facet normal -0.935846 -0.35241 0
    outer loop
      vertex 10.4851 -2.48569 0
      vertex 10.4482 -2.3877 2.5
      vertex 10.4482 -2.3877 0
    endloop
  endfacet
  facet normal -0.935846 -0.35241 0
    outer loop
      vertex 10.4482 -2.3877 2.5
      vertex 10.4851 -2.48569 0
      vertex 10.4851 -2.48569 2.5
    endloop
  endfacet
  facet normal -0.95692 -0.290352 0
    outer loop
      vertex 10.5155 -2.58588 0
      vertex 10.4851 -2.48569 2.5
      vertex 10.4851 -2.48569 0
    endloop
  endfacet
  facet normal -0.95692 -0.290352 0
    outer loop
      vertex 10.4851 -2.48569 2.5
      vertex 10.5155 -2.58588 0
      vertex 10.5155 -2.58588 2.5
    endloop
  endfacet
  facet normal -0.974037 -0.226387 0
    outer loop
      vertex 10.5392 -2.68785 0
      vertex 10.5155 -2.58588 2.5
      vertex 10.5155 -2.58588 0
    endloop
  endfacet
  facet normal -0.974037 -0.226387 0
    outer loop
      vertex 10.5155 -2.58588 2.5
      vertex 10.5392 -2.68785 0
      vertex 10.5392 -2.68785 2.5
    endloop
  endfacet
  facet normal -0.986574 -0.163315 0
    outer loop
      vertex 10.5563 -2.79115 0
      vertex 10.5392 -2.68785 2.5
      vertex 10.5392 -2.68785 0
    endloop
  endfacet
  facet normal -0.986574 -0.163315 0
    outer loop
      vertex 10.5392 -2.68785 2.5
      vertex 10.5563 -2.79115 0
      vertex 10.5563 -2.79115 2.5
    endloop
  endfacet
  facet normal -0.995149 -0.0983783 0
    outer loop
      vertex 10.5666 -2.89534 0
      vertex 10.5563 -2.79115 2.5
      vertex 10.5563 -2.79115 0
    endloop
  endfacet
  facet normal -0.995149 -0.0983783 0
    outer loop
      vertex 10.5563 -2.79115 2.5
      vertex 10.5666 -2.89534 0
      vertex 10.5666 -2.89534 2.5
    endloop
  endfacet
  facet normal -0.999473 -0.032469 0
    outer loop
      vertex 10.57 -3 0
      vertex 10.5666 -2.89534 2.5
      vertex 10.5666 -2.89534 0
    endloop
  endfacet
  facet normal -0.999473 -0.032469 0
    outer loop
      vertex 10.5666 -2.89534 2.5
      vertex 10.57 -3 0
      vertex 10.57 -3 2.5
    endloop
  endfacet
  facet normal -0.999473 0.0324752 0
    outer loop
      vertex 10.5666 -3.10464 0
      vertex 10.57 -3 2.5
      vertex 10.57 -3 0
    endloop
  endfacet
  facet normal -0.999473 0.0324752 0
    outer loop
      vertex 10.57 -3 2.5
      vertex 10.5666 -3.10464 0
      vertex 10.5666 -3.10464 2.5
    endloop
  endfacet
  facet normal -0.995149 0.0983783 0
    outer loop
      vertex 10.5563 -3.20883 0
      vertex 10.5666 -3.10464 2.5
      vertex 10.5666 -3.10464 0
    endloop
  endfacet
  facet normal -0.995149 0.0983783 0
    outer loop
      vertex 10.5666 -3.10464 2.5
      vertex 10.5563 -3.20883 0
      vertex 10.5563 -3.20883 2.5
    endloop
  endfacet
  facet normal -0.986574 0.163315 0
    outer loop
      vertex 10.5392 -3.31213 0
      vertex 10.5563 -3.20883 2.5
      vertex 10.5563 -3.20883 0
    endloop
  endfacet
  facet normal -0.986574 0.163315 0
    outer loop
      vertex 10.5563 -3.20883 2.5
      vertex 10.5392 -3.31213 0
      vertex 10.5392 -3.31213 2.5
    endloop
  endfacet
  facet normal -0.974042 0.226366 0
    outer loop
      vertex 10.5155 -3.41411 0
      vertex 10.5392 -3.31213 2.5
      vertex 10.5392 -3.31213 0
    endloop
  endfacet
  facet normal -0.974042 0.226366 0
    outer loop
      vertex 10.5392 -3.31213 2.5
      vertex 10.5155 -3.41411 0
      vertex 10.5155 -3.41411 2.5
    endloop
  endfacet
  facet normal -0.95692 0.290352 0
    outer loop
      vertex 10.4851 -3.5143 0
      vertex 10.5155 -3.41411 2.5
      vertex 10.5155 -3.41411 0
    endloop
  endfacet
  facet normal -0.95692 0.290352 0
    outer loop
      vertex 10.5155 -3.41411 2.5
      vertex 10.4851 -3.5143 0
      vertex 10.4851 -3.5143 2.5
    endloop
  endfacet
  facet normal -0.935846 0.35241 0
    outer loop
      vertex 10.4482 -3.61229 0
      vertex 10.4851 -3.5143 2.5
      vertex 10.4851 -3.5143 0
    endloop
  endfacet
  facet normal -0.935846 0.35241 0
    outer loop
      vertex 10.4851 -3.5143 2.5
      vertex 10.4482 -3.61229 0
      vertex 10.4482 -3.61229 2.5
    endloop
  endfacet
  facet normal -0.910905 0.412615 0
    outer loop
      vertex 10.405 -3.70766 0
      vertex 10.4482 -3.61229 2.5
      vertex 10.4482 -3.61229 0
    endloop
  endfacet
  facet normal -0.910905 0.412615 0
    outer loop
      vertex 10.4482 -3.61229 2.5
      vertex 10.405 -3.70766 0
      vertex 10.405 -3.70766 2.5
    endloop
  endfacet
  facet normal -0.881728 0.471758 0
    outer loop
      vertex 10.3556 -3.79999 0
      vertex 10.405 -3.70766 2.5
      vertex 10.405 -3.70766 0
    endloop
  endfacet
  facet normal -0.881728 0.471758 0
    outer loop
      vertex 10.405 -3.70766 2.5
      vertex 10.3556 -3.79999 0
      vertex 10.3556 -3.79999 2.5
    endloop
  endfacet
  facet normal -0.84915 0.528152 0
    outer loop
      vertex 10.3003 -3.8889 0
      vertex 10.3556 -3.79999 2.5
      vertex 10.3556 -3.79999 0
    endloop
  endfacet
  facet normal -0.84915 0.528152 0
    outer loop
      vertex 10.3556 -3.79999 2.5
      vertex 10.3003 -3.8889 0
      vertex 10.3003 -3.8889 2.5
    endloop
  endfacet
  facet normal -0.813249 0.581916 0
    outer loop
      vertex 10.2394 -3.97401 0
      vertex 10.3003 -3.8889 2.5
      vertex 10.3003 -3.8889 0
    endloop
  endfacet
  facet normal -0.813249 0.581916 0
    outer loop
      vertex 10.3003 -3.8889 2.5
      vertex 10.2394 -3.97401 0
      vertex 10.2394 -3.97401 2.5
    endloop
  endfacet
  facet normal -0.772663 0.634817 0
    outer loop
      vertex 10.1729 -4.05495 0
      vertex 10.2394 -3.97401 2.5
      vertex 10.2394 -3.97401 0
    endloop
  endfacet
  facet normal -0.772663 0.634817 0
    outer loop
      vertex 10.2394 -3.97401 2.5
      vertex 10.1729 -4.05495 0
      vertex 10.1729 -4.05495 2.5
    endloop
  endfacet
  facet normal -0.730178 0.683257 0
    outer loop
      vertex 10.1014 -4.13136 0
      vertex 10.1729 -4.05495 2.5
      vertex 10.1729 -4.05495 0
    endloop
  endfacet
  facet normal -0.730178 0.683257 0
    outer loop
      vertex 10.1729 -4.05495 2.5
      vertex 10.1014 -4.13136 0
      vertex 10.1014 -4.13136 2.5
    endloop
  endfacet
  facet normal -0.683236 0.730198 0
    outer loop
      vertex 10.1014 -4.13136 0
      vertex 10.0249 -4.20294 2.5
      vertex 10.1014 -4.13136 2.5
    endloop
  endfacet
  facet normal -0.683236 0.730198 0
    outer loop
      vertex 10.0249 -4.20294 2.5
      vertex 10.1014 -4.13136 0
      vertex 10.0249 -4.20294 0
    endloop
  endfacet
  facet normal -0.634642 0.772807 0
    outer loop
      vertex 10.0249 -4.20294 0
      vertex 9.94402 -4.26936 2.5
      vertex 10.0249 -4.20294 2.5
    endloop
  endfacet
  facet normal -0.634642 0.772807 0
    outer loop
      vertex 9.94402 -4.26936 2.5
      vertex 10.0249 -4.20294 0
      vertex 9.94402 -4.26936 0
    endloop
  endfacet
  facet normal -0.582376 0.81292 0
    outer loop
      vertex 9.94402 -4.26936 0
      vertex 9.8589 -4.33034 2.5
      vertex 9.94402 -4.26936 2.5
    endloop
  endfacet
  facet normal -0.582376 0.81292 0
    outer loop
      vertex 9.8589 -4.33034 2.5
      vertex 9.94402 -4.26936 0
      vertex 9.8589 -4.33034 0
    endloop
  endfacet
  facet normal -0.528152 0.84915 0
    outer loop
      vertex 9.8589 -4.33034 0
      vertex 9.76999 -4.38564 2.5
      vertex 9.8589 -4.33034 2.5
    endloop
  endfacet
  facet normal -0.528152 0.84915 0
    outer loop
      vertex 9.76999 -4.38564 2.5
      vertex 9.8589 -4.33034 0
      vertex 9.76999 -4.38564 0
    endloop
  endfacet
  facet normal -0.471312 0.881967 0
    outer loop
      vertex 9.76999 -4.38564 0
      vertex 9.67766 -4.43498 2.5
      vertex 9.76999 -4.38564 2.5
    endloop
  endfacet
  facet normal -0.471312 0.881967 0
    outer loop
      vertex 9.67766 -4.43498 2.5
      vertex 9.76999 -4.38564 0
      vertex 9.67766 -4.43498 0
    endloop
  endfacet
  facet normal -0.412774 0.910834 0
    outer loop
      vertex 9.67766 -4.43498 0
      vertex 9.58229 -4.4782 2.5
      vertex 9.67766 -4.43498 2.5
    endloop
  endfacet
  facet normal -0.412774 0.910834 0
    outer loop
      vertex 9.58229 -4.4782 2.5
      vertex 9.67766 -4.43498 0
      vertex 9.58229 -4.4782 0
    endloop
  endfacet
  facet normal -0.352243 0.935909 0
    outer loop
      vertex 9.58229 -4.4782 0
      vertex 9.4843 -4.51508 2.5
      vertex 9.58229 -4.4782 2.5
    endloop
  endfacet
  facet normal -0.352243 0.935909 0
    outer loop
      vertex 9.4843 -4.51508 2.5
      vertex 9.58229 -4.4782 0
      vertex 9.4843 -4.51508 0
    endloop
  endfacet
  facet normal -0.290265 0.956946 0
    outer loop
      vertex 9.4843 -4.51508 0
      vertex 9.38411 -4.54547 2.5
      vertex 9.4843 -4.51508 2.5
    endloop
  endfacet
  facet normal -0.290265 0.956946 0
    outer loop
      vertex 9.38411 -4.54547 2.5
      vertex 9.4843 -4.51508 0
      vertex 9.38411 -4.54547 0
    endloop
  endfacet
  facet normal -0.227021 0.97389 0
    outer loop
      vertex 9.38411 -4.54547 0
      vertex 9.28214 -4.56924 2.5
      vertex 9.38411 -4.54547 2.5
    endloop
  endfacet
  facet normal -0.227021 0.97389 0
    outer loop
      vertex 9.28214 -4.56924 2.5
      vertex 9.38411 -4.54547 0
      vertex 9.28214 -4.56924 0
    endloop
  endfacet
  facet normal -0.162928 0.986638 0
    outer loop
      vertex 9.28214 -4.56924 0
      vertex 9.17883 -4.5863 2.5
      vertex 9.28214 -4.56924 2.5
    endloop
  endfacet
  facet normal -0.162928 0.986638 0
    outer loop
      vertex 9.17883 -4.5863 2.5
      vertex 9.28214 -4.56924 0
      vertex 9.17883 -4.5863 0
    endloop
  endfacet
  facet normal -0.0980852 0.995178 0
    outer loop
      vertex 9.17883 -4.5863 0
      vertex 9.07463 -4.59657 2.5
      vertex 9.17883 -4.5863 2.5
    endloop
  endfacet
  facet normal -0.0980852 0.995178 0
    outer loop
      vertex 9.07463 -4.59657 2.5
      vertex 9.17883 -4.5863 0
      vertex 9.07463 -4.59657 0
    endloop
  endfacet
  facet normal -0.032666 0.999466 0
    outer loop
      vertex 9.07463 -4.59657 0
      vertex 8.96999 -4.59999 2.5
      vertex 9.07463 -4.59657 2.5
    endloop
  endfacet
  facet normal -0.032666 0.999466 0
    outer loop
      vertex 8.96999 -4.59999 2.5
      vertex 9.07463 -4.59657 0
      vertex 8.96999 -4.59999 0
    endloop
  endfacet
  facet normal 0 1 -0
    outer loop
      vertex 8.96999 -4.59999 0
      vertex 6.26999 -4.59999 2.5
      vertex 8.96999 -4.59999 2.5
    endloop
  endfacet
  facet normal 0 1 0
    outer loop
      vertex 6.26999 -4.59999 2.5
      vertex 8.96999 -4.59999 0
      vertex 6.26999 -4.59999 0
    endloop
  endfacet
  facet normal 0.0326473 0.999467 -0
    outer loop
      vertex 62.15 -4.59999 0
      vertex 62.0453 -4.59657 2.5
      vertex 62.15 -4.59999 2.5
    endloop
  endfacet
  facet normal 0.0326473 0.999467 0
    outer loop
      vertex 62.0453 -4.59657 2.5
      vertex 62.15 -4.59999 0
      vertex 62.0453 -4.59657 0
    endloop
  endfacet
  facet normal 0.0980852 0.995178 -0
    outer loop
      vertex 62.0453 -4.59657 0
      vertex 61.9411 -4.5863 2.5
      vertex 62.0453 -4.59657 2.5
    endloop
  endfacet
  facet normal 0.0980852 0.995178 0
    outer loop
      vertex 61.9411 -4.5863 2.5
      vertex 62.0453 -4.59657 0
      vertex 61.9411 -4.5863 0
    endloop
  endfacet
  facet normal 0.162943 0.986636 -0
    outer loop
      vertex 61.9411 -4.5863 0
      vertex 61.8378 -4.56924 2.5
      vertex 61.9411 -4.5863 2.5
    endloop
  endfacet
  facet normal 0.162943 0.986636 0
    outer loop
      vertex 61.8378 -4.56924 2.5
      vertex 61.9411 -4.5863 0
      vertex 61.8378 -4.56924 0
    endloop
  endfacet
  facet normal 0.227169 0.973855 -0
    outer loop
      vertex 61.8378 -4.56924 0
      vertex 61.7359 -4.54547 2.5
      vertex 61.8378 -4.56924 2.5
    endloop
  endfacet
  facet normal 0.227169 0.973855 0
    outer loop
      vertex 61.7359 -4.54547 2.5
      vertex 61.8378 -4.56924 0
      vertex 61.7359 -4.54547 0
    endloop
  endfacet
  facet normal 0.290238 0.956954 -0
    outer loop
      vertex 61.7359 -4.54547 0
      vertex 61.6357 -4.51508 2.5
      vertex 61.7359 -4.54547 2.5
    endloop
  endfacet
  facet normal 0.290238 0.956954 0
    outer loop
      vertex 61.6357 -4.51508 2.5
      vertex 61.7359 -4.54547 0
      vertex 61.6357 -4.51508 0
    endloop
  endfacet
  facet normal 0.352212 0.93592 -0
    outer loop
      vertex 61.6357 -4.51508 0
      vertex 61.5377 -4.4782 2.5
      vertex 61.6357 -4.51508 2.5
    endloop
  endfacet
  facet normal 0.352212 0.93592 0
    outer loop
      vertex 61.5377 -4.4782 2.5
      vertex 61.6357 -4.51508 0
      vertex 61.5377 -4.4782 0
    endloop
  endfacet
  facet normal 0.412666 0.910882 -0
    outer loop
      vertex 61.5377 -4.4782 0
      vertex 61.4423 -4.43498 2.5
      vertex 61.5377 -4.4782 2.5
    endloop
  endfacet
  facet normal 0.412666 0.910882 0
    outer loop
      vertex 61.4423 -4.43498 2.5
      vertex 61.5377 -4.4782 0
      vertex 61.4423 -4.43498 0
    endloop
  endfacet
  facet normal 0.471431 0.881903 -0
    outer loop
      vertex 61.4423 -4.43498 0
      vertex 61.35 -4.38564 2.5
      vertex 61.4423 -4.43498 2.5
    endloop
  endfacet
  facet normal 0.471431 0.881903 0
    outer loop
      vertex 61.35 -4.38564 2.5
      vertex 61.4423 -4.43498 0
      vertex 61.35 -4.38564 0
    endloop
  endfacet
  facet normal 0.528195 0.849123 -0
    outer loop
      vertex 61.35 -4.38564 0
      vertex 61.2611 -4.33034 2.5
      vertex 61.35 -4.38564 2.5
    endloop
  endfacet
  facet normal 0.528195 0.849123 0
    outer loop
      vertex 61.2611 -4.33034 2.5
      vertex 61.35 -4.38564 0
      vertex 61.2611 -4.33034 0
    endloop
  endfacet
  facet normal 0.582466 0.812855 -0
    outer loop
      vertex 61.2611 -4.33034 0
      vertex 61.176 -4.26936 2.5
      vertex 61.2611 -4.33034 2.5
    endloop
  endfacet
  facet normal 0.582466 0.812855 0
    outer loop
      vertex 61.176 -4.26936 2.5
      vertex 61.2611 -4.33034 0
      vertex 61.176 -4.26936 0
    endloop
  endfacet
  facet normal 0.63408 0.773268 -0
    outer loop
      vertex 61.176 -4.26936 0
      vertex 61.095 -4.20294 2.5
      vertex 61.176 -4.26936 2.5
    endloop
  endfacet
  facet normal 0.63408 0.773268 0
    outer loop
      vertex 61.095 -4.20294 2.5
      vertex 61.176 -4.26936 0
      vertex 61.095 -4.20294 0
    endloop
  endfacet
  facet normal 0.683712 0.729752 -0
    outer loop
      vertex 61.095 -4.20294 0
      vertex 61.0186 -4.13136 2.5
      vertex 61.095 -4.20294 2.5
    endloop
  endfacet
  facet normal 0.683712 0.729752 0
    outer loop
      vertex 61.0186 -4.13136 2.5
      vertex 61.095 -4.20294 0
      vertex 61.0186 -4.13136 0
    endloop
  endfacet
  facet normal 0.730178 0.683257 0
    outer loop
      vertex 61.0186 -4.13136 2.5
      vertex 60.9471 -4.05495 0
      vertex 60.9471 -4.05495 2.5
    endloop
  endfacet
  facet normal 0.730178 0.683257 0
    outer loop
      vertex 60.9471 -4.05495 0
      vertex 61.0186 -4.13136 2.5
      vertex 61.0186 -4.13136 0
    endloop
  endfacet
  facet normal 0.772663 0.634817 0
    outer loop
      vertex 60.9471 -4.05495 2.5
      vertex 60.8806 -3.97401 0
      vertex 60.8806 -3.97401 2.5
    endloop
  endfacet
  facet normal 0.772663 0.634817 0
    outer loop
      vertex 60.8806 -3.97401 0
      vertex 60.9471 -4.05495 2.5
      vertex 60.9471 -4.05495 0
    endloop
  endfacet
  facet normal 0.812797 0.582547 0
    outer loop
      vertex 60.8806 -3.97401 2.5
      vertex 60.8196 -3.8889 0
      vertex 60.8196 -3.8889 2.5
    endloop
  endfacet
  facet normal 0.812797 0.582547 0
    outer loop
      vertex 60.8196 -3.8889 0
      vertex 60.8806 -3.97401 2.5
      vertex 60.8806 -3.97401 0
    endloop
  endfacet
  facet normal 0.849578 0.527463 0
    outer loop
      vertex 60.8196 -3.8889 2.5
      vertex 60.7644 -3.79999 0
      vertex 60.7644 -3.79999 2.5
    endloop
  endfacet
  facet normal 0.849578 0.527463 0
    outer loop
      vertex 60.7644 -3.79999 0
      vertex 60.8196 -3.8889 2.5
      vertex 60.8196 -3.8889 0
    endloop
  endfacet
  facet normal 0.881728 0.471758 0
    outer loop
      vertex 60.7644 -3.79999 2.5
      vertex 60.715 -3.70766 0
      vertex 60.715 -3.70766 2.5
    endloop
  endfacet
  facet normal 0.881728 0.471758 0
    outer loop
      vertex 60.715 -3.70766 0
      vertex 60.7644 -3.79999 2.5
      vertex 60.7644 -3.79999 0
    endloop
  endfacet
  facet normal 0.910905 0.412615 0
    outer loop
      vertex 60.715 -3.70766 2.5
      vertex 60.6718 -3.61229 0
      vertex 60.6718 -3.61229 2.5
    endloop
  endfacet
  facet normal 0.910905 0.412615 0
    outer loop
      vertex 60.6718 -3.61229 0
      vertex 60.715 -3.70766 2.5
      vertex 60.715 -3.70766 0
    endloop
  endfacet
  facet normal 0.935846 0.35241 0
    outer loop
      vertex 60.6718 -3.61229 2.5
      vertex 60.6349 -3.5143 0
      vertex 60.6349 -3.5143 2.5
    endloop
  endfacet
  facet normal 0.935846 0.35241 0
    outer loop
      vertex 60.6349 -3.5143 0
      vertex 60.6718 -3.61229 2.5
      vertex 60.6718 -3.61229 0
    endloop
  endfacet
  facet normal 0.95692 0.290352 0
    outer loop
      vertex 60.6349 -3.5143 2.5
      vertex 60.6045 -3.41411 0
      vertex 60.6045 -3.41411 2.5
    endloop
  endfacet
  facet normal 0.95692 0.290352 0
    outer loop
      vertex 60.6045 -3.41411 0
      vertex 60.6349 -3.5143 2.5
      vertex 60.6349 -3.5143 0
    endloop
  endfacet
  facet normal 0.973831 0.227272 0
    outer loop
      vertex 60.6045 -3.41411 2.5
      vertex 60.5807 -3.31213 0
      vertex 60.5807 -3.31213 2.5
    endloop
  endfacet
  facet normal 0.973831 0.227272 0
    outer loop
      vertex 60.5807 -3.31213 0
      vertex 60.6045 -3.41411 2.5
      vertex 60.6045 -3.41411 0
    endloop
  endfacet
  facet normal 0.986727 0.162385 0
    outer loop
      vertex 60.5807 -3.31213 2.5
      vertex 60.5637 -3.20883 0
      vertex 60.5637 -3.20883 2.5
    endloop
  endfacet
  facet normal 0.986727 0.162385 0
    outer loop
      vertex 60.5637 -3.20883 0
      vertex 60.5807 -3.31213 2.5
      vertex 60.5807 -3.31213 0
    endloop
  endfacet
  facet normal 0.995149 0.0983783 0
    outer loop
      vertex 60.5637 -3.20883 2.5
      vertex 60.5534 -3.10464 0
      vertex 60.5534 -3.10464 2.5
    endloop
  endfacet
  facet normal 0.995149 0.0983783 0
    outer loop
      vertex 60.5534 -3.10464 0
      vertex 60.5637 -3.20883 2.5
      vertex 60.5637 -3.20883 0
    endloop
  endfacet
  facet normal 0.999473 0.0324752 0
    outer loop
      vertex 60.5534 -3.10464 2.5
      vertex 60.55 -3 0
      vertex 60.55 -3 2.5
    endloop
  endfacet
  facet normal 0.999473 0.0324752 0
    outer loop
      vertex 60.55 -3 0
      vertex 60.5534 -3.10464 2.5
      vertex 60.5534 -3.10464 0
    endloop
  endfacet
  facet normal 0.999473 -0.032469 0
    outer loop
      vertex 60.55 -3 2.5
      vertex 60.5534 -2.89534 0
      vertex 60.5534 -2.89534 2.5
    endloop
  endfacet
  facet normal 0.999473 -0.032469 0
    outer loop
      vertex 60.5534 -2.89534 0
      vertex 60.55 -3 2.5
      vertex 60.55 -3 0
    endloop
  endfacet
  facet normal 0.995149 -0.0983783 0
    outer loop
      vertex 60.5534 -2.89534 2.5
      vertex 60.5637 -2.79115 0
      vertex 60.5637 -2.79115 2.5
    endloop
  endfacet
  facet normal 0.995149 -0.0983783 0
    outer loop
      vertex 60.5637 -2.79115 0
      vertex 60.5534 -2.89534 2.5
      vertex 60.5534 -2.89534 0
    endloop
  endfacet
  facet normal 0.986727 -0.162385 0
    outer loop
      vertex 60.5637 -2.79115 2.5
      vertex 60.5807 -2.68785 0
      vertex 60.5807 -2.68785 2.5
    endloop
  endfacet
  facet normal 0.986727 -0.162385 0
    outer loop
      vertex 60.5807 -2.68785 0
      vertex 60.5637 -2.79115 2.5
      vertex 60.5637 -2.79115 0
    endloop
  endfacet
  facet normal 0.973826 -0.227293 0
    outer loop
      vertex 60.5807 -2.68785 2.5
      vertex 60.6045 -2.58588 0
      vertex 60.6045 -2.58588 2.5
    endloop
  endfacet
  facet normal 0.973826 -0.227293 0
    outer loop
      vertex 60.6045 -2.58588 0
      vertex 60.5807 -2.68785 2.5
      vertex 60.5807 -2.68785 0
    endloop
  endfacet
  facet normal 0.95692 -0.290352 0
    outer loop
      vertex 60.6045 -2.58588 2.5
      vertex 60.6349 -2.48569 0
      vertex 60.6349 -2.48569 2.5
    endloop
  endfacet
  facet normal 0.95692 -0.290352 0
    outer loop
      vertex 60.6349 -2.48569 0
      vertex 60.6045 -2.58588 2.5
      vertex 60.6045 -2.58588 0
    endloop
  endfacet
  facet normal 0.935846 -0.35241 0
    outer loop
      vertex 60.6349 -2.48569 2.5
      vertex 60.6718 -2.3877 0
      vertex 60.6718 -2.3877 2.5
    endloop
  endfacet
  facet normal 0.935846 -0.35241 0
    outer loop
      vertex 60.6718 -2.3877 0
      vertex 60.6349 -2.48569 2.5
      vertex 60.6349 -2.48569 0
    endloop
  endfacet
  facet normal 0.910905 -0.412615 0
    outer loop
      vertex 60.6718 -2.3877 2.5
      vertex 60.715 -2.29233 0
      vertex 60.715 -2.29233 2.5
    endloop
  endfacet
  facet normal 0.910905 -0.412615 0
    outer loop
      vertex 60.715 -2.29233 0
      vertex 60.6718 -2.3877 2.5
      vertex 60.6718 -2.3877 0
    endloop
  endfacet
  facet normal 0.881728 -0.471758 0
    outer loop
      vertex 60.715 -2.29233 2.5
      vertex 60.7644 -2.2 0
      vertex 60.7644 -2.2 2.5
    endloop
  endfacet
  facet normal 0.881728 -0.471758 0
    outer loop
      vertex 60.7644 -2.2 0
      vertex 60.715 -2.29233 2.5
      vertex 60.715 -2.29233 0
    endloop
  endfacet
  facet normal 0.849605 -0.52742 0
    outer loop
      vertex 60.7644 -2.2 2.5
      vertex 60.8196 -2.11108 0
      vertex 60.8196 -2.11108 2.5
    endloop
  endfacet
  facet normal 0.849605 -0.52742 0
    outer loop
      vertex 60.8196 -2.11108 0
      vertex 60.7644 -2.2 2.5
      vertex 60.7644 -2.2 0
    endloop
  endfacet
  facet normal 0.812797 -0.582547 0
    outer loop
      vertex 60.8196 -2.11108 2.5
      vertex 60.8806 -2.02597 0
      vertex 60.8806 -2.02597 2.5
    endloop
  endfacet
  facet normal 0.812797 -0.582547 0
    outer loop
      vertex 60.8806 -2.02597 0
      vertex 60.8196 -2.11108 2.5
      vertex 60.8196 -2.11108 0
    endloop
  endfacet
  facet normal 0.772624 -0.634864 0
    outer loop
      vertex 60.8806 -2.02597 2.5
      vertex 60.9471 -1.94504 0
      vertex 60.9471 -1.94504 2.5
    endloop
  endfacet
  facet normal 0.772624 -0.634864 0
    outer loop
      vertex 60.9471 -1.94504 0
      vertex 60.8806 -2.02597 2.5
      vertex 60.8806 -2.02597 0
    endloop
  endfacet
  facet normal 0.730222 -0.68321 0
    outer loop
      vertex 60.9471 -1.94504 2.5
      vertex 61.0186 -1.86862 0
      vertex 61.0186 -1.86862 2.5
    endloop
  endfacet
  facet normal 0.730222 -0.68321 0
    outer loop
      vertex 61.0186 -1.86862 0
      vertex 60.9471 -1.94504 2.5
      vertex 60.9471 -1.94504 0
    endloop
  endfacet
  facet normal 0.683712 -0.729752 0
    outer loop
      vertex 61.0186 -1.86862 0
      vertex 61.095 -1.79704 2.5
      vertex 61.0186 -1.86862 2.5
    endloop
  endfacet
  facet normal 0.683712 -0.729752 0
    outer loop
      vertex 61.095 -1.79704 2.5
      vertex 61.0186 -1.86862 0
      vertex 61.095 -1.79704 0
    endloop
  endfacet
  facet normal 0.63408 -0.773268 0
    outer loop
      vertex 61.095 -1.79704 0
      vertex 61.176 -1.73062 2.5
      vertex 61.095 -1.79704 2.5
    endloop
  endfacet
  facet normal 0.63408 -0.773268 0
    outer loop
      vertex 61.176 -1.73062 2.5
      vertex 61.095 -1.79704 0
      vertex 61.176 -1.73062 0
    endloop
  endfacet
  facet normal 0.582403 -0.8129 0
    outer loop
      vertex 61.176 -1.73062 0
      vertex 61.2611 -1.66965 2.5
      vertex 61.176 -1.73062 2.5
    endloop
  endfacet
  facet normal 0.582403 -0.8129 0
    outer loop
      vertex 61.2611 -1.66965 2.5
      vertex 61.176 -1.73062 0
      vertex 61.2611 -1.66965 0
    endloop
  endfacet
  facet normal 0.528195 -0.849123 0
    outer loop
      vertex 61.2611 -1.66965 0
      vertex 61.35 -1.61435 2.5
      vertex 61.2611 -1.66965 2.5
    endloop
  endfacet
  facet normal 0.528195 -0.849123 0
    outer loop
      vertex 61.35 -1.61435 2.5
      vertex 61.2611 -1.66965 0
      vertex 61.35 -1.61435 0
    endloop
  endfacet
  facet normal 0.471505 -0.881863 0
    outer loop
      vertex 61.35 -1.61435 0
      vertex 61.4423 -1.565 2.5
      vertex 61.35 -1.61435 2.5
    endloop
  endfacet
  facet normal 0.471505 -0.881863 0
    outer loop
      vertex 61.4423 -1.565 2.5
      vertex 61.35 -1.61435 0
      vertex 61.4423 -1.565 0
    endloop
  endfacet
  facet normal 0.412587 -0.910918 0
    outer loop
      vertex 61.4423 -1.565 0
      vertex 61.5377 -1.52179 2.5
      vertex 61.4423 -1.565 2.5
    endloop
  endfacet
  facet normal 0.412587 -0.910918 0
    outer loop
      vertex 61.5377 -1.52179 2.5
      vertex 61.4423 -1.565 0
      vertex 61.5377 -1.52179 0
    endloop
  endfacet
  facet normal 0.352212 -0.93592 0
    outer loop
      vertex 61.5377 -1.52179 0
      vertex 61.6357 -1.48491 2.5
      vertex 61.5377 -1.52179 2.5
    endloop
  endfacet
  facet normal 0.352212 -0.93592 0
    outer loop
      vertex 61.6357 -1.48491 2.5
      vertex 61.5377 -1.52179 0
      vertex 61.6357 -1.48491 0
    endloop
  endfacet
  facet normal 0.290325 -0.956928 0
    outer loop
      vertex 61.6357 -1.48491 0
      vertex 61.7359 -1.45451 2.5
      vertex 61.6357 -1.48491 2.5
    endloop
  endfacet
  facet normal 0.290325 -0.956928 0
    outer loop
      vertex 61.7359 -1.45451 2.5
      vertex 61.6357 -1.48491 0
      vertex 61.7359 -1.45451 0
    endloop
  endfacet
  facet normal 0.227169 -0.973855 0
    outer loop
      vertex 61.7359 -1.45451 0
      vertex 61.8378 -1.43074 2.5
      vertex 61.7359 -1.45451 2.5
    endloop
  endfacet
  facet normal 0.227169 -0.973855 0
    outer loop
      vertex 61.8378 -1.43074 2.5
      vertex 61.7359 -1.45451 0
      vertex 61.8378 -1.43074 0
    endloop
  endfacet
  facet normal 0.162943 -0.986636 0
    outer loop
      vertex 61.8378 -1.43074 0
      vertex 61.9411 -1.41368 2.5
      vertex 61.8378 -1.43074 2.5
    endloop
  endfacet
  facet normal 0.162943 -0.986636 0
    outer loop
      vertex 61.9411 -1.41368 2.5
      vertex 61.8378 -1.43074 0
      vertex 61.9411 -1.41368 0
    endloop
  endfacet
  facet normal 0.0980852 -0.995178 0
    outer loop
      vertex 61.9411 -1.41368 0
      vertex 62.0453 -1.40341 2.5
      vertex 61.9411 -1.41368 2.5
    endloop
  endfacet
  facet normal 0.0980852 -0.995178 0
    outer loop
      vertex 62.0453 -1.40341 2.5
      vertex 61.9411 -1.41368 0
      vertex 62.0453 -1.40341 0
    endloop
  endfacet
  facet normal 0.0326473 -0.999467 0
    outer loop
      vertex 62.0453 -1.40341 0
      vertex 62.15 -1.39999 2.5
      vertex 62.0453 -1.40341 2.5
    endloop
  endfacet
  facet normal 0.0326473 -0.999467 0
    outer loop
      vertex 62.15 -1.39999 2.5
      vertex 62.0453 -1.40341 0
      vertex 62.15 -1.39999 0
    endloop
  endfacet
  facet normal 0 -1 0
    outer loop
      vertex 62.15 -1.39999 0
      vertex 64.85 -1.39999 2.5
      vertex 62.15 -1.39999 2.5
    endloop
  endfacet
  facet normal 0 -1 -0
    outer loop
      vertex 64.85 -1.39999 2.5
      vertex 62.15 -1.39999 0
      vertex 64.85 -1.39999 0
    endloop
  endfacet
  facet normal -0.0326785 -0.999466 0
    outer loop
      vertex 64.85 -1.39999 0
      vertex 64.9546 -1.40341 2.5
      vertex 64.85 -1.39999 2.5
    endloop
  endfacet
  facet normal -0.0326785 -0.999466 -0
    outer loop
      vertex 64.9546 -1.40341 2.5
      vertex 64.85 -1.39999 0
      vertex 64.9546 -1.40341 0
    endloop
  endfacet
  facet normal -0.0980852 -0.995178 0
    outer loop
      vertex 64.9546 -1.40341 0
      vertex 65.0588 -1.41368 2.5
      vertex 64.9546 -1.40341 2.5
    endloop
  endfacet
  facet normal -0.0980852 -0.995178 -0
    outer loop
      vertex 65.0588 -1.41368 2.5
      vertex 64.9546 -1.40341 0
      vertex 65.0588 -1.41368 0
    endloop
  endfacet
  facet normal -0.162943 -0.986636 0
    outer loop
      vertex 65.0588 -1.41368 0
      vertex 65.1621 -1.43074 2.5
      vertex 65.0588 -1.41368 2.5
    endloop
  endfacet
  facet normal -0.162943 -0.986636 -0
    outer loop
      vertex 65.1621 -1.43074 2.5
      vertex 65.0588 -1.41368 0
      vertex 65.1621 -1.43074 0
    endloop
  endfacet
  facet normal -0.226958 -0.973905 0
    outer loop
      vertex 65.1621 -1.43074 0
      vertex 65.2641 -1.45451 2.5
      vertex 65.1621 -1.43074 2.5
    endloop
  endfacet
  facet normal -0.226958 -0.973905 -0
    outer loop
      vertex 65.2641 -1.45451 2.5
      vertex 65.1621 -1.43074 0
      vertex 65.2641 -1.45451 0
    endloop
  endfacet
  facet normal -0.290325 -0.956928 0
    outer loop
      vertex 65.2641 -1.45451 0
      vertex 65.3643 -1.48491 2.5
      vertex 65.2641 -1.45451 2.5
    endloop
  endfacet
  facet normal -0.290325 -0.956928 -0
    outer loop
      vertex 65.3643 -1.48491 2.5
      vertex 65.2641 -1.45451 0
      vertex 65.3643 -1.48491 0
    endloop
  endfacet
  facet normal -0.352212 -0.93592 0
    outer loop
      vertex 65.3643 -1.48491 0
      vertex 65.4623 -1.52179 2.5
      vertex 65.3643 -1.48491 2.5
    endloop
  endfacet
  facet normal -0.352212 -0.93592 -0
    outer loop
      vertex 65.4623 -1.52179 2.5
      vertex 65.3643 -1.48491 0
      vertex 65.4623 -1.52179 0
    endloop
  endfacet
  facet normal -0.412946 -0.910756 0
    outer loop
      vertex 65.4623 -1.52179 0
      vertex 65.5576 -1.565 2.5
      vertex 65.4623 -1.52179 2.5
    endloop
  endfacet
  facet normal -0.412946 -0.910756 -0
    outer loop
      vertex 65.5576 -1.565 2.5
      vertex 65.4623 -1.52179 0
      vertex 65.5576 -1.565 0
    endloop
  endfacet
  facet normal -0.471108 -0.882075 0
    outer loop
      vertex 65.5576 -1.565 0
      vertex 65.65 -1.61435 2.5
      vertex 65.5576 -1.565 2.5
    endloop
  endfacet
  facet normal -0.471108 -0.882075 -0
    outer loop
      vertex 65.65 -1.61435 2.5
      vertex 65.5576 -1.565 0
      vertex 65.65 -1.61435 0
    endloop
  endfacet
  facet normal -0.528195 -0.849123 0
    outer loop
      vertex 65.65 -1.61435 0
      vertex 65.7389 -1.66965 2.5
      vertex 65.65 -1.61435 2.5
    endloop
  endfacet
  facet normal -0.528195 -0.849123 -0
    outer loop
      vertex 65.7389 -1.66965 2.5
      vertex 65.65 -1.61435 0
      vertex 65.7389 -1.66965 0
    endloop
  endfacet
  facet normal -0.582403 -0.8129 0
    outer loop
      vertex 65.7389 -1.66965 0
      vertex 65.824 -1.73062 2.5
      vertex 65.7389 -1.66965 2.5
    endloop
  endfacet
  facet normal -0.582403 -0.8129 -0
    outer loop
      vertex 65.824 -1.73062 2.5
      vertex 65.7389 -1.66965 0
      vertex 65.824 -1.73062 0
    endloop
  endfacet
  facet normal -0.63408 -0.773268 0
    outer loop
      vertex 65.824 -1.73062 0
      vertex 65.905 -1.79704 2.5
      vertex 65.824 -1.73062 2.5
    endloop
  endfacet
  facet normal -0.63408 -0.773268 -0
    outer loop
      vertex 65.905 -1.79704 2.5
      vertex 65.824 -1.73062 0
      vertex 65.905 -1.79704 0
    endloop
  endfacet
  facet normal -0.683712 -0.729752 0
    outer loop
      vertex 65.905 -1.79704 0
      vertex 65.9814 -1.86862 2.5
      vertex 65.905 -1.79704 2.5
    endloop
  endfacet
  facet normal -0.683712 -0.729752 -0
    outer loop
      vertex 65.9814 -1.86862 2.5
      vertex 65.905 -1.79704 0
      vertex 65.9814 -1.86862 0
    endloop
  endfacet
  facet normal -0.730222 -0.68321 0
    outer loop
      vertex 66.0529 -1.94504 0
      vertex 65.9814 -1.86862 2.5
      vertex 65.9814 -1.86862 0
    endloop
  endfacet
  facet normal -0.730222 -0.68321 0
    outer loop
      vertex 65.9814 -1.86862 2.5
      vertex 66.0529 -1.94504 0
      vertex 66.0529 -1.94504 2.5
    endloop
  endfacet
  facet normal -0.772624 -0.634864 0
    outer loop
      vertex 66.1194 -2.02597 0
      vertex 66.0529 -1.94504 2.5
      vertex 66.0529 -1.94504 0
    endloop
  endfacet
  facet normal -0.772624 -0.634864 0
    outer loop
      vertex 66.0529 -1.94504 2.5
      vertex 66.1194 -2.02597 0
      vertex 66.1194 -2.02597 2.5
    endloop
  endfacet
  facet normal -0.813249 -0.581916 0
    outer loop
      vertex 66.1803 -2.11108 0
      vertex 66.1194 -2.02597 2.5
      vertex 66.1194 -2.02597 0
    endloop
  endfacet
  facet normal -0.813249 -0.581916 0
    outer loop
      vertex 66.1194 -2.02597 2.5
      vertex 66.1803 -2.11108 0
      vertex 66.1803 -2.11108 2.5
    endloop
  endfacet
  facet normal -0.849177 -0.528109 0
    outer loop
      vertex 66.2356 -2.2 0
      vertex 66.1803 -2.11108 2.5
      vertex 66.1803 -2.11108 0
    endloop
  endfacet
  facet normal -0.849177 -0.528109 0
    outer loop
      vertex 66.1803 -2.11108 2.5
      vertex 66.2356 -2.2 0
      vertex 66.2356 -2.2 2.5
    endloop
  endfacet
  facet normal -0.881728 -0.471758 0
    outer loop
      vertex 66.285 -2.29233 0
      vertex 66.2356 -2.2 2.5
      vertex 66.2356 -2.2 0
    endloop
  endfacet
  facet normal -0.881728 -0.471758 0
    outer loop
      vertex 66.2356 -2.2 2.5
      vertex 66.285 -2.29233 0
      vertex 66.285 -2.29233 2.5
    endloop
  endfacet
  facet normal -0.910905 -0.412615 0
    outer loop
      vertex 66.3282 -2.3877 0
      vertex 66.285 -2.29233 2.5
      vertex 66.285 -2.29233 0
    endloop
  endfacet
  facet normal -0.910905 -0.412615 0
    outer loop
      vertex 66.285 -2.29233 2.5
      vertex 66.3282 -2.3877 0
      vertex 66.3282 -2.3877 2.5
    endloop
  endfacet
  facet normal -0.935846 -0.35241 0
    outer loop
      vertex 66.3651 -2.48569 0
      vertex 66.3282 -2.3877 2.5
      vertex 66.3282 -2.3877 0
    endloop
  endfacet
  facet normal -0.935846 -0.35241 0
    outer loop
      vertex 66.3282 -2.3877 2.5
      vertex 66.3651 -2.48569 0
      vertex 66.3651 -2.48569 2.5
    endloop
  endfacet
  facet normal -0.95692 -0.290352 0
    outer loop
      vertex 66.3955 -2.58588 0
      vertex 66.3651 -2.48569 2.5
      vertex 66.3651 -2.48569 0
    endloop
  endfacet
  facet normal -0.95692 -0.290352 0
    outer loop
      vertex 66.3651 -2.48569 2.5
      vertex 66.3955 -2.58588 0
      vertex 66.3955 -2.58588 2.5
    endloop
  endfacet
  facet normal -0.973826 -0.227293 0
    outer loop
      vertex 66.4193 -2.68785 0
      vertex 66.3955 -2.58588 2.5
      vertex 66.3955 -2.58588 0
    endloop
  endfacet
  facet normal -0.973826 -0.227293 0
    outer loop
      vertex 66.3955 -2.58588 2.5
      vertex 66.4193 -2.68785 0
      vertex 66.4193 -2.68785 2.5
    endloop
  endfacet
  facet normal -0.986727 -0.162385 0
    outer loop
      vertex 66.4363 -2.79115 0
      vertex 66.4193 -2.68785 2.5
      vertex 66.4193 -2.68785 0
    endloop
  endfacet
  facet normal -0.986727 -0.162385 0
    outer loop
      vertex 66.4193 -2.68785 2.5
      vertex 66.4363 -2.79115 0
      vertex 66.4363 -2.79115 2.5
    endloop
  endfacet
  facet normal -0.995149 -0.0983783 0
    outer loop
      vertex 66.4466 -2.89534 0
      vertex 66.4363 -2.79115 2.5
      vertex 66.4363 -2.79115 0
    endloop
  endfacet
  facet normal -0.995149 -0.0983783 0
    outer loop
      vertex 66.4363 -2.79115 2.5
      vertex 66.4466 -2.89534 0
      vertex 66.4466 -2.89534 2.5
    endloop
  endfacet
  facet normal -0.999473 -0.032469 0
    outer loop
      vertex 66.45 -3 0
      vertex 66.4466 -2.89534 2.5
      vertex 66.4466 -2.89534 0
    endloop
  endfacet
  facet normal -0.999473 -0.032469 0
    outer loop
      vertex 66.4466 -2.89534 2.5
      vertex 66.45 -3 0
      vertex 66.45 -3 2.5
    endloop
  endfacet
  facet normal -0.999473 0.0324752 0
    outer loop
      vertex 66.4466 -3.10464 0
      vertex 66.45 -3 2.5
      vertex 66.45 -3 0
    endloop
  endfacet
  facet normal -0.999473 0.0324752 0
    outer loop
      vertex 66.45 -3 2.5
      vertex 66.4466 -3.10464 0
      vertex 66.4466 -3.10464 2.5
    endloop
  endfacet
  facet normal -0.995149 0.0983783 0
    outer loop
      vertex 66.4363 -3.20883 0
      vertex 66.4466 -3.10464 2.5
      vertex 66.4466 -3.10464 0
    endloop
  endfacet
  facet normal -0.995149 0.0983783 0
    outer loop
      vertex 66.4466 -3.10464 2.5
      vertex 66.4363 -3.20883 0
      vertex 66.4363 -3.20883 2.5
    endloop
  endfacet
  facet normal -0.986727 0.162385 0
    outer loop
      vertex 66.4193 -3.31213 0
      vertex 66.4363 -3.20883 2.5
      vertex 66.4363 -3.20883 0
    endloop
  endfacet
  facet normal -0.986727 0.162385 0
    outer loop
      vertex 66.4363 -3.20883 2.5
      vertex 66.4193 -3.31213 0
      vertex 66.4193 -3.31213 2.5
    endloop
  endfacet
  facet normal -0.973831 0.227272 0
    outer loop
      vertex 66.3955 -3.41411 0
      vertex 66.4193 -3.31213 2.5
      vertex 66.4193 -3.31213 0
    endloop
  endfacet
  facet normal -0.973831 0.227272 0
    outer loop
      vertex 66.4193 -3.31213 2.5
      vertex 66.3955 -3.41411 0
      vertex 66.3955 -3.41411 2.5
    endloop
  endfacet
  facet normal -0.95692 0.290352 0
    outer loop
      vertex 66.3651 -3.5143 0
      vertex 66.3955 -3.41411 2.5
      vertex 66.3955 -3.41411 0
    endloop
  endfacet
  facet normal -0.95692 0.290352 0
    outer loop
      vertex 66.3955 -3.41411 2.5
      vertex 66.3651 -3.5143 0
      vertex 66.3651 -3.5143 2.5
    endloop
  endfacet
  facet normal -0.935846 0.35241 0
    outer loop
      vertex 66.3282 -3.61229 0
      vertex 66.3651 -3.5143 2.5
      vertex 66.3651 -3.5143 0
    endloop
  endfacet
  facet normal -0.935846 0.35241 0
    outer loop
      vertex 66.3651 -3.5143 2.5
      vertex 66.3282 -3.61229 0
      vertex 66.3282 -3.61229 2.5
    endloop
  endfacet
  facet normal -0.910905 0.412615 0
    outer loop
      vertex 66.285 -3.70766 0
      vertex 66.3282 -3.61229 2.5
      vertex 66.3282 -3.61229 0
    endloop
  endfacet
  facet normal -0.910905 0.412615 0
    outer loop
      vertex 66.3282 -3.61229 2.5
      vertex 66.285 -3.70766 0
      vertex 66.285 -3.70766 2.5
    endloop
  endfacet
  facet normal -0.881728 0.471758 0
    outer loop
      vertex 66.2356 -3.79999 0
      vertex 66.285 -3.70766 2.5
      vertex 66.285 -3.70766 0
    endloop
  endfacet
  facet normal -0.881728 0.471758 0
    outer loop
      vertex 66.285 -3.70766 2.5
      vertex 66.2356 -3.79999 0
      vertex 66.2356 -3.79999 2.5
    endloop
  endfacet
  facet normal -0.84915 0.528152 0
    outer loop
      vertex 66.1803 -3.8889 0
      vertex 66.2356 -3.79999 2.5
      vertex 66.2356 -3.79999 0
    endloop
  endfacet
  facet normal -0.84915 0.528152 0
    outer loop
      vertex 66.2356 -3.79999 2.5
      vertex 66.1803 -3.8889 0
      vertex 66.1803 -3.8889 2.5
    endloop
  endfacet
  facet normal -0.813249 0.581916 0
    outer loop
      vertex 66.1194 -3.97401 0
      vertex 66.1803 -3.8889 2.5
      vertex 66.1803 -3.8889 0
    endloop
  endfacet
  facet normal -0.813249 0.581916 0
    outer loop
      vertex 66.1803 -3.8889 2.5
      vertex 66.1194 -3.97401 0
      vertex 66.1194 -3.97401 2.5
    endloop
  endfacet
  facet normal -0.772663 0.634817 0
    outer loop
      vertex 66.0529 -4.05495 0
      vertex 66.1194 -3.97401 2.5
      vertex 66.1194 -3.97401 0
    endloop
  endfacet
  facet normal -0.772663 0.634817 0
    outer loop
      vertex 66.1194 -3.97401 2.5
      vertex 66.0529 -4.05495 0
      vertex 66.0529 -4.05495 2.5
    endloop
  endfacet
  facet normal -0.730178 0.683257 0
    outer loop
      vertex 65.9814 -4.13136 0
      vertex 66.0529 -4.05495 2.5
      vertex 66.0529 -4.05495 0
    endloop
  endfacet
  facet normal -0.730178 0.683257 0
    outer loop
      vertex 66.0529 -4.05495 2.5
      vertex 65.9814 -4.13136 0
      vertex 65.9814 -4.13136 2.5
    endloop
  endfacet
  facet normal -0.683712 0.729752 0
    outer loop
      vertex 65.9814 -4.13136 0
      vertex 65.905 -4.20294 2.5
      vertex 65.9814 -4.13136 2.5
    endloop
  endfacet
  facet normal -0.683712 0.729752 0
    outer loop
      vertex 65.905 -4.20294 2.5
      vertex 65.9814 -4.13136 0
      vertex 65.905 -4.20294 0
    endloop
  endfacet
  facet normal -0.63408 0.773268 0
    outer loop
      vertex 65.905 -4.20294 0
      vertex 65.824 -4.26936 2.5
      vertex 65.905 -4.20294 2.5
    endloop
  endfacet
  facet normal -0.63408 0.773268 0
    outer loop
      vertex 65.824 -4.26936 2.5
      vertex 65.905 -4.20294 0
      vertex 65.824 -4.26936 0
    endloop
  endfacet
  facet normal -0.582466 0.812855 0
    outer loop
      vertex 65.824 -4.26936 0
      vertex 65.7389 -4.33034 2.5
      vertex 65.824 -4.26936 2.5
    endloop
  endfacet
  facet normal -0.582466 0.812855 0
    outer loop
      vertex 65.7389 -4.33034 2.5
      vertex 65.824 -4.26936 0
      vertex 65.7389 -4.33034 0
    endloop
  endfacet
  facet normal -0.528195 0.849123 0
    outer loop
      vertex 65.7389 -4.33034 0
      vertex 65.65 -4.38564 2.5
      vertex 65.7389 -4.33034 2.5
    endloop
  endfacet
  facet normal -0.528195 0.849123 0
    outer loop
      vertex 65.65 -4.38564 2.5
      vertex 65.7389 -4.33034 0
      vertex 65.65 -4.38564 0
    endloop
  endfacet
  facet normal -0.471034 0.882115 0
    outer loop
      vertex 65.65 -4.38564 0
      vertex 65.5576 -4.43498 2.5
      vertex 65.65 -4.38564 2.5
    endloop
  endfacet
  facet normal -0.471034 0.882115 0
    outer loop
      vertex 65.5576 -4.43498 2.5
      vertex 65.65 -4.38564 0
      vertex 65.5576 -4.43498 0
    endloop
  endfacet
  facet normal -0.413025 0.91072 0
    outer loop
      vertex 65.5576 -4.43498 0
      vertex 65.4623 -4.4782 2.5
      vertex 65.5576 -4.43498 2.5
    endloop
  endfacet
  facet normal -0.413025 0.91072 0
    outer loop
      vertex 65.4623 -4.4782 2.5
      vertex 65.5576 -4.43498 0
      vertex 65.4623 -4.4782 0
    endloop
  endfacet
  facet normal -0.352212 0.93592 0
    outer loop
      vertex 65.4623 -4.4782 0
      vertex 65.3643 -4.51508 2.5
      vertex 65.4623 -4.4782 2.5
    endloop
  endfacet
  facet normal -0.352212 0.93592 0
    outer loop
      vertex 65.3643 -4.51508 2.5
      vertex 65.4623 -4.4782 0
      vertex 65.3643 -4.51508 0
    endloop
  endfacet
  facet normal -0.290238 0.956954 0
    outer loop
      vertex 65.3643 -4.51508 0
      vertex 65.2641 -4.54547 2.5
      vertex 65.3643 -4.51508 2.5
    endloop
  endfacet
  facet normal -0.290238 0.956954 0
    outer loop
      vertex 65.2641 -4.54547 2.5
      vertex 65.3643 -4.51508 0
      vertex 65.2641 -4.54547 0
    endloop
  endfacet
  facet normal -0.226958 0.973905 0
    outer loop
      vertex 65.2641 -4.54547 0
      vertex 65.1621 -4.56924 2.5
      vertex 65.2641 -4.54547 2.5
    endloop
  endfacet
  facet normal -0.226958 0.973905 0
    outer loop
      vertex 65.1621 -4.56924 2.5
      vertex 65.2641 -4.54547 0
      vertex 65.1621 -4.56924 0
    endloop
  endfacet
  facet normal -0.162943 0.986636 0
    outer loop
      vertex 65.1621 -4.56924 0
      vertex 65.0588 -4.5863 2.5
      vertex 65.1621 -4.56924 2.5
    endloop
  endfacet
  facet normal -0.162943 0.986636 0
    outer loop
      vertex 65.0588 -4.5863 2.5
      vertex 65.1621 -4.56924 0
      vertex 65.0588 -4.5863 0
    endloop
  endfacet
  facet normal -0.0980852 0.995178 0
    outer loop
      vertex 65.0588 -4.5863 0
      vertex 64.9546 -4.59657 2.5
      vertex 65.0588 -4.5863 2.5
    endloop
  endfacet
  facet normal -0.0980852 0.995178 0
    outer loop
      vertex 64.9546 -4.59657 2.5
      vertex 65.0588 -4.5863 0
      vertex 64.9546 -4.59657 0
    endloop
  endfacet
  facet normal -0.0326785 0.999466 0
    outer loop
      vertex 64.9546 -4.59657 0
      vertex 64.85 -4.59999 2.5
      vertex 64.9546 -4.59657 2.5
    endloop
  endfacet
  facet normal -0.0326785 0.999466 0
    outer loop
      vertex 64.85 -4.59999 2.5
      vertex 64.9546 -4.59657 0
      vertex 64.85 -4.59999 0
    endloop
  endfacet
  facet normal 0 1 -0
    outer loop
      vertex 64.85 -4.59999 0
      vertex 62.15 -4.59999 2.5
      vertex 64.85 -4.59999 2.5
    endloop
  endfacet
  facet normal 0 1 0
    outer loop
      vertex 62.15 -4.59999 2.5
      vertex 64.85 -4.59999 0
      vertex 62.15 -4.59999 0
    endloop
  endfacet
  facet normal 1 -0 0
    outer loop
      vertex 47.6025 -23.3075 1.5
      vertex 47.6025 -16.1475 0
      vertex 47.6025 -16.1475 1.5
    endloop
  endfacet
  facet normal 1 0 0
    outer loop
      vertex 47.6025 -16.1475 0
      vertex 47.6025 -23.3075 1.5
      vertex 47.6025 -23.3075 0
    endloop
  endfacet
  facet normal 0 -1 0
    outer loop
      vertex 47.6025 -16.1475 0
      vertex 54.2775 -16.1475 1.5
      vertex 47.6025 -16.1475 1.5
    endloop
  endfacet
  facet normal 0 -1 -0
    outer loop
      vertex 54.2775 -16.1475 1.5
      vertex 47.6025 -16.1475 0
      vertex 54.2775 -16.1475 0
    endloop
  endfacet
  facet normal -1 0 0
    outer loop
      vertex 54.2775 -23.3075 0
      vertex 54.2775 -16.1475 1.5
      vertex 54.2775 -16.1475 0
    endloop
  endfacet
  facet normal -1 -0 0
    outer loop
      vertex 54.2775 -16.1475 1.5
      vertex 54.2775 -23.3075 0
      vertex 54.2775 -23.3075 1.5
    endloop
  endfacet
  facet normal 0 1 -0
    outer loop
      vertex 54.2775 -23.3075 0
      vertex 47.6025 -23.3075 1.5
      vertex 54.2775 -23.3075 1.5
    endloop
  endfacet
  facet normal 0 1 0
    outer loop
      vertex 47.6025 -23.3075 1.5
      vertex 54.2775 -23.3075 0
      vertex 47.6025 -23.3075 0
    endloop
  endfacet
  facet normal 1 -0 0
    outer loop
      vertex 1.26999 -23.745 1.5
      vertex 1.26999 -16.32 0
      vertex 1.26999 -16.32 1.5
    endloop
  endfacet
  facet normal 1 0 0
    outer loop
      vertex 1.26999 -16.32 0
      vertex 1.26999 -23.745 1.5
      vertex 1.26999 -23.745 0
    endloop
  endfacet
  facet normal 0 -1 0
    outer loop
      vertex 1.26999 -16.32 0
      vertex 7.67999 -16.32 1.5
      vertex 1.26999 -16.32 1.5
    endloop
  endfacet
  facet normal 0 -1 -0
    outer loop
      vertex 7.67999 -16.32 1.5
      vertex 1.26999 -16.32 0
      vertex 7.67999 -16.32 0
    endloop
  endfacet
  facet normal -1 0 0
    outer loop
      vertex 7.67999 -23.745 0
      vertex 7.67999 -16.32 1.5
      vertex 7.67999 -16.32 0
    endloop
  endfacet
  facet normal -1 -0 0
    outer loop
      vertex 7.67999 -16.32 1.5
      vertex 7.67999 -23.745 0
      vertex 7.67999 -23.745 1.5
    endloop
  endfacet
  facet normal 0 1 -0
    outer loop
      vertex 7.67999 -23.745 0
      vertex 1.26999 -23.745 1.5
      vertex 7.67999 -23.745 1.5
    endloop
  endfacet
  facet normal 0 1 0
    outer loop
      vertex 1.26999 -23.745 1.5
      vertex 7.67999 -23.745 0
      vertex 1.26999 -23.745 0
    endloop
  endfacet
  facet normal 0.0982072 0.995166 -0
    outer loop
      vertex 62.4525 -23.0865 0
      vertex 62.2397 -23.0655 2.5
      vertex 62.4525 -23.0865 2.5
    endloop
  endfacet
  facet normal 0.0982072 0.995166 0
    outer loop
      vertex 62.2397 -23.0655 2.5
      vertex 62.4525 -23.0865 0
      vertex 62.2397 -23.0655 0
    endloop
  endfacet
  facet normal 0.162655 0.986683 -0
    outer loop
      vertex 62.2397 -23.0655 0
      vertex 62.0286 -23.0307 2.5
      vertex 62.2397 -23.0655 2.5
    endloop
  endfacet
  facet normal 0.162655 0.986683 0
    outer loop
      vertex 62.0286 -23.0307 2.5
      vertex 62.2397 -23.0655 0
      vertex 62.0286 -23.0307 0
    endloop
  endfacet
  facet normal 0.227215 0.973845 -0
    outer loop
      vertex 62.0286 -23.0307 0
      vertex 61.8203 -22.9821 2.5
      vertex 62.0286 -23.0307 2.5
    endloop
  endfacet
  facet normal 0.227215 0.973845 0
    outer loop
      vertex 61.8203 -22.9821 2.5
      vertex 62.0286 -23.0307 0
      vertex 61.8203 -22.9821 0
    endloop
  endfacet
  facet normal 0.290436 0.956895 -0
    outer loop
      vertex 61.8203 -22.9821 0
      vertex 61.6157 -22.92 2.5
      vertex 61.8203 -22.9821 2.5
    endloop
  endfacet
  facet normal 0.290436 0.956895 0
    outer loop
      vertex 61.6157 -22.92 2.5
      vertex 61.8203 -22.9821 0
      vertex 61.6157 -22.92 0
    endloop
  endfacet
  facet normal 0.352046 0.935983 -0
    outer loop
      vertex 61.6157 -22.92 0
      vertex 61.4155 -22.8447 2.5
      vertex 61.6157 -22.92 2.5
    endloop
  endfacet
  facet normal 0.352046 0.935983 0
    outer loop
      vertex 61.4155 -22.8447 2.5
      vertex 61.6157 -22.92 0
      vertex 61.4155 -22.8447 0
    endloop
  endfacet
  facet normal 0.412852 0.910798 -0
    outer loop
      vertex 61.4155 -22.8447 0
      vertex 61.2207 -22.7564 2.5
      vertex 61.4155 -22.8447 2.5
    endloop
  endfacet
  facet normal 0.412852 0.910798 0
    outer loop
      vertex 61.2207 -22.7564 2.5
      vertex 61.4155 -22.8447 0
      vertex 61.2207 -22.7564 0
    endloop
  endfacet
  facet normal 0.47117 0.882042 -0
    outer loop
      vertex 61.2207 -22.7564 0
      vertex 61.032 -22.6556 2.5
      vertex 61.2207 -22.7564 2.5
    endloop
  endfacet
  facet normal 0.47117 0.882042 0
    outer loop
      vertex 61.032 -22.6556 2.5
      vertex 61.2207 -22.7564 0
      vertex 61.032 -22.6556 0
    endloop
  endfacet
  facet normal 0.528317 0.849047 -0
    outer loop
      vertex 61.032 -22.6556 0
      vertex 60.8504 -22.5426 2.5
      vertex 61.032 -22.6556 2.5
    endloop
  endfacet
  facet normal 0.528317 0.849047 0
    outer loop
      vertex 60.8504 -22.5426 2.5
      vertex 61.032 -22.6556 0
      vertex 60.8504 -22.5426 0
    endloop
  endfacet
  facet normal 0.582344 0.812943 -0
    outer loop
      vertex 60.8504 -22.5426 0
      vertex 60.6766 -22.4181 2.5
      vertex 60.8504 -22.5426 2.5
    endloop
  endfacet
  facet normal 0.582344 0.812943 0
    outer loop
      vertex 60.6766 -22.4181 2.5
      vertex 60.8504 -22.5426 0
      vertex 60.6766 -22.4181 0
    endloop
  endfacet
  facet normal 0.634281 0.773103 -0
    outer loop
      vertex 60.6766 -22.4181 0
      vertex 60.5112 -22.2824 2.5
      vertex 60.6766 -22.4181 2.5
    endloop
  endfacet
  facet normal 0.634281 0.773103 0
    outer loop
      vertex 60.5112 -22.2824 2.5
      vertex 60.6766 -22.4181 0
      vertex 60.5112 -22.2824 0
    endloop
  endfacet
  facet normal 0.683583 0.729872 -0
    outer loop
      vertex 60.5112 -22.2824 0
      vertex 60.3551 -22.1362 2.5
      vertex 60.5112 -22.2824 2.5
    endloop
  endfacet
  facet normal 0.683583 0.729872 0
    outer loop
      vertex 60.3551 -22.1362 2.5
      vertex 60.5112 -22.2824 0
      vertex 60.3551 -22.1362 0
    endloop
  endfacet
  facet normal 0.729872 0.683583 0
    outer loop
      vertex 60.3551 -22.1362 2.5
      vertex 60.2089 -21.9801 0
      vertex 60.2089 -21.9801 2.5
    endloop
  endfacet
  facet normal 0.729872 0.683583 0
    outer loop
      vertex 60.2089 -21.9801 0
      vertex 60.3551 -22.1362 2.5
      vertex 60.3551 -22.1362 0
    endloop
  endfacet
  facet normal 0.773103 0.634281 0
    outer loop
      vertex 60.2089 -21.9801 2.5
      vertex 60.0732 -21.8147 0
      vertex 60.0732 -21.8147 2.5
    endloop
  endfacet
  facet normal 0.773103 0.634281 0
    outer loop
      vertex 60.0732 -21.8147 0
      vertex 60.2089 -21.9801 2.5
      vertex 60.2089 -21.9801 0
    endloop
  endfacet
  facet normal 0.812721 0.582653 0
    outer loop
      vertex 60.0732 -21.8147 2.5
      vertex 59.9486 -21.6409 0
      vertex 59.9486 -21.6409 2.5
    endloop
  endfacet
  facet normal 0.812721 0.582653 0
    outer loop
      vertex 59.9486 -21.6409 0
      vertex 60.0732 -21.8147 2.5
      vertex 60.0732 -21.8147 0
    endloop
  endfacet
  facet normal 0.849387 0.52777 0
    outer loop
      vertex 59.9486 -21.6409 2.5
      vertex 59.8357 -21.4592 0
      vertex 59.8357 -21.4592 2.5
    endloop
  endfacet
  facet normal 0.849387 0.52777 0
    outer loop
      vertex 59.8357 -21.4592 0
      vertex 59.9486 -21.6409 2.5
      vertex 59.9486 -21.6409 0
    endloop
  endfacet
  facet normal 0.881938 0.471365 0
    outer loop
      vertex 59.8357 -21.4592 2.5
      vertex 59.7349 -21.2706 0
      vertex 59.7349 -21.2706 2.5
    endloop
  endfacet
  facet normal 0.881938 0.471365 0
    outer loop
      vertex 59.7349 -21.2706 0
      vertex 59.8357 -21.4592 2.5
      vertex 59.8357 -21.4592 0
    endloop
  endfacet
  facet normal 0.910798 0.412852 0
    outer loop
      vertex 59.7349 -21.2706 2.5
      vertex 59.6466 -21.0758 0
      vertex 59.6466 -21.0758 2.5
    endloop
  endfacet
  facet normal 0.910798 0.412852 0
    outer loop
      vertex 59.6466 -21.0758 0
      vertex 59.7349 -21.2706 2.5
      vertex 59.7349 -21.2706 0
    endloop
  endfacet
  facet normal 0.935983 0.352046 0
    outer loop
      vertex 59.6466 -21.0758 2.5
      vertex 59.5713 -20.8756 0
      vertex 59.5713 -20.8756 2.5
    endloop
  endfacet
  facet normal 0.935983 0.352046 0
    outer loop
      vertex 59.5713 -20.8756 0
      vertex 59.6466 -21.0758 2.5
      vertex 59.6466 -21.0758 0
    endloop
  endfacet
  facet normal 0.956934 0.290306 0
    outer loop
      vertex 59.5713 -20.8756 2.5
      vertex 59.5092 -20.6709 0
      vertex 59.5092 -20.6709 2.5
    endloop
  endfacet
  facet normal 0.956934 0.290306 0
    outer loop
      vertex 59.5092 -20.6709 0
      vertex 59.5713 -20.8756 2.5
      vertex 59.5713 -20.8756 0
    endloop
  endfacet
  facet normal 0.973845 0.227215 0
    outer loop
      vertex 59.5092 -20.6709 2.5
      vertex 59.4606 -20.4626 0
      vertex 59.4606 -20.4626 2.5
    endloop
  endfacet
  facet normal 0.973845 0.227215 0
    outer loop
      vertex 59.4606 -20.4626 0
      vertex 59.5092 -20.6709 2.5
      vertex 59.5092 -20.6709 0
    endloop
  endfacet
  facet normal 0.986671 0.16273 0
    outer loop
      vertex 59.4606 -20.4626 2.5
      vertex 59.4258 -20.2516 0
      vertex 59.4258 -20.2516 2.5
    endloop
  endfacet
  facet normal 0.986671 0.16273 0
    outer loop
      vertex 59.4258 -20.2516 0
      vertex 59.4606 -20.4626 2.5
      vertex 59.4606 -20.4626 0
    endloop
  endfacet
  facet normal 0.995166 0.0982072 0
    outer loop
      vertex 59.4258 -20.2516 2.5
      vertex 59.4048 -20.0388 0
      vertex 59.4048 -20.0388 2.5
    endloop
  endfacet
  facet normal 0.995166 0.0982072 0
    outer loop
      vertex 59.4048 -20.0388 0
      vertex 59.4258 -20.2516 2.5
      vertex 59.4258 -20.2516 0
    endloop
  endfacet
  facet normal 0.999464 0.0327233 0
    outer loop
      vertex 59.4048 -20.0388 2.5
      vertex 59.3978 -19.825 0
      vertex 59.3978 -19.825 2.5
    endloop
  endfacet
  facet normal 0.999464 0.0327233 0
    outer loop
      vertex 59.3978 -19.825 0
      vertex 59.4048 -20.0388 2.5
      vertex 59.4048 -20.0388 0
    endloop
  endfacet
  facet normal 0.999464 -0.0327233 0
    outer loop
      vertex 59.3978 -19.825 2.5
      vertex 59.4048 -19.6112 0
      vertex 59.4048 -19.6112 2.5
    endloop
  endfacet
  facet normal 0.999464 -0.0327233 0
    outer loop
      vertex 59.4048 -19.6112 0
      vertex 59.3978 -19.825 2.5
      vertex 59.3978 -19.825 0
    endloop
  endfacet
  facet normal 0.995166 -0.0982072 0
    outer loop
      vertex 59.4048 -19.6112 2.5
      vertex 59.4258 -19.3984 0
      vertex 59.4258 -19.3984 2.5
    endloop
  endfacet
  facet normal 0.995166 -0.0982072 0
    outer loop
      vertex 59.4258 -19.3984 0
      vertex 59.4048 -19.6112 2.5
      vertex 59.4048 -19.6112 0
    endloop
  endfacet
  facet normal 0.986683 -0.162655 0
    outer loop
      vertex 59.4258 -19.3984 2.5
      vertex 59.4606 -19.1873 0
      vertex 59.4606 -19.1873 2.5
    endloop
  endfacet
  facet normal 0.986683 -0.162655 0
    outer loop
      vertex 59.4606 -19.1873 0
      vertex 59.4258 -19.3984 2.5
      vertex 59.4258 -19.3984 0
    endloop
  endfacet
  facet normal 0.973845 -0.227215 0
    outer loop
      vertex 59.4606 -19.1873 2.5
      vertex 59.5092 -18.979 0
      vertex 59.5092 -18.979 2.5
    endloop
  endfacet
  facet normal 0.973845 -0.227215 0
    outer loop
      vertex 59.5092 -18.979 0
      vertex 59.4606 -19.1873 2.5
      vertex 59.4606 -19.1873 0
    endloop
  endfacet
  facet normal 0.956895 -0.290436 0
    outer loop
      vertex 59.5092 -18.979 2.5
      vertex 59.5713 -18.7744 0
      vertex 59.5713 -18.7744 2.5
    endloop
  endfacet
  facet normal 0.956895 -0.290436 0
    outer loop
      vertex 59.5713 -18.7744 0
      vertex 59.5092 -18.979 2.5
      vertex 59.5092 -18.979 0
    endloop
  endfacet
  facet normal 0.935983 -0.352046 0
    outer loop
      vertex 59.5713 -18.7744 2.5
      vertex 59.6466 -18.5742 0
      vertex 59.6466 -18.5742 2.5
    endloop
  endfacet
  facet normal 0.935983 -0.352046 0
    outer loop
      vertex 59.6466 -18.5742 0
      vertex 59.5713 -18.7744 2.5
      vertex 59.5713 -18.7744 0
    endloop
  endfacet
  facet normal 0.910798 -0.412852 0
    outer loop
      vertex 59.6466 -18.5742 2.5
      vertex 59.7349 -18.3794 0
      vertex 59.7349 -18.3794 2.5
    endloop
  endfacet
  facet normal 0.910798 -0.412852 0
    outer loop
      vertex 59.7349 -18.3794 0
      vertex 59.6466 -18.5742 2.5
      vertex 59.6466 -18.5742 0
    endloop
  endfacet
  facet normal 0.882042 -0.47117 0
    outer loop
      vertex 59.7349 -18.3794 2.5
      vertex 59.8357 -18.1907 0
      vertex 59.8357 -18.1907 2.5
    endloop
  endfacet
  facet normal 0.882042 -0.47117 0
    outer loop
      vertex 59.8357 -18.1907 0
      vertex 59.7349 -18.3794 2.5
      vertex 59.7349 -18.3794 0
    endloop
  endfacet
  facet normal 0.849257 -0.52798 0
    outer loop
      vertex 59.8357 -18.1907 2.5
      vertex 59.9486 -18.0091 0
      vertex 59.9486 -18.0091 2.5
    endloop
  endfacet
  facet normal 0.849257 -0.52798 0
    outer loop
      vertex 59.9486 -18.0091 0
      vertex 59.8357 -18.1907 2.5
      vertex 59.8357 -18.1907 0
    endloop
  endfacet
  facet normal 0.812721 -0.582653 0
    outer loop
      vertex 59.9486 -18.0091 2.5
      vertex 60.0732 -17.8353 0
      vertex 60.0732 -17.8353 2.5
    endloop
  endfacet
  facet normal 0.812721 -0.582653 0
    outer loop
      vertex 60.0732 -17.8353 0
      vertex 59.9486 -18.0091 2.5
      vertex 59.9486 -18.0091 0
    endloop
  endfacet
  facet normal 0.773103 -0.634281 0
    outer loop
      vertex 60.0732 -17.8353 2.5
      vertex 60.2089 -17.6699 0
      vertex 60.2089 -17.6699 2.5
    endloop
  endfacet
  facet normal 0.773103 -0.634281 0
    outer loop
      vertex 60.2089 -17.6699 0
      vertex 60.0732 -17.8353 2.5
      vertex 60.0732 -17.8353 0
    endloop
  endfacet
  facet normal 0.729872 -0.683583 0
    outer loop
      vertex 60.2089 -17.6699 2.5
      vertex 60.3551 -17.5138 0
      vertex 60.3551 -17.5138 2.5
    endloop
  endfacet
  facet normal 0.729872 -0.683583 0
    outer loop
      vertex 60.3551 -17.5138 0
      vertex 60.2089 -17.6699 2.5
      vertex 60.2089 -17.6699 0
    endloop
  endfacet
  facet normal 0.683583 -0.729872 0
    outer loop
      vertex 60.3551 -17.5138 0
      vertex 60.5112 -17.3676 2.5
      vertex 60.3551 -17.5138 2.5
    endloop
  endfacet
  facet normal 0.683583 -0.729872 0
    outer loop
      vertex 60.5112 -17.3676 2.5
      vertex 60.3551 -17.5138 0
      vertex 60.5112 -17.3676 0
    endloop
  endfacet
  facet normal 0.634281 -0.773103 0
    outer loop
      vertex 60.5112 -17.3676 0
      vertex 60.6766 -17.2319 2.5
      vertex 60.5112 -17.3676 2.5
    endloop
  endfacet
  facet normal 0.634281 -0.773103 0
    outer loop
      vertex 60.6766 -17.2319 2.5
      vertex 60.5112 -17.3676 0
      vertex 60.6766 -17.2319 0
    endloop
  endfacet
  facet normal 0.582653 -0.812721 0
    outer loop
      vertex 60.6766 -17.2319 0
      vertex 60.8504 -17.1073 2.5
      vertex 60.6766 -17.2319 2.5
    endloop
  endfacet
  facet normal 0.582653 -0.812721 0
    outer loop
      vertex 60.8504 -17.1073 2.5
      vertex 60.6766 -17.2319 0
      vertex 60.8504 -17.1073 0
    endloop
  endfacet
  facet normal 0.52798 -0.849257 0
    outer loop
      vertex 60.8504 -17.1073 0
      vertex 61.032 -16.9944 2.5
      vertex 60.8504 -17.1073 2.5
    endloop
  endfacet
  facet normal 0.52798 -0.849257 0
    outer loop
      vertex 61.032 -16.9944 2.5
      vertex 60.8504 -17.1073 0
      vertex 61.032 -16.9944 0
    endloop
  endfacet
  facet normal 0.47117 -0.882042 0
    outer loop
      vertex 61.032 -16.9944 0
      vertex 61.2207 -16.8936 2.5
      vertex 61.032 -16.9944 2.5
    endloop
  endfacet
  facet normal 0.47117 -0.882042 0
    outer loop
      vertex 61.2207 -16.8936 2.5
      vertex 61.032 -16.9944 0
      vertex 61.2207 -16.8936 0
    endloop
  endfacet
  facet normal 0.412852 -0.910798 0
    outer loop
      vertex 61.2207 -16.8936 0
      vertex 61.4155 -16.8053 2.5
      vertex 61.2207 -16.8936 2.5
    endloop
  endfacet
  facet normal 0.412852 -0.910798 0
    outer loop
      vertex 61.4155 -16.8053 2.5
      vertex 61.2207 -16.8936 0
      vertex 61.4155 -16.8053 0
    endloop
  endfacet
  facet normal 0.352455 -0.935829 0
    outer loop
      vertex 61.4155 -16.8053 0
      vertex 61.6157 -16.7299 2.5
      vertex 61.4155 -16.8053 2.5
    endloop
  endfacet
  facet normal 0.352455 -0.935829 0
    outer loop
      vertex 61.6157 -16.7299 2.5
      vertex 61.4155 -16.8053 0
      vertex 61.6157 -16.7299 0
    endloop
  endfacet
  facet normal 0.290007 -0.957024 0
    outer loop
      vertex 61.6157 -16.7299 0
      vertex 61.8203 -16.6679 2.5
      vertex 61.6157 -16.7299 2.5
    endloop
  endfacet
  facet normal 0.290007 -0.957024 0
    outer loop
      vertex 61.8203 -16.6679 2.5
      vertex 61.6157 -16.7299 0
      vertex 61.8203 -16.6679 0
    endloop
  endfacet
  facet normal 0.227215 -0.973845 0
    outer loop
      vertex 61.8203 -16.6679 0
      vertex 62.0286 -16.6193 2.5
      vertex 61.8203 -16.6679 2.5
    endloop
  endfacet
  facet normal 0.227215 -0.973845 0
    outer loop
      vertex 62.0286 -16.6193 2.5
      vertex 61.8203 -16.6679 0
      vertex 62.0286 -16.6193 0
    endloop
  endfacet
  facet normal 0.162655 -0.986683 0
    outer loop
      vertex 62.0286 -16.6193 0
      vertex 62.2397 -16.5845 2.5
      vertex 62.0286 -16.6193 2.5
    endloop
  endfacet
  facet normal 0.162655 -0.986683 0
    outer loop
      vertex 62.2397 -16.5845 2.5
      vertex 62.0286 -16.6193 0
      vertex 62.2397 -16.5845 0
    endloop
  endfacet
  facet normal 0.0982072 -0.995166 0
    outer loop
      vertex 62.2397 -16.5845 0
      vertex 62.4525 -16.5635 2.5
      vertex 62.2397 -16.5845 2.5
    endloop
  endfacet
  facet normal 0.0982072 -0.995166 0
    outer loop
      vertex 62.4525 -16.5635 2.5
      vertex 62.2397 -16.5845 0
      vertex 62.4525 -16.5635 0
    endloop
  endfacet
  facet normal 0.0327233 -0.999464 0
    outer loop
      vertex 62.4525 -16.5635 0
      vertex 62.6663 -16.5565 2.5
      vertex 62.4525 -16.5635 2.5
    endloop
  endfacet
  facet normal 0.0327233 -0.999464 0
    outer loop
      vertex 62.6663 -16.5565 2.5
      vertex 62.4525 -16.5635 0
      vertex 62.6663 -16.5565 0
    endloop
  endfacet
  facet normal -0.0327233 -0.999464 0
    outer loop
      vertex 62.6663 -16.5565 0
      vertex 62.8801 -16.5635 2.5
      vertex 62.6663 -16.5565 2.5
    endloop
  endfacet
  facet normal -0.0327233 -0.999464 -0
    outer loop
      vertex 62.8801 -16.5635 2.5
      vertex 62.6663 -16.5565 0
      vertex 62.8801 -16.5635 0
    endloop
  endfacet
  facet normal -0.0982072 -0.995166 0
    outer loop
      vertex 62.8801 -16.5635 0
      vertex 63.0929 -16.5845 2.5
      vertex 62.8801 -16.5635 2.5
    endloop
  endfacet
  facet normal -0.0982072 -0.995166 -0
    outer loop
      vertex 63.0929 -16.5845 2.5
      vertex 62.8801 -16.5635 0
      vertex 63.0929 -16.5845 0
    endloop
  endfacet
  facet normal -0.16273 -0.986671 0
    outer loop
      vertex 63.0929 -16.5845 0
      vertex 63.3039 -16.6193 2.5
      vertex 63.0929 -16.5845 2.5
    endloop
  endfacet
  facet normal -0.16273 -0.986671 -0
    outer loop
      vertex 63.3039 -16.6193 2.5
      vertex 63.0929 -16.5845 0
      vertex 63.3039 -16.6193 0
    endloop
  endfacet
  facet normal -0.227215 -0.973845 0
    outer loop
      vertex 63.3039 -16.6193 0
      vertex 63.5122 -16.6679 2.5
      vertex 63.3039 -16.6193 2.5
    endloop
  endfacet
  facet normal -0.227215 -0.973845 -0
    outer loop
      vertex 63.5122 -16.6679 2.5
      vertex 63.3039 -16.6193 0
      vertex 63.5122 -16.6679 0
    endloop
  endfacet
  facet normal -0.289878 -0.957064 0
    outer loop
      vertex 63.5122 -16.6679 0
      vertex 63.7169 -16.7299 2.5
      vertex 63.5122 -16.6679 2.5
    endloop
  endfacet
  facet normal -0.289878 -0.957064 -0
    outer loop
      vertex 63.7169 -16.7299 2.5
      vertex 63.5122 -16.6679 0
      vertex 63.7169 -16.7299 0
    endloop
  endfacet
  facet normal -0.352455 -0.935829 0
    outer loop
      vertex 63.7169 -16.7299 0
      vertex 63.9171 -16.8053 2.5
      vertex 63.7169 -16.7299 2.5
    endloop
  endfacet
  facet normal -0.352455 -0.935829 -0
    outer loop
      vertex 63.9171 -16.8053 2.5
      vertex 63.7169 -16.7299 0
      vertex 63.9171 -16.8053 0
    endloop
  endfacet
  facet normal -0.412852 -0.910798 0
    outer loop
      vertex 63.9171 -16.8053 0
      vertex 64.1119 -16.8936 2.5
      vertex 63.9171 -16.8053 2.5
    endloop
  endfacet
  facet normal -0.412852 -0.910798 -0
    outer loop
      vertex 64.1119 -16.8936 2.5
      vertex 63.9171 -16.8053 0
      vertex 64.1119 -16.8936 0
    endloop
  endfacet
  facet normal -0.471365 -0.881938 0
    outer loop
      vertex 64.1119 -16.8936 0
      vertex 64.3005 -16.9944 2.5
      vertex 64.1119 -16.8936 2.5
    endloop
  endfacet
  facet normal -0.471365 -0.881938 -0
    outer loop
      vertex 64.3005 -16.9944 2.5
      vertex 64.1119 -16.8936 0
      vertex 64.3005 -16.9944 0
    endloop
  endfacet
  facet normal -0.52777 -0.849387 0
    outer loop
      vertex 64.3005 -16.9944 0
      vertex 64.4822 -17.1073 2.5
      vertex 64.3005 -16.9944 2.5
    endloop
  endfacet
  facet normal -0.52777 -0.849387 -0
    outer loop
      vertex 64.4822 -17.1073 2.5
      vertex 64.3005 -16.9944 0
      vertex 64.4822 -17.1073 0
    endloop
  endfacet
  facet normal -0.582653 -0.812721 0
    outer loop
      vertex 64.4822 -17.1073 0
      vertex 64.656 -17.2319 2.5
      vertex 64.4822 -17.1073 2.5
    endloop
  endfacet
  facet normal -0.582653 -0.812721 -0
    outer loop
      vertex 64.656 -17.2319 2.5
      vertex 64.4822 -17.1073 0
      vertex 64.656 -17.2319 0
    endloop
  endfacet
  facet normal -0.634281 -0.773103 0
    outer loop
      vertex 64.656 -17.2319 0
      vertex 64.8214 -17.3676 2.5
      vertex 64.656 -17.2319 2.5
    endloop
  endfacet
  facet normal -0.634281 -0.773103 -0
    outer loop
      vertex 64.8214 -17.3676 2.5
      vertex 64.656 -17.2319 0
      vertex 64.8214 -17.3676 0
    endloop
  endfacet
  facet normal -0.683583 -0.729872 0
    outer loop
      vertex 64.8214 -17.3676 0
      vertex 64.9775 -17.5138 2.5
      vertex 64.8214 -17.3676 2.5
    endloop
  endfacet
  facet normal -0.683583 -0.729872 -0
    outer loop
      vertex 64.9775 -17.5138 2.5
      vertex 64.8214 -17.3676 0
      vertex 64.9775 -17.5138 0
    endloop
  endfacet
  facet normal -0.729872 -0.683583 0
    outer loop
      vertex 65.1237 -17.6699 0
      vertex 64.9775 -17.5138 2.5
      vertex 64.9775 -17.5138 0
    endloop
  endfacet
  facet normal -0.729872 -0.683583 0
    outer loop
      vertex 64.9775 -17.5138 2.5
      vertex 65.1237 -17.6699 0
      vertex 65.1237 -17.6699 2.5
    endloop
  endfacet
  facet normal -0.773103 -0.634281 0
    outer loop
      vertex 65.2594 -17.8353 0
      vertex 65.1237 -17.6699 2.5
      vertex 65.1237 -17.6699 0
    endloop
  endfacet
  facet normal -0.773103 -0.634281 0
    outer loop
      vertex 65.1237 -17.6699 2.5
      vertex 65.2594 -17.8353 0
      vertex 65.2594 -17.8353 2.5
    endloop
  endfacet
  facet normal -0.812721 -0.582653 0
    outer loop
      vertex 65.384 -18.0091 0
      vertex 65.2594 -17.8353 2.5
      vertex 65.2594 -17.8353 0
    endloop
  endfacet
  facet normal -0.812721 -0.582653 0
    outer loop
      vertex 65.2594 -17.8353 2.5
      vertex 65.384 -18.0091 0
      vertex 65.384 -18.0091 2.5
    endloop
  endfacet
  facet normal -0.849257 -0.52798 0
    outer loop
      vertex 65.4969 -18.1907 0
      vertex 65.384 -18.0091 2.5
      vertex 65.384 -18.0091 0
    endloop
  endfacet
  facet normal -0.849257 -0.52798 0
    outer loop
      vertex 65.384 -18.0091 2.5
      vertex 65.4969 -18.1907 0
      vertex 65.4969 -18.1907 2.5
    endloop
  endfacet
  facet normal -0.882042 -0.47117 0
    outer loop
      vertex 65.5977 -18.3794 0
      vertex 65.4969 -18.1907 2.5
      vertex 65.4969 -18.1907 0
    endloop
  endfacet
  facet normal -0.882042 -0.47117 0
    outer loop
      vertex 65.4969 -18.1907 2.5
      vertex 65.5977 -18.3794 0
      vertex 65.5977 -18.3794 2.5
    endloop
  endfacet
  facet normal -0.910798 -0.412852 0
    outer loop
      vertex 65.686 -18.5742 0
      vertex 65.5977 -18.3794 2.5
      vertex 65.5977 -18.3794 0
    endloop
  endfacet
  facet normal -0.910798 -0.412852 0
    outer loop
      vertex 65.5977 -18.3794 2.5
      vertex 65.686 -18.5742 0
      vertex 65.686 -18.5742 2.5
    endloop
  endfacet
  facet normal -0.935983 -0.352046 0
    outer loop
      vertex 65.7613 -18.7744 0
      vertex 65.686 -18.5742 2.5
      vertex 65.686 -18.5742 0
    endloop
  endfacet
  facet normal -0.935983 -0.352046 0
    outer loop
      vertex 65.686 -18.5742 2.5
      vertex 65.7613 -18.7744 0
      vertex 65.7613 -18.7744 2.5
    endloop
  endfacet
  facet normal -0.956895 -0.290436 0
    outer loop
      vertex 65.8234 -18.979 0
      vertex 65.7613 -18.7744 2.5
      vertex 65.7613 -18.7744 0
    endloop
  endfacet
  facet normal -0.956895 -0.290436 0
    outer loop
      vertex 65.7613 -18.7744 2.5
      vertex 65.8234 -18.979 0
      vertex 65.8234 -18.979 2.5
    endloop
  endfacet
  facet normal -0.973845 -0.227215 0
    outer loop
      vertex 65.872 -19.1873 0
      vertex 65.8234 -18.979 2.5
      vertex 65.8234 -18.979 0
    endloop
  endfacet
  facet normal -0.973845 -0.227215 0
    outer loop
      vertex 65.8234 -18.979 2.5
      vertex 65.872 -19.1873 0
      vertex 65.872 -19.1873 2.5
    endloop
  endfacet
  facet normal -0.986683 -0.162655 0
    outer loop
      vertex 65.9068 -19.3984 0
      vertex 65.872 -19.1873 2.5
      vertex 65.872 -19.1873 0
    endloop
  endfacet
  facet normal -0.986683 -0.162655 0
    outer loop
      vertex 65.872 -19.1873 2.5
      vertex 65.9068 -19.3984 0
      vertex 65.9068 -19.3984 2.5
    endloop
  endfacet
  facet normal -0.995166 -0.0982072 0
    outer loop
      vertex 65.9278 -19.6112 0
      vertex 65.9068 -19.3984 2.5
      vertex 65.9068 -19.3984 0
    endloop
  endfacet
  facet normal -0.995166 -0.0982072 0
    outer loop
      vertex 65.9068 -19.3984 2.5
      vertex 65.9278 -19.6112 0
      vertex 65.9278 -19.6112 2.5
    endloop
  endfacet
  facet normal -0.999464 -0.0327233 0
    outer loop
      vertex 65.9348 -19.825 0
      vertex 65.9278 -19.6112 2.5
      vertex 65.9278 -19.6112 0
    endloop
  endfacet
  facet normal -0.999464 -0.0327233 0
    outer loop
      vertex 65.9278 -19.6112 2.5
      vertex 65.9348 -19.825 0
      vertex 65.9348 -19.825 2.5
    endloop
  endfacet
  facet normal -0.999464 0.0327233 0
    outer loop
      vertex 65.9278 -20.0388 0
      vertex 65.9348 -19.825 2.5
      vertex 65.9348 -19.825 0
    endloop
  endfacet
  facet normal -0.999464 0.0327233 0
    outer loop
      vertex 65.9348 -19.825 2.5
      vertex 65.9278 -20.0388 0
      vertex 65.9278 -20.0388 2.5
    endloop
  endfacet
  facet normal -0.995166 0.0982072 0
    outer loop
      vertex 65.9068 -20.2516 0
      vertex 65.9278 -20.0388 2.5
      vertex 65.9278 -20.0388 0
    endloop
  endfacet
  facet normal -0.995166 0.0982072 0
    outer loop
      vertex 65.9278 -20.0388 2.5
      vertex 65.9068 -20.2516 0
      vertex 65.9068 -20.2516 2.5
    endloop
  endfacet
  facet normal -0.986671 0.16273 0
    outer loop
      vertex 65.872 -20.4626 0
      vertex 65.9068 -20.2516 2.5
      vertex 65.9068 -20.2516 0
    endloop
  endfacet
  facet normal -0.986671 0.16273 0
    outer loop
      vertex 65.9068 -20.2516 2.5
      vertex 65.872 -20.4626 0
      vertex 65.872 -20.4626 2.5
    endloop
  endfacet
  facet normal -0.973845 0.227215 0
    outer loop
      vertex 65.8234 -20.6709 0
      vertex 65.872 -20.4626 2.5
      vertex 65.872 -20.4626 0
    endloop
  endfacet
  facet normal -0.973845 0.227215 0
    outer loop
      vertex 65.872 -20.4626 2.5
      vertex 65.8234 -20.6709 0
      vertex 65.8234 -20.6709 2.5
    endloop
  endfacet
  facet normal -0.956934 0.290306 0
    outer loop
      vertex 65.7613 -20.8756 0
      vertex 65.8234 -20.6709 2.5
      vertex 65.8234 -20.6709 0
    endloop
  endfacet
  facet normal -0.956934 0.290306 0
    outer loop
      vertex 65.8234 -20.6709 2.5
      vertex 65.7613 -20.8756 0
      vertex 65.7613 -20.8756 2.5
    endloop
  endfacet
  facet normal -0.935983 0.352046 0
    outer loop
      vertex 65.686 -21.0758 0
      vertex 65.7613 -20.8756 2.5
      vertex 65.7613 -20.8756 0
    endloop
  endfacet
  facet normal -0.935983 0.352046 0
    outer loop
      vertex 65.7613 -20.8756 2.5
      vertex 65.686 -21.0758 0
      vertex 65.686 -21.0758 2.5
    endloop
  endfacet
  facet normal -0.910798 0.412852 0
    outer loop
      vertex 65.5977 -21.2706 0
      vertex 65.686 -21.0758 2.5
      vertex 65.686 -21.0758 0
    endloop
  endfacet
  facet normal -0.910798 0.412852 0
    outer loop
      vertex 65.686 -21.0758 2.5
      vertex 65.5977 -21.2706 0
      vertex 65.5977 -21.2706 2.5
    endloop
  endfacet
  facet normal -0.881938 0.471365 0
    outer loop
      vertex 65.4969 -21.4592 0
      vertex 65.5977 -21.2706 2.5
      vertex 65.5977 -21.2706 0
    endloop
  endfacet
  facet normal -0.881938 0.471365 0
    outer loop
      vertex 65.5977 -21.2706 2.5
      vertex 65.4969 -21.4592 0
      vertex 65.4969 -21.4592 2.5
    endloop
  endfacet
  facet normal -0.849387 0.52777 0
    outer loop
      vertex 65.384 -21.6409 0
      vertex 65.4969 -21.4592 2.5
      vertex 65.4969 -21.4592 0
    endloop
  endfacet
  facet normal -0.849387 0.52777 0
    outer loop
      vertex 65.4969 -21.4592 2.5
      vertex 65.384 -21.6409 0
      vertex 65.384 -21.6409 2.5
    endloop
  endfacet
  facet normal -0.812721 0.582653 0
    outer loop
      vertex 65.2594 -21.8147 0
      vertex 65.384 -21.6409 2.5
      vertex 65.384 -21.6409 0
    endloop
  endfacet
  facet normal -0.812721 0.582653 0
    outer loop
      vertex 65.384 -21.6409 2.5
      vertex 65.2594 -21.8147 0
      vertex 65.2594 -21.8147 2.5
    endloop
  endfacet
  facet normal -0.773103 0.634281 0
    outer loop
      vertex 65.1237 -21.9801 0
      vertex 65.2594 -21.8147 2.5
      vertex 65.2594 -21.8147 0
    endloop
  endfacet
  facet normal -0.773103 0.634281 0
    outer loop
      vertex 65.2594 -21.8147 2.5
      vertex 65.1237 -21.9801 0
      vertex 65.1237 -21.9801 2.5
    endloop
  endfacet
  facet normal -0.729872 0.683583 0
    outer loop
      vertex 64.9775 -22.1362 0
      vertex 65.1237 -21.9801 2.5
      vertex 65.1237 -21.9801 0
    endloop
  endfacet
  facet normal -0.729872 0.683583 0
    outer loop
      vertex 65.1237 -21.9801 2.5
      vertex 64.9775 -22.1362 0
      vertex 64.9775 -22.1362 2.5
    endloop
  endfacet
  facet normal -0.683583 0.729872 0
    outer loop
      vertex 64.9775 -22.1362 0
      vertex 64.8214 -22.2824 2.5
      vertex 64.9775 -22.1362 2.5
    endloop
  endfacet
  facet normal -0.683583 0.729872 0
    outer loop
      vertex 64.8214 -22.2824 2.5
      vertex 64.9775 -22.1362 0
      vertex 64.8214 -22.2824 0
    endloop
  endfacet
  facet normal -0.634281 0.773103 0
    outer loop
      vertex 64.8214 -22.2824 0
      vertex 64.656 -22.4181 2.5
      vertex 64.8214 -22.2824 2.5
    endloop
  endfacet
  facet normal -0.634281 0.773103 0
    outer loop
      vertex 64.656 -22.4181 2.5
      vertex 64.8214 -22.2824 0
      vertex 64.656 -22.4181 0
    endloop
  endfacet
  facet normal -0.582344 0.812943 0
    outer loop
      vertex 64.656 -22.4181 0
      vertex 64.4822 -22.5426 2.5
      vertex 64.656 -22.4181 2.5
    endloop
  endfacet
  facet normal -0.582344 0.812943 0
    outer loop
      vertex 64.4822 -22.5426 2.5
      vertex 64.656 -22.4181 0
      vertex 64.4822 -22.5426 0
    endloop
  endfacet
  facet normal -0.528107 0.849178 0
    outer loop
      vertex 64.4822 -22.5426 0
      vertex 64.3005 -22.6556 2.5
      vertex 64.4822 -22.5426 2.5
    endloop
  endfacet
  facet normal -0.528107 0.849178 0
    outer loop
      vertex 64.3005 -22.6556 2.5
      vertex 64.4822 -22.5426 0
      vertex 64.3005 -22.6556 0
    endloop
  endfacet
  facet normal -0.471365 0.881938 0
    outer loop
      vertex 64.3005 -22.6556 0
      vertex 64.1119 -22.7564 2.5
      vertex 64.3005 -22.6556 2.5
    endloop
  endfacet
  facet normal -0.471365 0.881938 0
    outer loop
      vertex 64.1119 -22.7564 2.5
      vertex 64.3005 -22.6556 0
      vertex 64.1119 -22.7564 0
    endloop
  endfacet
  facet normal -0.412852 0.910798 0
    outer loop
      vertex 64.1119 -22.7564 0
      vertex 63.9171 -22.8447 2.5
      vertex 64.1119 -22.7564 2.5
    endloop
  endfacet
  facet normal -0.412852 0.910798 0
    outer loop
      vertex 63.9171 -22.8447 2.5
      vertex 64.1119 -22.7564 0
      vertex 63.9171 -22.8447 0
    endloop
  endfacet
  facet normal -0.352046 0.935983 0
    outer loop
      vertex 63.9171 -22.8447 0
      vertex 63.7169 -22.92 2.5
      vertex 63.9171 -22.8447 2.5
    endloop
  endfacet
  facet normal -0.352046 0.935983 0
    outer loop
      vertex 63.7169 -22.92 2.5
      vertex 63.9171 -22.8447 0
      vertex 63.7169 -22.92 0
    endloop
  endfacet
  facet normal -0.290306 0.956934 0
    outer loop
      vertex 63.7169 -22.92 0
      vertex 63.5122 -22.9821 2.5
      vertex 63.7169 -22.92 2.5
    endloop
  endfacet
  facet normal -0.290306 0.956934 0
    outer loop
      vertex 63.5122 -22.9821 2.5
      vertex 63.7169 -22.92 0
      vertex 63.5122 -22.9821 0
    endloop
  endfacet
  facet normal -0.227215 0.973845 0
    outer loop
      vertex 63.5122 -22.9821 0
      vertex 63.3039 -23.0307 2.5
      vertex 63.5122 -22.9821 2.5
    endloop
  endfacet
  facet normal -0.227215 0.973845 0
    outer loop
      vertex 63.3039 -23.0307 2.5
      vertex 63.5122 -22.9821 0
      vertex 63.3039 -23.0307 0
    endloop
  endfacet
  facet normal -0.16273 0.986671 0
    outer loop
      vertex 63.3039 -23.0307 0
      vertex 63.0929 -23.0655 2.5
      vertex 63.3039 -23.0307 2.5
    endloop
  endfacet
  facet normal -0.16273 0.986671 0
    outer loop
      vertex 63.0929 -23.0655 2.5
      vertex 63.3039 -23.0307 0
      vertex 63.0929 -23.0655 0
    endloop
  endfacet
  facet normal -0.0982072 0.995166 0
    outer loop
      vertex 63.0929 -23.0655 0
      vertex 62.8801 -23.0865 2.5
      vertex 63.0929 -23.0655 2.5
    endloop
  endfacet
  facet normal -0.0982072 0.995166 0
    outer loop
      vertex 62.8801 -23.0865 2.5
      vertex 63.0929 -23.0655 0
      vertex 62.8801 -23.0865 0
    endloop
  endfacet
  facet normal -0.0327233 0.999464 0
    outer loop
      vertex 62.8801 -23.0865 0
      vertex 62.6663 -23.0935 2.5
      vertex 62.8801 -23.0865 2.5
    endloop
  endfacet
  facet normal -0.0327233 0.999464 0
    outer loop
      vertex 62.6663 -23.0935 2.5
      vertex 62.8801 -23.0865 0
      vertex 62.6663 -23.0935 0
    endloop
  endfacet
  facet normal 0.0327233 0.999464 -0
    outer loop
      vertex 62.6663 -23.0935 0
      vertex 62.4525 -23.0865 2.5
      vertex 62.6663 -23.0935 2.5
    endloop
  endfacet
  facet normal 0.0327233 0.999464 0
    outer loop
      vertex 62.4525 -23.0865 2.5
      vertex 62.6663 -23.0935 0
      vertex 62.4525 -23.0865 0
    endloop
  endfacet
  facet normal 0.0324721 0.999473 -0
    outer loop
      vertex 6.26999 -38.25 0
      vertex 6.16534 -38.2466 2.5
      vertex 6.26999 -38.25 2.5
    endloop
  endfacet
  facet normal 0.0324721 0.999473 0
    outer loop
      vertex 6.16534 -38.2466 2.5
      vertex 6.26999 -38.25 0
      vertex 6.16534 -38.2466 0
    endloop
  endfacet
  facet normal 0.0983877 0.995148 -0
    outer loop
      vertex 6.16534 -38.2466 0
      vertex 6.06116 -38.2363 2.5
      vertex 6.16534 -38.2466 2.5
    endloop
  endfacet
  facet normal 0.0983877 0.995148 0
    outer loop
      vertex 6.06116 -38.2363 2.5
      vertex 6.16534 -38.2466 0
      vertex 6.06116 -38.2363 0
    endloop
  endfacet
  facet normal 0.162385 0.986727 -0
    outer loop
      vertex 6.06116 -38.2363 0
      vertex 5.95786 -38.2193 2.5
      vertex 6.06116 -38.2363 2.5
    endloop
  endfacet
  facet normal 0.162385 0.986727 0
    outer loop
      vertex 5.95786 -38.2193 2.5
      vertex 6.06116 -38.2363 0
      vertex 5.95786 -38.2193 0
    endloop
  endfacet
  facet normal 0.227272 0.973831 -0
    outer loop
      vertex 5.95786 -38.2193 0
      vertex 5.85588 -38.1955 2.5
      vertex 5.95786 -38.2193 2.5
    endloop
  endfacet
  facet normal 0.227272 0.973831 0
    outer loop
      vertex 5.85588 -38.1955 2.5
      vertex 5.95786 -38.2193 0
      vertex 5.85588 -38.1955 0
    endloop
  endfacet
  facet normal 0.290352 0.95692 -0
    outer loop
      vertex 5.85588 -38.1955 0
      vertex 5.75569 -38.1651 2.5
      vertex 5.85588 -38.1955 2.5
    endloop
  endfacet
  facet normal 0.290352 0.95692 0
    outer loop
      vertex 5.75569 -38.1651 2.5
      vertex 5.85588 -38.1955 0
      vertex 5.75569 -38.1651 0
    endloop
  endfacet
  facet normal 0.35241 0.935846 -0
    outer loop
      vertex 5.75569 -38.1651 0
      vertex 5.6577 -38.1282 2.5
      vertex 5.75569 -38.1651 2.5
    endloop
  endfacet
  facet normal 0.35241 0.935846 0
    outer loop
      vertex 5.6577 -38.1282 2.5
      vertex 5.75569 -38.1651 0
      vertex 5.6577 -38.1282 0
    endloop
  endfacet
  facet normal 0.412615 0.910905 -0
    outer loop
      vertex 5.6577 -38.1282 0
      vertex 5.56233 -38.085 2.5
      vertex 5.6577 -38.1282 2.5
    endloop
  endfacet
  facet normal 0.412615 0.910905 0
    outer loop
      vertex 5.56233 -38.085 2.5
      vertex 5.6577 -38.1282 0
      vertex 5.56233 -38.085 0
    endloop
  endfacet
  facet normal 0.471718 0.88175 -0
    outer loop
      vertex 5.56233 -38.085 0
      vertex 5.46999 -38.0356 2.5
      vertex 5.56233 -38.085 2.5
    endloop
  endfacet
  facet normal 0.471718 0.88175 0
    outer loop
      vertex 5.46999 -38.0356 2.5
      vertex 5.56233 -38.085 0
      vertex 5.46999 -38.0356 0
    endloop
  endfacet
  facet normal 0.528109 0.849177 -0
    outer loop
      vertex 5.46999 -38.0356 0
      vertex 5.38107 -37.9803 2.5
      vertex 5.46999 -38.0356 2.5
    endloop
  endfacet
  facet normal 0.528109 0.849177 0
    outer loop
      vertex 5.38107 -37.9803 2.5
      vertex 5.46999 -38.0356 0
      vertex 5.38107 -37.9803 0
    endloop
  endfacet
  facet normal 0.581961 0.813217 -0
    outer loop
      vertex 5.38107 -37.9803 0
      vertex 5.29597 -37.9194 2.5
      vertex 5.38107 -37.9803 2.5
    endloop
  endfacet
  facet normal 0.581961 0.813217 0
    outer loop
      vertex 5.29597 -37.9194 2.5
      vertex 5.38107 -37.9803 0
      vertex 5.29597 -37.9194 0
    endloop
  endfacet
  facet normal 0.634864 0.772624 -0
    outer loop
      vertex 5.29597 -37.9194 0
      vertex 5.21504 -37.8529 2.5
      vertex 5.29597 -37.9194 2.5
    endloop
  endfacet
  facet normal 0.634864 0.772624 0
    outer loop
      vertex 5.21504 -37.8529 2.5
      vertex 5.29597 -37.9194 0
      vertex 5.21504 -37.8529 0
    endloop
  endfacet
  facet normal 0.683257 0.730178 -0
    outer loop
      vertex 5.21504 -37.8529 0
      vertex 5.13863 -37.7814 2.5
      vertex 5.21504 -37.8529 2.5
    endloop
  endfacet
  facet normal 0.683257 0.730178 0
    outer loop
      vertex 5.13863 -37.7814 2.5
      vertex 5.21504 -37.8529 0
      vertex 5.13863 -37.7814 0
    endloop
  endfacet
  facet normal 0.730198 0.683236 0
    outer loop
      vertex 5.13863 -37.7814 2.5
      vertex 5.06705 -37.7049 0
      vertex 5.06705 -37.7049 2.5
    endloop
  endfacet
  facet normal 0.730198 0.683236 0
    outer loop
      vertex 5.06705 -37.7049 0
      vertex 5.13863 -37.7814 2.5
      vertex 5.13863 -37.7814 0
    endloop
  endfacet
  facet normal 0.772884 0.634548 0
    outer loop
      vertex 5.06705 -37.7049 2.5
      vertex 5.00063 -37.624 0
      vertex 5.00063 -37.624 2.5
    endloop
  endfacet
  facet normal 0.772884 0.634548 0
    outer loop
      vertex 5.00063 -37.624 0
      vertex 5.06705 -37.7049 2.5
      vertex 5.06705 -37.7049 0
    endloop
  endfacet
  facet normal 0.81281 0.582529 0
    outer loop
      vertex 5.00063 -37.624 2.5
      vertex 4.93964 -37.5389 0
      vertex 4.93964 -37.5389 2.5
    endloop
  endfacet
  facet normal 0.81281 0.582529 0
    outer loop
      vertex 4.93964 -37.5389 0
      vertex 5.00063 -37.624 2.5
      vertex 5.00063 -37.624 0
    endloop
  endfacet
  facet normal 0.849166 0.528126 0
    outer loop
      vertex 4.93964 -37.5389 2.5
      vertex 4.88435 -37.45 0
      vertex 4.88435 -37.45 2.5
    endloop
  endfacet
  facet normal 0.849166 0.528126 0
    outer loop
      vertex 4.88435 -37.45 0
      vertex 4.93964 -37.5389 2.5
      vertex 4.93964 -37.5389 0
    endloop
  endfacet
  facet normal 0.881823 0.47158 0
    outer loop
      vertex 4.88435 -37.45 2.5
      vertex 4.83499 -37.3577 0
      vertex 4.83499 -37.3577 2.5
    endloop
  endfacet
  facet normal 0.881823 0.47158 0
    outer loop
      vertex 4.83499 -37.3577 0
      vertex 4.88435 -37.45 2.5
      vertex 4.88435 -37.45 0
    endloop
  endfacet
  facet normal 0.910918 0.412587 0
    outer loop
      vertex 4.83499 -37.3577 2.5
      vertex 4.79178 -37.2623 0
      vertex 4.79178 -37.2623 2.5
    endloop
  endfacet
  facet normal 0.910918 0.412587 0
    outer loop
      vertex 4.79178 -37.2623 0
      vertex 4.83499 -37.3577 2.5
      vertex 4.83499 -37.3577 0
    endloop
  endfacet
  facet normal 0.93592 0.352212 0
    outer loop
      vertex 4.79178 -37.2623 2.5
      vertex 4.7549 -37.1643 0
      vertex 4.7549 -37.1643 2.5
    endloop
  endfacet
  facet normal 0.93592 0.352212 0
    outer loop
      vertex 4.7549 -37.1643 0
      vertex 4.79178 -37.2623 2.5
      vertex 4.79178 -37.2623 0
    endloop
  endfacet
  facet normal 0.956981 0.290151 0
    outer loop
      vertex 4.7549 -37.1643 2.5
      vertex 4.72452 -37.0641 0
      vertex 4.72452 -37.0641 2.5
    endloop
  endfacet
  facet normal 0.956981 0.290151 0
    outer loop
      vertex 4.72452 -37.0641 0
      vertex 4.7549 -37.1643 2.5
      vertex 4.7549 -37.1643 0
    endloop
  endfacet
  facet normal 0.973862 0.227139 0
    outer loop
      vertex 4.72452 -37.0641 2.5
      vertex 4.70073 -36.9621 0
      vertex 4.70073 -36.9621 2.5
    endloop
  endfacet
  facet normal 0.973862 0.227139 0
    outer loop
      vertex 4.70073 -36.9621 0
      vertex 4.72452 -37.0641 2.5
      vertex 4.72452 -37.0641 0
    endloop
  endfacet
  facet normal 0.986666 0.162757 0
    outer loop
      vertex 4.70073 -36.9621 2.5
      vertex 4.68369 -36.8588 0
      vertex 4.68369 -36.8588 2.5
    endloop
  endfacet
  facet normal 0.986666 0.162757 0
    outer loop
      vertex 4.68369 -36.8588 0
      vertex 4.70073 -36.9621 2.5
      vertex 4.70073 -36.9621 0
    endloop
  endfacet
  facet normal 0.995178 0.0980852 0
    outer loop
      vertex 4.68369 -36.8588 2.5
      vertex 4.67342 -36.7546 0
      vertex 4.67342 -36.7546 2.5
    endloop
  endfacet
  facet normal 0.995178 0.0980852 0
    outer loop
      vertex 4.67342 -36.7546 0
      vertex 4.68369 -36.8588 2.5
      vertex 4.68369 -36.8588 0
    endloop
  endfacet
  facet normal 0.999466 0.0326785 0
    outer loop
      vertex 4.67342 -36.7546 2.5
      vertex 4.67 -36.65 0
      vertex 4.67 -36.65 2.5
    endloop
  endfacet
  facet normal 0.999466 0.0326785 0
    outer loop
      vertex 4.67 -36.65 0
      vertex 4.67342 -36.7546 2.5
      vertex 4.67342 -36.7546 0
    endloop
  endfacet
  facet normal 0.999467 -0.0326473 0
    outer loop
      vertex 4.67 -36.65 2.5
      vertex 4.67342 -36.5453 0
      vertex 4.67342 -36.5453 2.5
    endloop
  endfacet
  facet normal 0.999467 -0.0326473 0
    outer loop
      vertex 4.67342 -36.5453 0
      vertex 4.67 -36.65 2.5
      vertex 4.67 -36.65 0
    endloop
  endfacet
  facet normal 0.995178 -0.0980852 0
    outer loop
      vertex 4.67342 -36.5453 2.5
      vertex 4.68369 -36.4411 0
      vertex 4.68369 -36.4411 2.5
    endloop
  endfacet
  facet normal 0.995178 -0.0980852 0
    outer loop
      vertex 4.68369 -36.4411 0
      vertex 4.67342 -36.5453 2.5
      vertex 4.67342 -36.5453 0
    endloop
  endfacet
  facet normal 0.986666 -0.162757 0
    outer loop
      vertex 4.68369 -36.4411 2.5
      vertex 4.70073 -36.3378 0
      vertex 4.70073 -36.3378 2.5
    endloop
  endfacet
  facet normal 0.986666 -0.162757 0
    outer loop
      vertex 4.70073 -36.3378 0
      vertex 4.68369 -36.4411 2.5
      vertex 4.68369 -36.4411 0
    endloop
  endfacet
  facet normal 0.973813 -0.22735 0
    outer loop
      vertex 4.70073 -36.3378 2.5
      vertex 4.72452 -36.2359 0
      vertex 4.72452 -36.2359 2.5
    endloop
  endfacet
  facet normal 0.973813 -0.22735 0
    outer loop
      vertex 4.72452 -36.2359 0
      vertex 4.70073 -36.3378 2.5
      vertex 4.70073 -36.3378 0
    endloop
  endfacet
  facet normal 0.956981 -0.290151 0
    outer loop
      vertex 4.72452 -36.2359 2.5
      vertex 4.7549 -36.1357 0
      vertex 4.7549 -36.1357 2.5
    endloop
  endfacet
  facet normal 0.956981 -0.290151 0
    outer loop
      vertex 4.7549 -36.1357 0
      vertex 4.72452 -36.2359 2.5
      vertex 4.72452 -36.2359 0
    endloop
  endfacet
  facet normal 0.93592 -0.352212 0
    outer loop
      vertex 4.7549 -36.1357 2.5
      vertex 4.79178 -36.0377 0
      vertex 4.79178 -36.0377 2.5
    endloop
  endfacet
  facet normal 0.93592 -0.352212 0
    outer loop
      vertex 4.79178 -36.0377 0
      vertex 4.7549 -36.1357 2.5
      vertex 4.7549 -36.1357 0
    endloop
  endfacet
  facet normal 0.910918 -0.412587 0
    outer loop
      vertex 4.79178 -36.0377 2.5
      vertex 4.83499 -35.9423 0
      vertex 4.83499 -35.9423 2.5
    endloop
  endfacet
  facet normal 0.910918 -0.412587 0
    outer loop
      vertex 4.83499 -35.9423 0
      vertex 4.79178 -36.0377 2.5
      vertex 4.79178 -36.0377 0
    endloop
  endfacet
  facet normal 0.881823 -0.47158 0
    outer loop
      vertex 4.83499 -35.9423 2.5
      vertex 4.88435 -35.85 0
      vertex 4.88435 -35.85 2.5
    endloop
  endfacet
  facet normal 0.881823 -0.47158 0
    outer loop
      vertex 4.88435 -35.85 0
      vertex 4.83499 -35.9423 2.5
      vertex 4.83499 -35.9423 0
    endloop
  endfacet
  facet normal 0.849166 -0.528126 0
    outer loop
      vertex 4.88435 -35.85 2.5
      vertex 4.93964 -35.7611 0
      vertex 4.93964 -35.7611 2.5
    endloop
  endfacet
  facet normal 0.849166 -0.528126 0
    outer loop
      vertex 4.93964 -35.7611 0
      vertex 4.88435 -35.85 2.5
      vertex 4.88435 -35.85 0
    endloop
  endfacet
  facet normal 0.81281 -0.582529 0
    outer loop
      vertex 4.93964 -35.7611 2.5
      vertex 5.00063 -35.676 0
      vertex 5.00063 -35.676 2.5
    endloop
  endfacet
  facet normal 0.81281 -0.582529 0
    outer loop
      vertex 5.00063 -35.676 0
      vertex 4.93964 -35.7611 2.5
      vertex 4.93964 -35.7611 0
    endloop
  endfacet
  facet normal 0.773268 -0.63408 0
    outer loop
      vertex 5.00063 -35.676 2.5
      vertex 5.06705 -35.595 0
      vertex 5.06705 -35.595 2.5
    endloop
  endfacet
  facet normal 0.773268 -0.63408 0
    outer loop
      vertex 5.06705 -35.595 0
      vertex 5.00063 -35.676 2.5
      vertex 5.00063 -35.676 0
    endloop
  endfacet
  facet normal 0.729752 -0.683712 0
    outer loop
      vertex 5.06705 -35.595 2.5
      vertex 5.13863 -35.5186 0
      vertex 5.13863 -35.5186 2.5
    endloop
  endfacet
  facet normal 0.729752 -0.683712 0
    outer loop
      vertex 5.13863 -35.5186 0
      vertex 5.06705 -35.595 2.5
      vertex 5.06705 -35.595 0
    endloop
  endfacet
  facet normal 0.683257 -0.730178 0
    outer loop
      vertex 5.13863 -35.5186 0
      vertex 5.21504 -35.4471 2.5
      vertex 5.13863 -35.5186 2.5
    endloop
  endfacet
  facet normal 0.683257 -0.730178 0
    outer loop
      vertex 5.21504 -35.4471 2.5
      vertex 5.13863 -35.5186 0
      vertex 5.21504 -35.4471 0
    endloop
  endfacet
  facet normal 0.634864 -0.772624 0
    outer loop
      vertex 5.21504 -35.4471 0
      vertex 5.29597 -35.3806 2.5
      vertex 5.21504 -35.4471 2.5
    endloop
  endfacet
  facet normal 0.634864 -0.772624 0
    outer loop
      vertex 5.29597 -35.3806 2.5
      vertex 5.21504 -35.4471 0
      vertex 5.29597 -35.3806 0
    endloop
  endfacet
  facet normal 0.582593 -0.812764 0
    outer loop
      vertex 5.29597 -35.3806 0
      vertex 5.38107 -35.3196 2.5
      vertex 5.29597 -35.3806 2.5
    endloop
  endfacet
  facet normal 0.582593 -0.812764 0
    outer loop
      vertex 5.38107 -35.3196 2.5
      vertex 5.29597 -35.3806 0
      vertex 5.38107 -35.3196 0
    endloop
  endfacet
  facet normal 0.52742 -0.849605 0
    outer loop
      vertex 5.38107 -35.3196 0
      vertex 5.46999 -35.2644 2.5
      vertex 5.38107 -35.3196 2.5
    endloop
  endfacet
  facet normal 0.52742 -0.849605 0
    outer loop
      vertex 5.46999 -35.2644 2.5
      vertex 5.38107 -35.3196 0
      vertex 5.46999 -35.2644 0
    endloop
  endfacet
  facet normal 0.471718 -0.88175 0
    outer loop
      vertex 5.46999 -35.2644 0
      vertex 5.56233 -35.215 2.5
      vertex 5.46999 -35.2644 2.5
    endloop
  endfacet
  facet normal 0.471718 -0.88175 0
    outer loop
      vertex 5.56233 -35.215 2.5
      vertex 5.46999 -35.2644 0
      vertex 5.56233 -35.215 0
    endloop
  endfacet
  facet normal 0.412615 -0.910905 0
    outer loop
      vertex 5.56233 -35.215 0
      vertex 5.6577 -35.1718 2.5
      vertex 5.56233 -35.215 2.5
    endloop
  endfacet
  facet normal 0.412615 -0.910905 0
    outer loop
      vertex 5.6577 -35.1718 2.5
      vertex 5.56233 -35.215 0
      vertex 5.6577 -35.1718 0
    endloop
  endfacet
  facet normal 0.35247 -0.935823 0
    outer loop
      vertex 5.6577 -35.1718 2.5
      vertex 5.71558 -35.15 1.5
      vertex 5.71558 -35.15 2.5
    endloop
  endfacet
  facet normal 0.35247 -0.935823 0
    outer loop
      vertex 5.6577 -35.1718 0
      vertex 5.71558 -35.15 1.5
      vertex 5.6577 -35.1718 2.5
    endloop
  endfacet
  facet normal 0.35241 -0.935846 2.61045e-06
    outer loop
      vertex 5.75569 -35.1349 0
      vertex 5.71558 -35.15 1.5
      vertex 5.6577 -35.1718 0
    endloop
  endfacet
  facet normal 0.352325 -0.935878 0
    outer loop
      vertex 5.71558 -35.15 1.5
      vertex 5.75569 -35.1349 0
      vertex 5.75569 -35.1349 1.5
    endloop
  endfacet
  facet normal 0.290352 -0.95692 0
    outer loop
      vertex 5.75569 -35.1349 0
      vertex 5.85588 -35.1045 1.5
      vertex 5.75569 -35.1349 1.5
    endloop
  endfacet
  facet normal 0.290352 -0.95692 0
    outer loop
      vertex 5.85588 -35.1045 1.5
      vertex 5.75569 -35.1349 0
      vertex 5.85588 -35.1045 0
    endloop
  endfacet
  facet normal 0.227272 -0.973831 0
    outer loop
      vertex 5.85588 -35.1045 0
      vertex 5.95786 -35.0807 1.5
      vertex 5.85588 -35.1045 1.5
    endloop
  endfacet
  facet normal 0.227272 -0.973831 0
    outer loop
      vertex 5.95786 -35.0807 1.5
      vertex 5.85588 -35.1045 0
      vertex 5.95786 -35.0807 0
    endloop
  endfacet
  facet normal 0.162385 -0.986727 0
    outer loop
      vertex 5.95786 -35.0807 0
      vertex 6.06116 -35.0637 1.5
      vertex 5.95786 -35.0807 1.5
    endloop
  endfacet
  facet normal 0.162385 -0.986727 0
    outer loop
      vertex 6.06116 -35.0637 1.5
      vertex 5.95786 -35.0807 0
      vertex 6.06116 -35.0637 0
    endloop
  endfacet
  facet normal 0.0983877 -0.995148 0
    outer loop
      vertex 6.06116 -35.0637 0
      vertex 6.16534 -35.0534 1.5
      vertex 6.06116 -35.0637 1.5
    endloop
  endfacet
  facet normal 0.0983877 -0.995148 0
    outer loop
      vertex 6.16534 -35.0534 1.5
      vertex 6.06116 -35.0637 0
      vertex 6.16534 -35.0534 0
    endloop
  endfacet
  facet normal 0.0324721 -0.999473 0
    outer loop
      vertex 6.16534 -35.0534 0
      vertex 6.26999 -35.05 1.5
      vertex 6.16534 -35.0534 1.5
    endloop
  endfacet
  facet normal 0.0324721 -0.999473 0
    outer loop
      vertex 6.26999 -35.05 1.5
      vertex 6.16534 -35.0534 0
      vertex 6.26999 -35.05 0
    endloop
  endfacet
  facet normal 0 -1 0
    outer loop
      vertex 6.26999 -35.05 0
      vertex 8.96999 -35.05 1.5
      vertex 6.26999 -35.05 1.5
    endloop
  endfacet
  facet normal 0 -1 -0
    outer loop
      vertex 8.96999 -35.05 1.5
      vertex 6.26999 -35.05 0
      vertex 8.96999 -35.05 0
    endloop
  endfacet
  facet normal -0.0324752 -0.999473 0
    outer loop
      vertex 8.96999 -35.05 0
      vertex 9.07463 -35.0534 1.5
      vertex 8.96999 -35.05 1.5
    endloop
  endfacet
  facet normal -0.0324752 -0.999473 -0
    outer loop
      vertex 9.07463 -35.0534 1.5
      vertex 8.96999 -35.05 0
      vertex 9.07463 -35.0534 0
    endloop
  endfacet
  facet normal -0.098369 -0.99515 0
    outer loop
      vertex 9.07463 -35.0534 0
      vertex 9.17883 -35.0637 1.5
      vertex 9.07463 -35.0534 1.5
    endloop
  endfacet
  facet normal -0.098369 -0.99515 -0
    outer loop
      vertex 9.17883 -35.0637 1.5
      vertex 9.07463 -35.0534 0
      vertex 9.17883 -35.0637 0
    endloop
  endfacet
  facet normal -0.16237 -0.98673 0
    outer loop
      vertex 9.17883 -35.0637 0
      vertex 9.28214 -35.0807 1.5
      vertex 9.17883 -35.0637 1.5
    endloop
  endfacet
  facet normal -0.16237 -0.98673 -0
    outer loop
      vertex 9.28214 -35.0807 1.5
      vertex 9.17883 -35.0637 0
      vertex 9.28214 -35.0807 0
    endloop
  endfacet
  facet normal -0.227293 -0.973826 0
    outer loop
      vertex 9.28214 -35.0807 0
      vertex 9.38411 -35.1045 1.5
      vertex 9.28214 -35.0807 1.5
    endloop
  endfacet
  facet normal -0.227293 -0.973826 -0
    outer loop
      vertex 9.38411 -35.1045 1.5
      vertex 9.28214 -35.0807 0
      vertex 9.38411 -35.1045 0
    endloop
  endfacet
  facet normal -0.290352 -0.95692 0
    outer loop
      vertex 9.38411 -35.1045 0
      vertex 9.4843 -35.1349 1.5
      vertex 9.38411 -35.1045 1.5
    endloop
  endfacet
  facet normal -0.290352 -0.95692 -0
    outer loop
      vertex 9.4843 -35.1349 1.5
      vertex 9.38411 -35.1045 0
      vertex 9.4843 -35.1349 0
    endloop
  endfacet
  facet normal -0.352325 -0.935878 -0
    outer loop
      vertex 9.4843 -35.1349 1.5
      vertex 9.4843 -35.1349 0
      vertex 9.52441 -35.15 1.5
    endloop
  endfacet
  facet normal -0.35247 -0.935823 0
    outer loop
      vertex 9.52441 -35.15 1.5
      vertex 9.58229 -35.1718 2.5
      vertex 9.52441 -35.15 2.5
    endloop
  endfacet
  facet normal -0.35241 -0.935846 2.61045e-06
    outer loop
      vertex 9.58229 -35.1718 0
      vertex 9.52441 -35.15 1.5
      vertex 9.4843 -35.1349 0
    endloop
  endfacet
  facet normal -0.35247 -0.935823 0
    outer loop
      vertex 9.52441 -35.15 1.5
      vertex 9.58229 -35.1718 0
      vertex 9.58229 -35.1718 2.5
    endloop
  endfacet
  facet normal -0.412615 -0.910905 0
    outer loop
      vertex 9.58229 -35.1718 0
      vertex 9.67766 -35.215 2.5
      vertex 9.58229 -35.1718 2.5
    endloop
  endfacet
  facet normal -0.412615 -0.910905 -0
    outer loop
      vertex 9.67766 -35.215 2.5
      vertex 9.58229 -35.1718 0
      vertex 9.67766 -35.215 0
    endloop
  endfacet
  facet normal -0.471758 -0.881728 0
    outer loop
      vertex 9.67766 -35.215 0
      vertex 9.76999 -35.2644 2.5
      vertex 9.67766 -35.215 2.5
    endloop
  endfacet
  facet normal -0.471758 -0.881728 -0
    outer loop
      vertex 9.76999 -35.2644 2.5
      vertex 9.67766 -35.215 0
      vertex 9.76999 -35.2644 0
    endloop
  endfacet
  facet normal -0.527463 -0.849578 0
    outer loop
      vertex 9.76999 -35.2644 0
      vertex 9.8589 -35.3196 2.5
      vertex 9.76999 -35.2644 2.5
    endloop
  endfacet
  facet normal -0.527463 -0.849578 -0
    outer loop
      vertex 9.8589 -35.3196 2.5
      vertex 9.76999 -35.2644 0
      vertex 9.8589 -35.3196 0
    endloop
  endfacet
  facet normal -0.582502 -0.812829 0
    outer loop
      vertex 9.8589 -35.3196 0
      vertex 9.94402 -35.3806 2.5
      vertex 9.8589 -35.3196 2.5
    endloop
  endfacet
  facet normal -0.582502 -0.812829 -0
    outer loop
      vertex 9.94402 -35.3806 2.5
      vertex 9.8589 -35.3196 0
      vertex 9.94402 -35.3806 0
    endloop
  endfacet
  facet normal -0.635098 -0.772432 0
    outer loop
      vertex 9.94402 -35.3806 0
      vertex 10.0249 -35.4471 2.5
      vertex 9.94402 -35.3806 2.5
    endloop
  endfacet
  facet normal -0.635098 -0.772432 -0
    outer loop
      vertex 10.0249 -35.4471 2.5
      vertex 9.94402 -35.3806 0
      vertex 10.0249 -35.4471 0
    endloop
  endfacet
  facet normal -0.682828 -0.730579 0
    outer loop
      vertex 10.0249 -35.4471 0
      vertex 10.1014 -35.5186 2.5
      vertex 10.0249 -35.4471 2.5
    endloop
  endfacet
  facet normal -0.682828 -0.730579 -0
    outer loop
      vertex 10.1014 -35.5186 2.5
      vertex 10.0249 -35.4471 0
      vertex 10.1014 -35.5186 0
    endloop
  endfacet
  facet normal -0.730133 -0.683305 0
    outer loop
      vertex 10.1729 -35.595 0
      vertex 10.1014 -35.5186 2.5
      vertex 10.1014 -35.5186 0
    endloop
  endfacet
  facet normal -0.730133 -0.683305 0
    outer loop
      vertex 10.1014 -35.5186 2.5
      vertex 10.1729 -35.595 0
      vertex 10.1729 -35.595 2.5
    endloop
  endfacet
  facet normal -0.772893 -0.634536 0
    outer loop
      vertex 10.2394 -35.676 0
      vertex 10.1729 -35.595 2.5
      vertex 10.1729 -35.595 0
    endloop
  endfacet
  facet normal -0.772893 -0.634536 0
    outer loop
      vertex 10.1729 -35.595 2.5
      vertex 10.2394 -35.676 0
      vertex 10.2394 -35.676 2.5
    endloop
  endfacet
  facet normal -0.813217 -0.581961 0
    outer loop
      vertex 10.3003 -35.7611 0
      vertex 10.2394 -35.676 2.5
      vertex 10.2394 -35.676 0
    endloop
  endfacet
  facet normal -0.813217 -0.581961 0
    outer loop
      vertex 10.2394 -35.676 2.5
      vertex 10.3003 -35.7611 0
      vertex 10.3003 -35.7611 2.5
    endloop
  endfacet
  facet normal -0.849123 -0.528195 0
    outer loop
      vertex 10.3556 -35.85 0
      vertex 10.3003 -35.7611 2.5
      vertex 10.3003 -35.7611 0
    endloop
  endfacet
  facet normal -0.849123 -0.528195 0
    outer loop
      vertex 10.3003 -35.7611 2.5
      vertex 10.3556 -35.85 0
      vertex 10.3556 -35.85 2.5
    endloop
  endfacet
  facet normal -0.881665 -0.471877 0
    outer loop
      vertex 10.405 -35.9423 0
      vertex 10.3556 -35.85 2.5
      vertex 10.3556 -35.85 0
    endloop
  endfacet
  facet normal -0.881665 -0.471877 0
    outer loop
      vertex 10.3556 -35.85 2.5
      vertex 10.405 -35.9423 0
      vertex 10.405 -35.9423 2.5
    endloop
  endfacet
  facet normal -0.910954 -0.412508 0
    outer loop
      vertex 10.4482 -36.0377 0
      vertex 10.405 -35.9423 2.5
      vertex 10.405 -35.9423 0
    endloop
  endfacet
  facet normal -0.910954 -0.412508 0
    outer loop
      vertex 10.405 -35.9423 2.5
      vertex 10.4482 -36.0377 0
      vertex 10.4482 -36.0377 2.5
    endloop
  endfacet
  facet normal -0.935857 -0.352379 0
    outer loop
      vertex 10.4851 -36.1357 0
      vertex 10.4482 -36.0377 2.5
      vertex 10.4482 -36.0377 0
    endloop
  endfacet
  facet normal -0.935857 -0.352379 0
    outer loop
      vertex 10.4482 -36.0377 2.5
      vertex 10.4851 -36.1357 0
      vertex 10.4851 -36.1357 2.5
    endloop
  endfacet
  facet normal -0.956928 -0.290325 0
    outer loop
      vertex 10.5155 -36.2359 0
      vertex 10.4851 -36.1357 2.5
      vertex 10.4851 -36.1357 0
    endloop
  endfacet
  facet normal -0.956928 -0.290325 0
    outer loop
      vertex 10.4851 -36.1357 2.5
      vertex 10.5155 -36.2359 0
      vertex 10.5155 -36.2359 2.5
    endloop
  endfacet
  facet normal -0.974003 -0.226535 0
    outer loop
      vertex 10.5392 -36.3378 0
      vertex 10.5155 -36.2359 2.5
      vertex 10.5155 -36.2359 0
    endloop
  endfacet
  facet normal -0.974003 -0.226535 0
    outer loop
      vertex 10.5155 -36.2359 2.5
      vertex 10.5392 -36.3378 0
      vertex 10.5392 -36.3378 2.5
    endloop
  endfacet
  facet normal -0.986574 -0.163315 0
    outer loop
      vertex 10.5563 -36.4411 0
      vertex 10.5392 -36.3378 2.5
      vertex 10.5392 -36.3378 0
    endloop
  endfacet
  facet normal -0.986574 -0.163315 0
    outer loop
      vertex 10.5392 -36.3378 2.5
      vertex 10.5563 -36.4411 0
      vertex 10.5563 -36.4411 2.5
    endloop
  endfacet
  facet normal -0.99515 -0.098369 0
    outer loop
      vertex 10.5666 -36.5453 0
      vertex 10.5563 -36.4411 2.5
      vertex 10.5563 -36.4411 0
    endloop
  endfacet
  facet normal -0.99515 -0.098369 0
    outer loop
      vertex 10.5563 -36.4411 2.5
      vertex 10.5666 -36.5453 0
      vertex 10.5666 -36.5453 2.5
    endloop
  endfacet
  facet normal -0.999473 -0.0324566 0
    outer loop
      vertex 10.57 -36.65 0
      vertex 10.5666 -36.5453 2.5
      vertex 10.5666 -36.5453 0
    endloop
  endfacet
  facet normal -0.999473 -0.0324566 0
    outer loop
      vertex 10.5666 -36.5453 2.5
      vertex 10.57 -36.65 0
      vertex 10.57 -36.65 2.5
    endloop
  endfacet
  facet normal -0.999472 0.0324876 0
    outer loop
      vertex 10.5666 -36.7546 0
      vertex 10.57 -36.65 2.5
      vertex 10.57 -36.65 0
    endloop
  endfacet
  facet normal -0.999472 0.0324876 0
    outer loop
      vertex 10.57 -36.65 2.5
      vertex 10.5666 -36.7546 0
      vertex 10.5666 -36.7546 2.5
    endloop
  endfacet
  facet normal -0.99515 0.098369 0
    outer loop
      vertex 10.5563 -36.8588 0
      vertex 10.5666 -36.7546 2.5
      vertex 10.5666 -36.7546 0
    endloop
  endfacet
  facet normal -0.99515 0.098369 0
    outer loop
      vertex 10.5666 -36.7546 2.5
      vertex 10.5563 -36.8588 0
      vertex 10.5563 -36.8588 2.5
    endloop
  endfacet
  facet normal -0.986574 0.163315 0
    outer loop
      vertex 10.5392 -36.9621 0
      vertex 10.5563 -36.8588 2.5
      vertex 10.5563 -36.8588 0
    endloop
  endfacet
  facet normal -0.986574 0.163315 0
    outer loop
      vertex 10.5563 -36.8588 2.5
      vertex 10.5392 -36.9621 0
      vertex 10.5392 -36.9621 2.5
    endloop
  endfacet
  facet normal -0.974052 0.226324 0
    outer loop
      vertex 10.5155 -37.0641 0
      vertex 10.5392 -36.9621 2.5
      vertex 10.5392 -36.9621 0
    endloop
  endfacet
  facet normal -0.974052 0.226324 0
    outer loop
      vertex 10.5392 -36.9621 2.5
      vertex 10.5155 -37.0641 0
      vertex 10.5155 -37.0641 2.5
    endloop
  endfacet
  facet normal -0.956928 0.290325 0
    outer loop
      vertex 10.4851 -37.1643 0
      vertex 10.5155 -37.0641 2.5
      vertex 10.5155 -37.0641 0
    endloop
  endfacet
  facet normal -0.956928 0.290325 0
    outer loop
      vertex 10.5155 -37.0641 2.5
      vertex 10.4851 -37.1643 0
      vertex 10.4851 -37.1643 2.5
    endloop
  endfacet
  facet normal -0.935857 0.352379 0
    outer loop
      vertex 10.4482 -37.2623 0
      vertex 10.4851 -37.1643 2.5
      vertex 10.4851 -37.1643 0
    endloop
  endfacet
  facet normal -0.935857 0.352379 0
    outer loop
      vertex 10.4851 -37.1643 2.5
      vertex 10.4482 -37.2623 0
      vertex 10.4482 -37.2623 2.5
    endloop
  endfacet
  facet normal -0.910954 0.412508 0
    outer loop
      vertex 10.405 -37.3577 0
      vertex 10.4482 -37.2623 2.5
      vertex 10.4482 -37.2623 0
    endloop
  endfacet
  facet normal -0.910954 0.412508 0
    outer loop
      vertex 10.4482 -37.2623 2.5
      vertex 10.405 -37.3577 0
      vertex 10.405 -37.3577 2.5
    endloop
  endfacet
  facet normal -0.881665 0.471877 0
    outer loop
      vertex 10.3556 -37.45 0
      vertex 10.405 -37.3577 2.5
      vertex 10.405 -37.3577 0
    endloop
  endfacet
  facet normal -0.881665 0.471877 0
    outer loop
      vertex 10.405 -37.3577 2.5
      vertex 10.3556 -37.45 0
      vertex 10.3556 -37.45 2.5
    endloop
  endfacet
  facet normal -0.849123 0.528195 0
    outer loop
      vertex 10.3003 -37.5389 0
      vertex 10.3556 -37.45 2.5
      vertex 10.3556 -37.45 0
    endloop
  endfacet
  facet normal -0.849123 0.528195 0
    outer loop
      vertex 10.3556 -37.45 2.5
      vertex 10.3003 -37.5389 0
      vertex 10.3003 -37.5389 2.5
    endloop
  endfacet
  facet normal -0.813217 0.581961 0
    outer loop
      vertex 10.2394 -37.624 0
      vertex 10.3003 -37.5389 2.5
      vertex 10.3003 -37.5389 0
    endloop
  endfacet
  facet normal -0.813217 0.581961 0
    outer loop
      vertex 10.3003 -37.5389 2.5
      vertex 10.2394 -37.624 0
      vertex 10.2394 -37.624 2.5
    endloop
  endfacet
  facet normal -0.772509 0.635004 0
    outer loop
      vertex 10.1729 -37.7049 0
      vertex 10.2394 -37.624 2.5
      vertex 10.2394 -37.624 0
    endloop
  endfacet
  facet normal -0.772509 0.635004 0
    outer loop
      vertex 10.2394 -37.624 2.5
      vertex 10.1729 -37.7049 0
      vertex 10.1729 -37.7049 2.5
    endloop
  endfacet
  facet normal -0.730579 0.682828 0
    outer loop
      vertex 10.1014 -37.7814 0
      vertex 10.1729 -37.7049 2.5
      vertex 10.1729 -37.7049 0
    endloop
  endfacet
  facet normal -0.730579 0.682828 0
    outer loop
      vertex 10.1729 -37.7049 2.5
      vertex 10.1014 -37.7814 0
      vertex 10.1014 -37.7814 2.5
    endloop
  endfacet
  facet normal -0.682828 0.730579 0
    outer loop
      vertex 10.1014 -37.7814 0
      vertex 10.0249 -37.8529 2.5
      vertex 10.1014 -37.7814 2.5
    endloop
  endfacet
  facet normal -0.682828 0.730579 0
    outer loop
      vertex 10.0249 -37.8529 2.5
      vertex 10.1014 -37.7814 0
      vertex 10.0249 -37.8529 0
    endloop
  endfacet
  facet normal -0.635098 0.772432 0
    outer loop
      vertex 10.0249 -37.8529 0
      vertex 9.94402 -37.9194 2.5
      vertex 10.0249 -37.8529 2.5
    endloop
  endfacet
  facet normal -0.635098 0.772432 0
    outer loop
      vertex 9.94402 -37.9194 2.5
      vertex 10.0249 -37.8529 0
      vertex 9.94402 -37.9194 0
    endloop
  endfacet
  facet normal -0.581871 0.813281 0
    outer loop
      vertex 9.94402 -37.9194 0
      vertex 9.8589 -37.9803 2.5
      vertex 9.94402 -37.9194 2.5
    endloop
  endfacet
  facet normal -0.581871 0.813281 0
    outer loop
      vertex 9.8589 -37.9803 2.5
      vertex 9.94402 -37.9194 0
      vertex 9.8589 -37.9803 0
    endloop
  endfacet
  facet normal -0.528152 0.84915 0
    outer loop
      vertex 9.8589 -37.9803 0
      vertex 9.76999 -38.0356 2.5
      vertex 9.8589 -37.9803 2.5
    endloop
  endfacet
  facet normal -0.528152 0.84915 0
    outer loop
      vertex 9.76999 -38.0356 2.5
      vertex 9.8589 -37.9803 0
      vertex 9.76999 -38.0356 0
    endloop
  endfacet
  facet normal -0.471758 0.881728 0
    outer loop
      vertex 9.76999 -38.0356 0
      vertex 9.67766 -38.085 2.5
      vertex 9.76999 -38.0356 2.5
    endloop
  endfacet
  facet normal -0.471758 0.881728 0
    outer loop
      vertex 9.67766 -38.085 2.5
      vertex 9.76999 -38.0356 0
      vertex 9.67766 -38.085 0
    endloop
  endfacet
  facet normal -0.412615 0.910905 0
    outer loop
      vertex 9.67766 -38.085 0
      vertex 9.58229 -38.1282 2.5
      vertex 9.67766 -38.085 2.5
    endloop
  endfacet
  facet normal -0.412615 0.910905 0
    outer loop
      vertex 9.58229 -38.1282 2.5
      vertex 9.67766 -38.085 0
      vertex 9.58229 -38.1282 0
    endloop
  endfacet
  facet normal -0.35241 0.935846 0
    outer loop
      vertex 9.58229 -38.1282 0
      vertex 9.4843 -38.1651 2.5
      vertex 9.58229 -38.1282 2.5
    endloop
  endfacet
  facet normal -0.35241 0.935846 0
    outer loop
      vertex 9.4843 -38.1651 2.5
      vertex 9.58229 -38.1282 0
      vertex 9.4843 -38.1651 0
    endloop
  endfacet
  facet normal -0.290352 0.95692 0
    outer loop
      vertex 9.4843 -38.1651 0
      vertex 9.38411 -38.1955 2.5
      vertex 9.4843 -38.1651 2.5
    endloop
  endfacet
  facet normal -0.290352 0.95692 0
    outer loop
      vertex 9.38411 -38.1955 2.5
      vertex 9.4843 -38.1651 0
      vertex 9.38411 -38.1955 0
    endloop
  endfacet
  facet normal -0.227293 0.973826 0
    outer loop
      vertex 9.38411 -38.1955 0
      vertex 9.28214 -38.2193 2.5
      vertex 9.38411 -38.1955 2.5
    endloop
  endfacet
  facet normal -0.227293 0.973826 0
    outer loop
      vertex 9.28214 -38.2193 2.5
      vertex 9.38411 -38.1955 0
      vertex 9.28214 -38.2193 0
    endloop
  endfacet
  facet normal -0.16237 0.98673 0
    outer loop
      vertex 9.28214 -38.2193 0
      vertex 9.17883 -38.2363 2.5
      vertex 9.28214 -38.2193 2.5
    endloop
  endfacet
  facet normal -0.16237 0.98673 0
    outer loop
      vertex 9.17883 -38.2363 2.5
      vertex 9.28214 -38.2193 0
      vertex 9.17883 -38.2363 0
    endloop
  endfacet
  facet normal -0.098369 0.99515 0
    outer loop
      vertex 9.17883 -38.2363 0
      vertex 9.07463 -38.2466 2.5
      vertex 9.17883 -38.2363 2.5
    endloop
  endfacet
  facet normal -0.098369 0.99515 0
    outer loop
      vertex 9.07463 -38.2466 2.5
      vertex 9.17883 -38.2363 0
      vertex 9.07463 -38.2466 0
    endloop
  endfacet
  facet normal -0.0324752 0.999473 0
    outer loop
      vertex 9.07463 -38.2466 0
      vertex 8.96999 -38.25 2.5
      vertex 9.07463 -38.2466 2.5
    endloop
  endfacet
  facet normal -0.0324752 0.999473 0
    outer loop
      vertex 8.96999 -38.25 2.5
      vertex 9.07463 -38.2466 0
      vertex 8.96999 -38.25 0
    endloop
  endfacet
  facet normal 0 1 -0
    outer loop
      vertex 8.96999 -38.25 0
      vertex 6.26999 -38.25 2.5
      vertex 8.96999 -38.25 2.5
    endloop
  endfacet
  facet normal 0 1 0
    outer loop
      vertex 6.26999 -38.25 2.5
      vertex 8.96999 -38.25 0
      vertex 6.26999 -38.25 0
    endloop
  endfacet
  facet normal 0.0324566 0.999473 -0
    outer loop
      vertex 62.15 -38.25 0
      vertex 62.0453 -38.2466 2.5
      vertex 62.15 -38.25 2.5
    endloop
  endfacet
  facet normal 0.0324566 0.999473 0
    outer loop
      vertex 62.0453 -38.2466 2.5
      vertex 62.15 -38.25 0
      vertex 62.0453 -38.2466 0
    endloop
  endfacet
  facet normal 0.098369 0.99515 -0
    outer loop
      vertex 62.0453 -38.2466 0
      vertex 61.9411 -38.2363 2.5
      vertex 62.0453 -38.2466 2.5
    endloop
  endfacet
  facet normal 0.098369 0.99515 0
    outer loop
      vertex 61.9411 -38.2363 2.5
      vertex 62.0453 -38.2466 0
      vertex 61.9411 -38.2363 0
    endloop
  endfacet
  facet normal 0.162385 0.986727 -0
    outer loop
      vertex 61.9411 -38.2363 0
      vertex 61.8378 -38.2193 2.5
      vertex 61.9411 -38.2363 2.5
    endloop
  endfacet
  facet normal 0.162385 0.986727 0
    outer loop
      vertex 61.8378 -38.2193 2.5
      vertex 61.9411 -38.2363 0
      vertex 61.8378 -38.2193 0
    endloop
  endfacet
  facet normal 0.227441 0.973792 -0
    outer loop
      vertex 61.8378 -38.2193 0
      vertex 61.7359 -38.1955 2.5
      vertex 61.8378 -38.2193 2.5
    endloop
  endfacet
  facet normal 0.227441 0.973792 0
    outer loop
      vertex 61.7359 -38.1955 2.5
      vertex 61.8378 -38.2193 0
      vertex 61.7359 -38.1955 0
    endloop
  endfacet
  facet normal 0.290325 0.956928 -0
    outer loop
      vertex 61.7359 -38.1955 0
      vertex 61.6357 -38.1651 2.5
      vertex 61.7359 -38.1955 2.5
    endloop
  endfacet
  facet normal 0.290325 0.956928 0
    outer loop
      vertex 61.6357 -38.1651 2.5
      vertex 61.7359 -38.1955 0
      vertex 61.6357 -38.1651 0
    endloop
  endfacet
  facet normal 0.352379 0.935857 -0
    outer loop
      vertex 61.6357 -38.1651 0
      vertex 61.5377 -38.1282 2.5
      vertex 61.6357 -38.1651 2.5
    endloop
  endfacet
  facet normal 0.352379 0.935857 0
    outer loop
      vertex 61.5377 -38.1282 2.5
      vertex 61.6357 -38.1651 0
      vertex 61.5377 -38.1282 0
    endloop
  endfacet
  facet normal 0.412508 0.910954 -0
    outer loop
      vertex 61.5377 -38.1282 0
      vertex 61.4423 -38.085 2.5
      vertex 61.5377 -38.1282 2.5
    endloop
  endfacet
  facet normal 0.412508 0.910954 0
    outer loop
      vertex 61.4423 -38.085 2.5
      vertex 61.5377 -38.1282 0
      vertex 61.4423 -38.085 0
    endloop
  endfacet
  facet normal 0.471877 0.881665 -0
    outer loop
      vertex 61.4423 -38.085 0
      vertex 61.35 -38.0356 2.5
      vertex 61.4423 -38.085 2.5
    endloop
  endfacet
  facet normal 0.471877 0.881665 0
    outer loop
      vertex 61.35 -38.0356 2.5
      vertex 61.4423 -38.085 0
      vertex 61.35 -38.0356 0
    endloop
  endfacet
  facet normal 0.528195 0.849123 -0
    outer loop
      vertex 61.35 -38.0356 0
      vertex 61.2611 -37.9803 2.5
      vertex 61.35 -38.0356 2.5
    endloop
  endfacet
  facet normal 0.528195 0.849123 0
    outer loop
      vertex 61.2611 -37.9803 2.5
      vertex 61.35 -38.0356 0
      vertex 61.2611 -37.9803 0
    endloop
  endfacet
  facet normal 0.581961 0.813217 -0
    outer loop
      vertex 61.2611 -37.9803 0
      vertex 61.176 -37.9194 2.5
      vertex 61.2611 -37.9803 2.5
    endloop
  endfacet
  facet normal 0.581961 0.813217 0
    outer loop
      vertex 61.176 -37.9194 2.5
      vertex 61.2611 -37.9803 0
      vertex 61.176 -37.9194 0
    endloop
  endfacet
  facet normal 0.634536 0.772893 -0
    outer loop
      vertex 61.176 -37.9194 0
      vertex 61.095 -37.8529 2.5
      vertex 61.176 -37.9194 2.5
    endloop
  endfacet
  facet normal 0.634536 0.772893 0
    outer loop
      vertex 61.095 -37.8529 2.5
      vertex 61.176 -37.9194 0
      vertex 61.095 -37.8529 0
    endloop
  endfacet
  facet normal 0.683305 0.730133 -0
    outer loop
      vertex 61.095 -37.8529 0
      vertex 61.0186 -37.7814 2.5
      vertex 61.095 -37.8529 2.5
    endloop
  endfacet
  facet normal 0.683305 0.730133 0
    outer loop
      vertex 61.0186 -37.7814 2.5
      vertex 61.095 -37.8529 0
      vertex 61.0186 -37.7814 0
    endloop
  endfacet
  facet normal 0.730579 0.682828 0
    outer loop
      vertex 61.0186 -37.7814 2.5
      vertex 60.9471 -37.7049 0
      vertex 60.9471 -37.7049 2.5
    endloop
  endfacet
  facet normal 0.730579 0.682828 0
    outer loop
      vertex 60.9471 -37.7049 0
      vertex 61.0186 -37.7814 2.5
      vertex 61.0186 -37.7814 0
    endloop
  endfacet
  facet normal 0.772509 0.635004 0
    outer loop
      vertex 60.9471 -37.7049 2.5
      vertex 60.8806 -37.624 0
      vertex 60.8806 -37.624 2.5
    endloop
  endfacet
  facet normal 0.772509 0.635004 0
    outer loop
      vertex 60.8806 -37.624 0
      vertex 60.9471 -37.7049 2.5
      vertex 60.9471 -37.7049 0
    endloop
  endfacet
  facet normal 0.812764 0.582593 0
    outer loop
      vertex 60.8806 -37.624 2.5
      vertex 60.8196 -37.5389 0
      vertex 60.8196 -37.5389 2.5
    endloop
  endfacet
  facet normal 0.812764 0.582593 0
    outer loop
      vertex 60.8196 -37.5389 0
      vertex 60.8806 -37.624 2.5
      vertex 60.8806 -37.624 0
    endloop
  endfacet
  facet normal 0.849552 0.527506 0
    outer loop
      vertex 60.8196 -37.5389 2.5
      vertex 60.7644 -37.45 0
      vertex 60.7644 -37.45 2.5
    endloop
  endfacet
  facet normal 0.849552 0.527506 0
    outer loop
      vertex 60.7644 -37.45 0
      vertex 60.8196 -37.5389 2.5
      vertex 60.8196 -37.5389 0
    endloop
  endfacet
  facet normal 0.881665 0.471877 0
    outer loop
      vertex 60.7644 -37.45 2.5
      vertex 60.715 -37.3577 0
      vertex 60.715 -37.3577 2.5
    endloop
  endfacet
  facet normal 0.881665 0.471877 0
    outer loop
      vertex 60.715 -37.3577 0
      vertex 60.7644 -37.45 2.5
      vertex 60.7644 -37.45 0
    endloop
  endfacet
  facet normal 0.910954 0.412508 0
    outer loop
      vertex 60.715 -37.3577 2.5
      vertex 60.6718 -37.2623 0
      vertex 60.6718 -37.2623 2.5
    endloop
  endfacet
  facet normal 0.910954 0.412508 0
    outer loop
      vertex 60.6718 -37.2623 0
      vertex 60.715 -37.3577 2.5
      vertex 60.715 -37.3577 0
    endloop
  endfacet
  facet normal 0.935857 0.352379 0
    outer loop
      vertex 60.6718 -37.2623 2.5
      vertex 60.6349 -37.1643 0
      vertex 60.6349 -37.1643 2.5
    endloop
  endfacet
  facet normal 0.935857 0.352379 0
    outer loop
      vertex 60.6349 -37.1643 0
      vertex 60.6718 -37.2623 2.5
      vertex 60.6718 -37.2623 0
    endloop
  endfacet
  facet normal 0.956928 0.290325 0
    outer loop
      vertex 60.6349 -37.1643 2.5
      vertex 60.6045 -37.0641 0
      vertex 60.6045 -37.0641 2.5
    endloop
  endfacet
  facet normal 0.956928 0.290325 0
    outer loop
      vertex 60.6045 -37.0641 0
      vertex 60.6349 -37.1643 2.5
      vertex 60.6349 -37.1643 0
    endloop
  endfacet
  facet normal 0.973841 0.22723 0
    outer loop
      vertex 60.6045 -37.0641 2.5
      vertex 60.5807 -36.9621 0
      vertex 60.5807 -36.9621 2.5
    endloop
  endfacet
  facet normal 0.973841 0.22723 0
    outer loop
      vertex 60.5807 -36.9621 0
      vertex 60.6045 -37.0641 2.5
      vertex 60.6045 -37.0641 0
    endloop
  endfacet
  facet normal 0.986727 0.162385 0
    outer loop
      vertex 60.5807 -36.9621 2.5
      vertex 60.5637 -36.8588 0
      vertex 60.5637 -36.8588 2.5
    endloop
  endfacet
  facet normal 0.986727 0.162385 0
    outer loop
      vertex 60.5637 -36.8588 0
      vertex 60.5807 -36.9621 2.5
      vertex 60.5807 -36.9621 0
    endloop
  endfacet
  facet normal 0.99515 0.098369 0
    outer loop
      vertex 60.5637 -36.8588 2.5
      vertex 60.5534 -36.7546 0
      vertex 60.5534 -36.7546 2.5
    endloop
  endfacet
  facet normal 0.99515 0.098369 0
    outer loop
      vertex 60.5534 -36.7546 0
      vertex 60.5637 -36.8588 2.5
      vertex 60.5637 -36.8588 0
    endloop
  endfacet
  facet normal 0.999472 0.0324876 0
    outer loop
      vertex 60.5534 -36.7546 2.5
      vertex 60.55 -36.65 0
      vertex 60.55 -36.65 2.5
    endloop
  endfacet
  facet normal 0.999472 0.0324876 0
    outer loop
      vertex 60.55 -36.65 0
      vertex 60.5534 -36.7546 2.5
      vertex 60.5534 -36.7546 0
    endloop
  endfacet
  facet normal 0.999473 -0.0324566 0
    outer loop
      vertex 60.55 -36.65 2.5
      vertex 60.5534 -36.5453 0
      vertex 60.5534 -36.5453 2.5
    endloop
  endfacet
  facet normal 0.999473 -0.0324566 0
    outer loop
      vertex 60.5534 -36.5453 0
      vertex 60.55 -36.65 2.5
      vertex 60.55 -36.65 0
    endloop
  endfacet
  facet normal 0.99515 -0.098369 0
    outer loop
      vertex 60.5534 -36.5453 2.5
      vertex 60.5637 -36.4411 0
      vertex 60.5637 -36.4411 2.5
    endloop
  endfacet
  facet normal 0.99515 -0.098369 0
    outer loop
      vertex 60.5637 -36.4411 0
      vertex 60.5534 -36.5453 2.5
      vertex 60.5534 -36.5453 0
    endloop
  endfacet
  facet normal 0.986727 -0.162385 0
    outer loop
      vertex 60.5637 -36.4411 2.5
      vertex 60.5807 -36.3378 0
      vertex 60.5807 -36.3378 2.5
    endloop
  endfacet
  facet normal 0.986727 -0.162385 0
    outer loop
      vertex 60.5807 -36.3378 0
      vertex 60.5637 -36.4411 2.5
      vertex 60.5637 -36.4411 0
    endloop
  endfacet
  facet normal 0.973792 -0.227441 0
    outer loop
      vertex 60.5807 -36.3378 2.5
      vertex 60.6045 -36.2359 0
      vertex 60.6045 -36.2359 2.5
    endloop
  endfacet
  facet normal 0.973792 -0.227441 0
    outer loop
      vertex 60.6045 -36.2359 0
      vertex 60.5807 -36.3378 2.5
      vertex 60.5807 -36.3378 0
    endloop
  endfacet
  facet normal 0.956928 -0.290325 0
    outer loop
      vertex 60.6045 -36.2359 2.5
      vertex 60.6349 -36.1357 0
      vertex 60.6349 -36.1357 2.5
    endloop
  endfacet
  facet normal 0.956928 -0.290325 0
    outer loop
      vertex 60.6349 -36.1357 0
      vertex 60.6045 -36.2359 2.5
      vertex 60.6045 -36.2359 0
    endloop
  endfacet
  facet normal 0.935857 -0.352379 0
    outer loop
      vertex 60.6349 -36.1357 2.5
      vertex 60.6718 -36.0377 0
      vertex 60.6718 -36.0377 2.5
    endloop
  endfacet
  facet normal 0.935857 -0.352379 0
    outer loop
      vertex 60.6718 -36.0377 0
      vertex 60.6349 -36.1357 2.5
      vertex 60.6349 -36.1357 0
    endloop
  endfacet
  facet normal 0.910954 -0.412508 0
    outer loop
      vertex 60.6718 -36.0377 2.5
      vertex 60.715 -35.9423 0
      vertex 60.715 -35.9423 2.5
    endloop
  endfacet
  facet normal 0.910954 -0.412508 0
    outer loop
      vertex 60.715 -35.9423 0
      vertex 60.6718 -36.0377 2.5
      vertex 60.6718 -36.0377 0
    endloop
  endfacet
  facet normal 0.881665 -0.471877 0
    outer loop
      vertex 60.715 -35.9423 2.5
      vertex 60.7644 -35.85 0
      vertex 60.7644 -35.85 2.5
    endloop
  endfacet
  facet normal 0.881665 -0.471877 0
    outer loop
      vertex 60.7644 -35.85 0
      vertex 60.715 -35.9423 2.5
      vertex 60.715 -35.9423 0
    endloop
  endfacet
  facet normal 0.849552 -0.527506 0
    outer loop
      vertex 60.7644 -35.85 2.5
      vertex 60.8196 -35.7611 0
      vertex 60.8196 -35.7611 2.5
    endloop
  endfacet
  facet normal 0.849552 -0.527506 0
    outer loop
      vertex 60.8196 -35.7611 0
      vertex 60.7644 -35.85 2.5
      vertex 60.7644 -35.85 0
    endloop
  endfacet
  facet normal 0.812764 -0.582593 0
    outer loop
      vertex 60.8196 -35.7611 2.5
      vertex 60.8806 -35.676 0
      vertex 60.8806 -35.676 2.5
    endloop
  endfacet
  facet normal 0.812764 -0.582593 0
    outer loop
      vertex 60.8806 -35.676 0
      vertex 60.8196 -35.7611 2.5
      vertex 60.8196 -35.7611 0
    endloop
  endfacet
  facet normal 0.772893 -0.634536 0
    outer loop
      vertex 60.8806 -35.676 2.5
      vertex 60.9471 -35.595 0
      vertex 60.9471 -35.595 2.5
    endloop
  endfacet
  facet normal 0.772893 -0.634536 0
    outer loop
      vertex 60.9471 -35.595 0
      vertex 60.8806 -35.676 2.5
      vertex 60.8806 -35.676 0
    endloop
  endfacet
  facet normal 0.730133 -0.683305 0
    outer loop
      vertex 60.9471 -35.595 2.5
      vertex 61.0186 -35.5186 0
      vertex 61.0186 -35.5186 2.5
    endloop
  endfacet
  facet normal 0.730133 -0.683305 0
    outer loop
      vertex 61.0186 -35.5186 0
      vertex 60.9471 -35.595 2.5
      vertex 60.9471 -35.595 0
    endloop
  endfacet
  facet normal 0.683305 -0.730133 0
    outer loop
      vertex 61.0186 -35.5186 0
      vertex 61.095 -35.4471 2.5
      vertex 61.0186 -35.5186 2.5
    endloop
  endfacet
  facet normal 0.683305 -0.730133 0
    outer loop
      vertex 61.095 -35.4471 2.5
      vertex 61.0186 -35.5186 0
      vertex 61.095 -35.4471 0
    endloop
  endfacet
  facet normal 0.634536 -0.772893 0
    outer loop
      vertex 61.095 -35.4471 0
      vertex 61.176 -35.3806 2.5
      vertex 61.095 -35.4471 2.5
    endloop
  endfacet
  facet normal 0.634536 -0.772893 0
    outer loop
      vertex 61.176 -35.3806 2.5
      vertex 61.095 -35.4471 0
      vertex 61.176 -35.3806 0
    endloop
  endfacet
  facet normal 0.582593 -0.812764 0
    outer loop
      vertex 61.176 -35.3806 0
      vertex 61.2611 -35.3196 2.5
      vertex 61.176 -35.3806 2.5
    endloop
  endfacet
  facet normal 0.582593 -0.812764 0
    outer loop
      vertex 61.2611 -35.3196 2.5
      vertex 61.176 -35.3806 0
      vertex 61.2611 -35.3196 0
    endloop
  endfacet
  facet normal 0.527506 -0.849552 0
    outer loop
      vertex 61.2611 -35.3196 0
      vertex 61.35 -35.2644 2.5
      vertex 61.2611 -35.3196 2.5
    endloop
  endfacet
  facet normal 0.527506 -0.849552 0
    outer loop
      vertex 61.35 -35.2644 2.5
      vertex 61.2611 -35.3196 0
      vertex 61.35 -35.2644 0
    endloop
  endfacet
  facet normal 0.471877 -0.881665 0
    outer loop
      vertex 61.35 -35.2644 0
      vertex 61.4423 -35.215 2.5
      vertex 61.35 -35.2644 2.5
    endloop
  endfacet
  facet normal 0.471877 -0.881665 0
    outer loop
      vertex 61.4423 -35.215 2.5
      vertex 61.35 -35.2644 0
      vertex 61.4423 -35.215 0
    endloop
  endfacet
  facet normal 0.412508 -0.910954 0
    outer loop
      vertex 61.4423 -35.215 0
      vertex 61.5377 -35.1718 2.5
      vertex 61.4423 -35.215 2.5
    endloop
  endfacet
  facet normal 0.412508 -0.910954 0
    outer loop
      vertex 61.5377 -35.1718 2.5
      vertex 61.4423 -35.215 0
      vertex 61.5377 -35.1718 0
    endloop
  endfacet
  facet normal 0.352379 -0.935857 0
    outer loop
      vertex 61.5377 -35.1718 0
      vertex 61.6357 -35.1349 2.5
      vertex 61.5377 -35.1718 2.5
    endloop
  endfacet
  facet normal 0.352379 -0.935857 0
    outer loop
      vertex 61.6357 -35.1349 2.5
      vertex 61.5377 -35.1718 0
      vertex 61.6357 -35.1349 0
    endloop
  endfacet
  facet normal 0.290325 -0.956928 0
    outer loop
      vertex 61.6357 -35.1349 0
      vertex 61.7359 -35.1045 2.5
      vertex 61.6357 -35.1349 2.5
    endloop
  endfacet
  facet normal 0.290325 -0.956928 0
    outer loop
      vertex 61.7359 -35.1045 2.5
      vertex 61.6357 -35.1349 0
      vertex 61.7359 -35.1045 0
    endloop
  endfacet
  facet normal 0.227441 -0.973792 0
    outer loop
      vertex 61.7359 -35.1045 0
      vertex 61.8378 -35.0807 2.5
      vertex 61.7359 -35.1045 2.5
    endloop
  endfacet
  facet normal 0.227441 -0.973792 0
    outer loop
      vertex 61.8378 -35.0807 2.5
      vertex 61.7359 -35.1045 0
      vertex 61.8378 -35.0807 0
    endloop
  endfacet
  facet normal 0.162385 -0.986727 0
    outer loop
      vertex 61.8378 -35.0807 0
      vertex 61.9411 -35.0637 2.5
      vertex 61.8378 -35.0807 2.5
    endloop
  endfacet
  facet normal 0.162385 -0.986727 0
    outer loop
      vertex 61.9411 -35.0637 2.5
      vertex 61.8378 -35.0807 0
      vertex 61.9411 -35.0637 0
    endloop
  endfacet
  facet normal 0.098369 -0.99515 0
    outer loop
      vertex 61.9411 -35.0637 0
      vertex 62.0453 -35.0534 2.5
      vertex 61.9411 -35.0637 2.5
    endloop
  endfacet
  facet normal 0.098369 -0.99515 0
    outer loop
      vertex 62.0453 -35.0534 2.5
      vertex 61.9411 -35.0637 0
      vertex 62.0453 -35.0534 0
    endloop
  endfacet
  facet normal 0.0324566 -0.999473 0
    outer loop
      vertex 62.0453 -35.0534 0
      vertex 62.15 -35.05 2.5
      vertex 62.0453 -35.0534 2.5
    endloop
  endfacet
  facet normal 0.0324566 -0.999473 0
    outer loop
      vertex 62.15 -35.05 2.5
      vertex 62.0453 -35.0534 0
      vertex 62.15 -35.05 0
    endloop
  endfacet
  facet normal 0 -1 0
    outer loop
      vertex 62.15 -35.05 0
      vertex 64.85 -35.05 2.5
      vertex 62.15 -35.05 2.5
    endloop
  endfacet
  facet normal 0 -1 -0
    outer loop
      vertex 64.85 -35.05 2.5
      vertex 62.15 -35.05 0
      vertex 64.85 -35.05 0
    endloop
  endfacet
  facet normal -0.0324876 -0.999472 0
    outer loop
      vertex 64.85 -35.05 0
      vertex 64.9546 -35.0534 2.5
      vertex 64.85 -35.05 2.5
    endloop
  endfacet
  facet normal -0.0324876 -0.999472 -0
    outer loop
      vertex 64.9546 -35.0534 2.5
      vertex 64.85 -35.05 0
      vertex 64.9546 -35.0534 0
    endloop
  endfacet
  facet normal -0.098369 -0.99515 0
    outer loop
      vertex 64.9546 -35.0534 0
      vertex 65.0588 -35.0637 2.5
      vertex 64.9546 -35.0534 2.5
    endloop
  endfacet
  facet normal -0.098369 -0.99515 -0
    outer loop
      vertex 65.0588 -35.0637 2.5
      vertex 64.9546 -35.0534 0
      vertex 65.0588 -35.0637 0
    endloop
  endfacet
  facet normal -0.162385 -0.986727 0
    outer loop
      vertex 65.0588 -35.0637 0
      vertex 65.1621 -35.0807 2.5
      vertex 65.0588 -35.0637 2.5
    endloop
  endfacet
  facet normal -0.162385 -0.986727 -0
    outer loop
      vertex 65.1621 -35.0807 2.5
      vertex 65.0588 -35.0637 0
      vertex 65.1621 -35.0807 0
    endloop
  endfacet
  facet normal -0.22723 -0.973841 0
    outer loop
      vertex 65.1621 -35.0807 0
      vertex 65.2641 -35.1045 2.5
      vertex 65.1621 -35.0807 2.5
    endloop
  endfacet
  facet normal -0.22723 -0.973841 -0
    outer loop
      vertex 65.2641 -35.1045 2.5
      vertex 65.1621 -35.0807 0
      vertex 65.2641 -35.1045 0
    endloop
  endfacet
  facet normal -0.290325 -0.956928 0
    outer loop
      vertex 65.2641 -35.1045 0
      vertex 65.3643 -35.1349 2.5
      vertex 65.2641 -35.1045 2.5
    endloop
  endfacet
  facet normal -0.290325 -0.956928 -0
    outer loop
      vertex 65.3643 -35.1349 2.5
      vertex 65.2641 -35.1045 0
      vertex 65.3643 -35.1349 0
    endloop
  endfacet
  facet normal -0.352379 -0.935857 0
    outer loop
      vertex 65.3643 -35.1349 0
      vertex 65.4623 -35.1718 2.5
      vertex 65.3643 -35.1349 2.5
    endloop
  endfacet
  facet normal -0.352379 -0.935857 -0
    outer loop
      vertex 65.4623 -35.1718 2.5
      vertex 65.3643 -35.1349 0
      vertex 65.4623 -35.1718 0
    endloop
  endfacet
  facet normal -0.412867 -0.910791 0
    outer loop
      vertex 65.4623 -35.1718 0
      vertex 65.5576 -35.215 2.5
      vertex 65.4623 -35.1718 2.5
    endloop
  endfacet
  facet normal -0.412867 -0.910791 -0
    outer loop
      vertex 65.5576 -35.215 2.5
      vertex 65.4623 -35.1718 0
      vertex 65.5576 -35.215 0
    endloop
  endfacet
  facet normal -0.47148 -0.881877 0
    outer loop
      vertex 65.5576 -35.215 0
      vertex 65.65 -35.2644 2.5
      vertex 65.5576 -35.215 2.5
    endloop
  endfacet
  facet normal -0.47148 -0.881877 -0
    outer loop
      vertex 65.65 -35.2644 2.5
      vertex 65.5576 -35.215 0
      vertex 65.65 -35.2644 0
    endloop
  endfacet
  facet normal -0.527506 -0.849552 0
    outer loop
      vertex 65.65 -35.2644 0
      vertex 65.7389 -35.3196 2.5
      vertex 65.65 -35.2644 2.5
    endloop
  endfacet
  facet normal -0.527506 -0.849552 -0
    outer loop
      vertex 65.7389 -35.3196 2.5
      vertex 65.65 -35.2644 0
      vertex 65.7389 -35.3196 0
    endloop
  endfacet
  facet normal -0.582593 -0.812764 0
    outer loop
      vertex 65.7389 -35.3196 0
      vertex 65.824 -35.3806 2.5
      vertex 65.7389 -35.3196 2.5
    endloop
  endfacet
  facet normal -0.582593 -0.812764 -0
    outer loop
      vertex 65.824 -35.3806 2.5
      vertex 65.7389 -35.3196 0
      vertex 65.824 -35.3806 0
    endloop
  endfacet
  facet normal -0.634536 -0.772893 0
    outer loop
      vertex 65.824 -35.3806 0
      vertex 65.905 -35.4471 2.5
      vertex 65.824 -35.3806 2.5
    endloop
  endfacet
  facet normal -0.634536 -0.772893 -0
    outer loop
      vertex 65.905 -35.4471 2.5
      vertex 65.824 -35.3806 0
      vertex 65.905 -35.4471 0
    endloop
  endfacet
  facet normal -0.683305 -0.730133 0
    outer loop
      vertex 65.905 -35.4471 0
      vertex 65.9814 -35.5186 2.5
      vertex 65.905 -35.4471 2.5
    endloop
  endfacet
  facet normal -0.683305 -0.730133 -0
    outer loop
      vertex 65.9814 -35.5186 2.5
      vertex 65.905 -35.4471 0
      vertex 65.9814 -35.5186 0
    endloop
  endfacet
  facet normal -0.730133 -0.683305 0
    outer loop
      vertex 66.0529 -35.595 0
      vertex 65.9814 -35.5186 2.5
      vertex 65.9814 -35.5186 0
    endloop
  endfacet
  facet normal -0.730133 -0.683305 0
    outer loop
      vertex 65.9814 -35.5186 2.5
      vertex 66.0529 -35.595 0
      vertex 66.0529 -35.595 2.5
    endloop
  endfacet
  facet normal -0.772893 -0.634536 0
    outer loop
      vertex 66.1194 -35.676 0
      vertex 66.0529 -35.595 2.5
      vertex 66.0529 -35.595 0
    endloop
  endfacet
  facet normal -0.772893 -0.634536 0
    outer loop
      vertex 66.0529 -35.595 2.5
      vertex 66.1194 -35.676 0
      vertex 66.1194 -35.676 2.5
    endloop
  endfacet
  facet normal -0.813217 -0.581961 0
    outer loop
      vertex 66.1803 -35.7611 0
      vertex 66.1194 -35.676 2.5
      vertex 66.1194 -35.676 0
    endloop
  endfacet
  facet normal -0.813217 -0.581961 0
    outer loop
      vertex 66.1194 -35.676 2.5
      vertex 66.1803 -35.7611 0
      vertex 66.1803 -35.7611 2.5
    endloop
  endfacet
  facet normal -0.849123 -0.528195 0
    outer loop
      vertex 66.2356 -35.85 0
      vertex 66.1803 -35.7611 2.5
      vertex 66.1803 -35.7611 0
    endloop
  endfacet
  facet normal -0.849123 -0.528195 0
    outer loop
      vertex 66.1803 -35.7611 2.5
      vertex 66.2356 -35.85 0
      vertex 66.2356 -35.85 2.5
    endloop
  endfacet
  facet normal -0.881665 -0.471877 0
    outer loop
      vertex 66.285 -35.9423 0
      vertex 66.2356 -35.85 2.5
      vertex 66.2356 -35.85 0
    endloop
  endfacet
  facet normal -0.881665 -0.471877 0
    outer loop
      vertex 66.2356 -35.85 2.5
      vertex 66.285 -35.9423 0
      vertex 66.285 -35.9423 2.5
    endloop
  endfacet
  facet normal -0.910954 -0.412508 0
    outer loop
      vertex 66.3282 -36.0377 0
      vertex 66.285 -35.9423 2.5
      vertex 66.285 -35.9423 0
    endloop
  endfacet
  facet normal -0.910954 -0.412508 0
    outer loop
      vertex 66.285 -35.9423 2.5
      vertex 66.3282 -36.0377 0
      vertex 66.3282 -36.0377 2.5
    endloop
  endfacet
  facet normal -0.935857 -0.352379 0
    outer loop
      vertex 66.3651 -36.1357 0
      vertex 66.3282 -36.0377 2.5
      vertex 66.3282 -36.0377 0
    endloop
  endfacet
  facet normal -0.935857 -0.352379 0
    outer loop
      vertex 66.3282 -36.0377 2.5
      vertex 66.3651 -36.1357 0
      vertex 66.3651 -36.1357 2.5
    endloop
  endfacet
  facet normal -0.956928 -0.290325 0
    outer loop
      vertex 66.3955 -36.2359 0
      vertex 66.3651 -36.1357 2.5
      vertex 66.3651 -36.1357 0
    endloop
  endfacet
  facet normal -0.956928 -0.290325 0
    outer loop
      vertex 66.3651 -36.1357 2.5
      vertex 66.3955 -36.2359 0
      vertex 66.3955 -36.2359 2.5
    endloop
  endfacet
  facet normal -0.973792 -0.227441 0
    outer loop
      vertex 66.4193 -36.3378 0
      vertex 66.3955 -36.2359 2.5
      vertex 66.3955 -36.2359 0
    endloop
  endfacet
  facet normal -0.973792 -0.227441 0
    outer loop
      vertex 66.3955 -36.2359 2.5
      vertex 66.4193 -36.3378 0
      vertex 66.4193 -36.3378 2.5
    endloop
  endfacet
  facet normal -0.986727 -0.162385 0
    outer loop
      vertex 66.4363 -36.4411 0
      vertex 66.4193 -36.3378 2.5
      vertex 66.4193 -36.3378 0
    endloop
  endfacet
  facet normal -0.986727 -0.162385 0
    outer loop
      vertex 66.4193 -36.3378 2.5
      vertex 66.4363 -36.4411 0
      vertex 66.4363 -36.4411 2.5
    endloop
  endfacet
  facet normal -0.99515 -0.098369 0
    outer loop
      vertex 66.4466 -36.5453 0
      vertex 66.4363 -36.4411 2.5
      vertex 66.4363 -36.4411 0
    endloop
  endfacet
  facet normal -0.99515 -0.098369 0
    outer loop
      vertex 66.4363 -36.4411 2.5
      vertex 66.4466 -36.5453 0
      vertex 66.4466 -36.5453 2.5
    endloop
  endfacet
  facet normal -0.999473 -0.0324566 0
    outer loop
      vertex 66.45 -36.65 0
      vertex 66.4466 -36.5453 2.5
      vertex 66.4466 -36.5453 0
    endloop
  endfacet
  facet normal -0.999473 -0.0324566 0
    outer loop
      vertex 66.4466 -36.5453 2.5
      vertex 66.45 -36.65 0
      vertex 66.45 -36.65 2.5
    endloop
  endfacet
  facet normal -0.999472 0.0324876 0
    outer loop
      vertex 66.4466 -36.7546 0
      vertex 66.45 -36.65 2.5
      vertex 66.45 -36.65 0
    endloop
  endfacet
  facet normal -0.999472 0.0324876 0
    outer loop
      vertex 66.45 -36.65 2.5
      vertex 66.4466 -36.7546 0
      vertex 66.4466 -36.7546 2.5
    endloop
  endfacet
  facet normal -0.99515 0.098369 0
    outer loop
      vertex 66.4363 -36.8588 0
      vertex 66.4466 -36.7546 2.5
      vertex 66.4466 -36.7546 0
    endloop
  endfacet
  facet normal -0.99515 0.098369 0
    outer loop
      vertex 66.4466 -36.7546 2.5
      vertex 66.4363 -36.8588 0
      vertex 66.4363 -36.8588 2.5
    endloop
  endfacet
  facet normal -0.986727 0.162385 0
    outer loop
      vertex 66.4193 -36.9621 0
      vertex 66.4363 -36.8588 2.5
      vertex 66.4363 -36.8588 0
    endloop
  endfacet
  facet normal -0.986727 0.162385 0
    outer loop
      vertex 66.4363 -36.8588 2.5
      vertex 66.4193 -36.9621 0
      vertex 66.4193 -36.9621 2.5
    endloop
  endfacet
  facet normal -0.973841 0.22723 0
    outer loop
      vertex 66.3955 -37.0641 0
      vertex 66.4193 -36.9621 2.5
      vertex 66.4193 -36.9621 0
    endloop
  endfacet
  facet normal -0.973841 0.22723 0
    outer loop
      vertex 66.4193 -36.9621 2.5
      vertex 66.3955 -37.0641 0
      vertex 66.3955 -37.0641 2.5
    endloop
  endfacet
  facet normal -0.956928 0.290325 0
    outer loop
      vertex 66.3651 -37.1643 0
      vertex 66.3955 -37.0641 2.5
      vertex 66.3955 -37.0641 0
    endloop
  endfacet
  facet normal -0.956928 0.290325 0
    outer loop
      vertex 66.3955 -37.0641 2.5
      vertex 66.3651 -37.1643 0
      vertex 66.3651 -37.1643 2.5
    endloop
  endfacet
  facet normal -0.935857 0.352379 0
    outer loop
      vertex 66.3282 -37.2623 0
      vertex 66.3651 -37.1643 2.5
      vertex 66.3651 -37.1643 0
    endloop
  endfacet
  facet normal -0.935857 0.352379 0
    outer loop
      vertex 66.3651 -37.1643 2.5
      vertex 66.3282 -37.2623 0
      vertex 66.3282 -37.2623 2.5
    endloop
  endfacet
  facet normal -0.910954 0.412508 0
    outer loop
      vertex 66.285 -37.3577 0
      vertex 66.3282 -37.2623 2.5
      vertex 66.3282 -37.2623 0
    endloop
  endfacet
  facet normal -0.910954 0.412508 0
    outer loop
      vertex 66.3282 -37.2623 2.5
      vertex 66.285 -37.3577 0
      vertex 66.285 -37.3577 2.5
    endloop
  endfacet
  facet normal -0.881665 0.471877 0
    outer loop
      vertex 66.2356 -37.45 0
      vertex 66.285 -37.3577 2.5
      vertex 66.285 -37.3577 0
    endloop
  endfacet
  facet normal -0.881665 0.471877 0
    outer loop
      vertex 66.285 -37.3577 2.5
      vertex 66.2356 -37.45 0
      vertex 66.2356 -37.45 2.5
    endloop
  endfacet
  facet normal -0.849123 0.528195 0
    outer loop
      vertex 66.1803 -37.5389 0
      vertex 66.2356 -37.45 2.5
      vertex 66.2356 -37.45 0
    endloop
  endfacet
  facet normal -0.849123 0.528195 0
    outer loop
      vertex 66.2356 -37.45 2.5
      vertex 66.1803 -37.5389 0
      vertex 66.1803 -37.5389 2.5
    endloop
  endfacet
  facet normal -0.813217 0.581961 0
    outer loop
      vertex 66.1194 -37.624 0
      vertex 66.1803 -37.5389 2.5
      vertex 66.1803 -37.5389 0
    endloop
  endfacet
  facet normal -0.813217 0.581961 0
    outer loop
      vertex 66.1803 -37.5389 2.5
      vertex 66.1194 -37.624 0
      vertex 66.1194 -37.624 2.5
    endloop
  endfacet
  facet normal -0.772509 0.635004 0
    outer loop
      vertex 66.0529 -37.7049 0
      vertex 66.1194 -37.624 2.5
      vertex 66.1194 -37.624 0
    endloop
  endfacet
  facet normal -0.772509 0.635004 0
    outer loop
      vertex 66.1194 -37.624 2.5
      vertex 66.0529 -37.7049 0
      vertex 66.0529 -37.7049 2.5
    endloop
  endfacet
  facet normal -0.730579 0.682828 0
    outer loop
      vertex 65.9814 -37.7814 0
      vertex 66.0529 -37.7049 2.5
      vertex 66.0529 -37.7049 0
    endloop
  endfacet
  facet normal -0.730579 0.682828 0
    outer loop
      vertex 66.0529 -37.7049 2.5
      vertex 65.9814 -37.7814 0
      vertex 65.9814 -37.7814 2.5
    endloop
  endfacet
  facet normal -0.683305 0.730133 0
    outer loop
      vertex 65.9814 -37.7814 0
      vertex 65.905 -37.8529 2.5
      vertex 65.9814 -37.7814 2.5
    endloop
  endfacet
  facet normal -0.683305 0.730133 0
    outer loop
      vertex 65.905 -37.8529 2.5
      vertex 65.9814 -37.7814 0
      vertex 65.905 -37.8529 0
    endloop
  endfacet
  facet normal -0.634536 0.772893 0
    outer loop
      vertex 65.905 -37.8529 0
      vertex 65.824 -37.9194 2.5
      vertex 65.905 -37.8529 2.5
    endloop
  endfacet
  facet normal -0.634536 0.772893 0
    outer loop
      vertex 65.824 -37.9194 2.5
      vertex 65.905 -37.8529 0
      vertex 65.824 -37.9194 0
    endloop
  endfacet
  facet normal -0.581961 0.813217 0
    outer loop
      vertex 65.824 -37.9194 0
      vertex 65.7389 -37.9803 2.5
      vertex 65.824 -37.9194 2.5
    endloop
  endfacet
  facet normal -0.581961 0.813217 0
    outer loop
      vertex 65.7389 -37.9803 2.5
      vertex 65.824 -37.9194 0
      vertex 65.7389 -37.9803 0
    endloop
  endfacet
  facet normal -0.528195 0.849123 0
    outer loop
      vertex 65.7389 -37.9803 0
      vertex 65.65 -38.0356 2.5
      vertex 65.7389 -37.9803 2.5
    endloop
  endfacet
  facet normal -0.528195 0.849123 0
    outer loop
      vertex 65.65 -38.0356 2.5
      vertex 65.7389 -37.9803 0
      vertex 65.65 -38.0356 0
    endloop
  endfacet
  facet normal -0.47148 0.881877 0
    outer loop
      vertex 65.65 -38.0356 0
      vertex 65.5576 -38.085 2.5
      vertex 65.65 -38.0356 2.5
    endloop
  endfacet
  facet normal -0.47148 0.881877 0
    outer loop
      vertex 65.5576 -38.085 2.5
      vertex 65.65 -38.0356 0
      vertex 65.5576 -38.085 0
    endloop
  endfacet
  facet normal -0.412867 0.910791 0
    outer loop
      vertex 65.5576 -38.085 0
      vertex 65.4623 -38.1282 2.5
      vertex 65.5576 -38.085 2.5
    endloop
  endfacet
  facet normal -0.412867 0.910791 0
    outer loop
      vertex 65.4623 -38.1282 2.5
      vertex 65.5576 -38.085 0
      vertex 65.4623 -38.1282 0
    endloop
  endfacet
  facet normal -0.352379 0.935857 0
    outer loop
      vertex 65.4623 -38.1282 0
      vertex 65.3643 -38.1651 2.5
      vertex 65.4623 -38.1282 2.5
    endloop
  endfacet
  facet normal -0.352379 0.935857 0
    outer loop
      vertex 65.3643 -38.1651 2.5
      vertex 65.4623 -38.1282 0
      vertex 65.3643 -38.1651 0
    endloop
  endfacet
  facet normal -0.290325 0.956928 0
    outer loop
      vertex 65.3643 -38.1651 0
      vertex 65.2641 -38.1955 2.5
      vertex 65.3643 -38.1651 2.5
    endloop
  endfacet
  facet normal -0.290325 0.956928 0
    outer loop
      vertex 65.2641 -38.1955 2.5
      vertex 65.3643 -38.1651 0
      vertex 65.2641 -38.1955 0
    endloop
  endfacet
  facet normal -0.22723 0.973841 0
    outer loop
      vertex 65.2641 -38.1955 0
      vertex 65.1621 -38.2193 2.5
      vertex 65.2641 -38.1955 2.5
    endloop
  endfacet
  facet normal -0.22723 0.973841 0
    outer loop
      vertex 65.1621 -38.2193 2.5
      vertex 65.2641 -38.1955 0
      vertex 65.1621 -38.2193 0
    endloop
  endfacet
  facet normal -0.162385 0.986727 0
    outer loop
      vertex 65.1621 -38.2193 0
      vertex 65.0588 -38.2363 2.5
      vertex 65.1621 -38.2193 2.5
    endloop
  endfacet
  facet normal -0.162385 0.986727 0
    outer loop
      vertex 65.0588 -38.2363 2.5
      vertex 65.1621 -38.2193 0
      vertex 65.0588 -38.2363 0
    endloop
  endfacet
  facet normal -0.098369 0.99515 0
    outer loop
      vertex 65.0588 -38.2363 0
      vertex 64.9546 -38.2466 2.5
      vertex 65.0588 -38.2363 2.5
    endloop
  endfacet
  facet normal -0.098369 0.99515 0
    outer loop
      vertex 64.9546 -38.2466 2.5
      vertex 65.0588 -38.2363 0
      vertex 64.9546 -38.2466 0
    endloop
  endfacet
  facet normal -0.0324876 0.999472 0
    outer loop
      vertex 64.9546 -38.2466 0
      vertex 64.85 -38.25 2.5
      vertex 64.9546 -38.2466 2.5
    endloop
  endfacet
  facet normal -0.0324876 0.999472 0
    outer loop
      vertex 64.85 -38.25 2.5
      vertex 64.9546 -38.2466 0
      vertex 64.85 -38.25 0
    endloop
  endfacet
  facet normal 0 1 -0
    outer loop
      vertex 64.85 -38.25 0
      vertex 62.15 -38.25 2.5
      vertex 64.85 -38.25 2.5
    endloop
  endfacet
  facet normal 0 1 0
    outer loop
      vertex 62.15 -38.25 2.5
      vertex 64.85 -38.25 0
      vertex 62.15 -38.25 0
    endloop
  endfacet
  facet normal 1 -0 0
    outer loop
      vertex 0.889999 -35.15 2.5
      vertex 0.889999 -4.75 1.5
      vertex 0.889999 -4.75 2.5
    endloop
  endfacet
  facet normal 1 0 0
    outer loop
      vertex 0.889999 -4.75 1.5
      vertex 0.889999 -35.15 2.5
      vertex 0.889999 -35.15 1.5
    endloop
  endfacet
  facet normal -1 0 0
    outer loop
      vertex 54.29 -35.15 1.5
      vertex 54.29 -4.75 2.5
      vertex 54.29 -4.75 1.5
    endloop
  endfacet
  facet normal -1 -0 0
    outer loop
      vertex 54.29 -4.75 2.5
      vertex 54.29 -35.15 1.5
      vertex 54.29 -35.15 2.5
    endloop
  endfacet
  facet normal 0 -1 0
    outer loop
      vertex 0.889999 -4.75 1.5
      vertex 54.29 -4.75 2.5
      vertex 0.889999 -4.75 2.5
    endloop
  endfacet
  facet normal 0 -1 -0
    outer loop
      vertex 54.29 -4.75 2.5
      vertex 0.889999 -4.75 1.5
      vertex 54.29 -4.75 1.5
    endloop
  endfacet
  facet normal 0 0 1
    outer loop
      vertex 54.29 -4.75 1.5
      vertex 54.2775 -16.1475 1.5
      vertex 54.29 -35.15 1.5
    endloop
  endfacet
  facet normal 0 0 1
    outer loop
      vertex 54.29 -4.75 1.5
      vertex 47.6025 -16.1475 1.5
      vertex 54.2775 -16.1475 1.5
    endloop
  endfacet
  facet normal -0 0 1
    outer loop
      vertex 7.67999 -16.32 1.5
      vertex 47.6025 -23.3075 1.5
      vertex 47.6025 -16.1475 1.5
    endloop
  endfacet
  facet normal 0 0 1
    outer loop
      vertex 7.67999 -16.32 1.5
      vertex 47.6025 -16.1475 1.5
      vertex 54.29 -4.75 1.5
    endloop
  endfacet
  facet normal 0 0 1
    outer loop
      vertex 47.6025 -23.3075 1.5
      vertex 7.67999 -23.745 1.5
      vertex 9.52441 -35.15 1.5
    endloop
  endfacet
  facet normal 0 0 1
    outer loop
      vertex 9.52441 -35.15 1.5
      vertex 7.67999 -23.745 1.5
      vertex 9.4843 -35.1349 1.5
    endloop
  endfacet
  facet normal 0 0 1
    outer loop
      vertex 9.4843 -35.1349 1.5
      vertex 7.67999 -23.745 1.5
      vertex 9.38411 -35.1045 1.5
    endloop
  endfacet
  facet normal 0 0 1
    outer loop
      vertex 9.38411 -35.1045 1.5
      vertex 7.67999 -23.745 1.5
      vertex 9.28214 -35.0807 1.5
    endloop
  endfacet
  facet normal 0 0 1
    outer loop
      vertex 9.28214 -35.0807 1.5
      vertex 7.67999 -23.745 1.5
      vertex 9.17883 -35.0637 1.5
    endloop
  endfacet
  facet normal 0 0 1
    outer loop
      vertex 9.17883 -35.0637 1.5
      vertex 7.67999 -23.745 1.5
      vertex 9.07463 -35.0534 1.5
    endloop
  endfacet
  facet normal 0 0 1
    outer loop
      vertex 47.6025 -23.3075 1.5
      vertex 7.67999 -16.32 1.5
      vertex 7.67999 -23.745 1.5
    endloop
  endfacet
  facet normal -0 0 1
    outer loop
      vertex 0.889999 -4.75 1.5
      vertex 7.67999 -16.32 1.5
      vertex 54.29 -4.75 1.5
    endloop
  endfacet
  facet normal 0 0 1
    outer loop
      vertex 1.26999 -16.32 1.5
      vertex 0.889999 -4.75 1.5
      vertex 1.26999 -23.745 1.5
    endloop
  endfacet
  facet normal 0 0 1
    outer loop
      vertex 7.67999 -16.32 1.5
      vertex 0.889999 -4.75 1.5
      vertex 1.26999 -16.32 1.5
    endloop
  endfacet
  facet normal -0 0 1
    outer loop
      vertex 54.2775 -23.3075 1.5
      vertex 54.29 -35.15 1.5
      vertex 54.2775 -16.1475 1.5
    endloop
  endfacet
  facet normal -0 0 1
    outer loop
      vertex 47.6025 -23.3075 1.5
      vertex 54.29 -35.15 1.5
      vertex 54.2775 -23.3075 1.5
    endloop
  endfacet
  facet normal 0 0 1
    outer loop
      vertex 54.29 -35.15 1.5
      vertex 47.6025 -23.3075 1.5
      vertex 9.52441 -35.15 1.5
    endloop
  endfacet
  facet normal 0 0 1
    outer loop
      vertex 9.07463 -35.0534 1.5
      vertex 7.67999 -23.745 1.5
      vertex 8.96999 -35.05 1.5
    endloop
  endfacet
  facet normal 0 0 1
    outer loop
      vertex 7.67999 -23.745 1.5
      vertex 6.26999 -35.05 1.5
      vertex 8.96999 -35.05 1.5
    endloop
  endfacet
  facet normal 0 0 1
    outer loop
      vertex 7.67999 -23.745 1.5
      vertex 6.16534 -35.0534 1.5
      vertex 6.26999 -35.05 1.5
    endloop
  endfacet
  facet normal 0 0 1
    outer loop
      vertex 7.67999 -23.745 1.5
      vertex 6.06116 -35.0637 1.5
      vertex 6.16534 -35.0534 1.5
    endloop
  endfacet
  facet normal 0 0 1
    outer loop
      vertex 7.67999 -23.745 1.5
      vertex 5.95786 -35.0807 1.5
      vertex 6.06116 -35.0637 1.5
    endloop
  endfacet
  facet normal 0 0 1
    outer loop
      vertex 7.67999 -23.745 1.5
      vertex 5.85588 -35.1045 1.5
      vertex 5.95786 -35.0807 1.5
    endloop
  endfacet
  facet normal -0 0 1
    outer loop
      vertex 1.26999 -23.745 1.5
      vertex 5.85588 -35.1045 1.5
      vertex 7.67999 -23.745 1.5
    endloop
  endfacet
  facet normal 0 0 1
    outer loop
      vertex 5.85588 -35.1045 1.5
      vertex 1.26999 -23.745 1.5
      vertex 5.75569 -35.1349 1.5
    endloop
  endfacet
  facet normal 0 0 1
    outer loop
      vertex 5.75569 -35.1349 1.5
      vertex 1.26999 -23.745 1.5
      vertex 5.71558 -35.15 1.5
    endloop
  endfacet
  facet normal 0 0 1
    outer loop
      vertex 1.26999 -23.745 1.5
      vertex 0.889999 -35.15 1.5
      vertex 5.71558 -35.15 1.5
    endloop
  endfacet
  facet normal 0 0 1
    outer loop
      vertex 0.889999 -35.15 1.5
      vertex 1.26999 -23.745 1.5
      vertex 0.889999 -4.75 1.5
    endloop
  endfacet
  facet normal 0 1 -0
    outer loop
      vertex 5.71558 -35.15 1.5
      vertex 0.889999 -35.15 2.5
      vertex 5.71558 -35.15 2.5
    endloop
  endfacet
  facet normal 0 1 0
    outer loop
      vertex 0.889999 -35.15 2.5
      vertex 5.71558 -35.15 1.5
      vertex 0.889999 -35.15 1.5
    endloop
  endfacet
  facet normal 0 1 -0
    outer loop
      vertex 54.29 -35.15 1.5
      vertex 9.52441 -35.15 2.5
      vertex 54.29 -35.15 2.5
    endloop
  endfacet
  facet normal 0 1 0
    outer loop
      vertex 9.52441 -35.15 2.5
      vertex 54.29 -35.15 1.5
      vertex 9.52441 -35.15 1.5
    endloop
  endfacet
endsolid OpenSCAD_Model
